#! /c/Source/iverilog-install/bin/vvp
:ivl_version "14.0 (devel)";
:ivl_delay_selection "TYPICAL";
:vpi_time_precision - 12;
:vpi_module "C:\iverilog\lib\ivl\system.vpi";
:vpi_module "C:\iverilog\lib\ivl\vhdl_sys.vpi";
:vpi_module "C:\iverilog\lib\ivl\vhdl_textio.vpi";
:vpi_module "C:\iverilog\lib\ivl\v2005_math.vpi";
:vpi_module "C:\iverilog\lib\ivl\va_math.vpi";
S_000001F5E272EE30 .scope module, "tb_systolic_array_l3" "tb_systolic_array_l3" 2 3;
 .timescale -9 -12;
P_000001F5E2788510 .param/l "COLS" 0 2 5, +C4<00000000000000000000000000000110>;
P_000001F5E2788548 .param/l "LOAD_CYCLES" 0 2 6, +C4<00000000000000000000000000000110>;
P_000001F5E2788580 .param/l "ROWS" 0 2 4, +C4<00000000000000000000000000001010>;
v000001F5E283D3D0_0 .net "acc_out_right", 159 0, L_000001F5E289F710;  1 drivers
v000001F5E283C1B0_0 .var/i "c", 31 0;
v000001F5E283C070_0 .var "clk", 0 0;
v000001F5E283CBB0_0 .var/i "elapsed", 31 0;
v000001F5E283D8D0_0 .var/i "errors", 31 0;
v000001F5E283C610 .array/s "expected_outs", 9 0, 15 0;
v000001F5E283D650_0 .var "in_val_top", 95 0;
v000001F5E283C7F0 .array/s "input_vec", 5 0, 15 0;
v000001F5E283C890_0 .var "load_weight", 0 0;
v000001F5E283DBF0_0 .var/i "r", 31 0;
v000001F5E283DAB0_0 .var "rst", 0 0;
v000001F5E283C4D0_0 .var/i "wait_cycles", 31 0;
v000001F5E283BB70_0 .var "weight_in_left", 159 0;
v000001F5E283D510 .array/s "weight_mem", 59 0, 15 0;
E_000001F5E2773DC0 .event negedge, v000001F5E2786260_0;
S_000001F5E23AEE10 .scope module, "u_array" "systolic_array" 2 22, 3 3 0, S_000001F5E272EE30;
 .timescale -9 -12;
    .port_info 0 /INPUT 1 "clk";
    .port_info 1 /INPUT 1 "rst";
    .port_info 2 /INPUT 1 "load_weight";
    .port_info 3 /INPUT 160 "weight_in_left";
    .port_info 4 /INPUT 96 "in_val_top";
    .port_info 5 /OUTPUT 160 "acc_out_right";
P_000001F5E2789020 .param/l "COLS" 0 3 5, +C4<00000000000000000000000000000110>;
P_000001F5E2789058 .param/l "ROWS" 0 3 4, +C4<00000000000000000000000000001010>;
v000001F5E283D0B0_0 .net "acc_out_right", 159 0, L_000001F5E289F710;  alias, 1 drivers
v000001F5E283DDD0_0 .net "clk", 0 0, v000001F5E283C070_0;  1 drivers
v000001F5E283D6F0_0 .net "in_val_top", 95 0, v000001F5E283D650_0;  1 drivers
v000001F5E283C110_0 .net "load_weight", 0 0, v000001F5E283C890_0;  1 drivers
v000001F5E283C430_0 .net "rst", 0 0, v000001F5E283DAB0_0;  1 drivers
v000001F5E283D470 .array "w_wire", 69 0;
v000001F5E283D470_0 .net/s v000001F5E283D470 0, 15 0, L_000001F5E283D5B0; 1 drivers
v000001F5E283D470_1 .net/s v000001F5E283D470 1, 15 0, v000001F5E2785FE0_0; 1 drivers
v000001F5E283D470_2 .net/s v000001F5E283D470 2, 15 0, v000001F5E2786A80_0; 1 drivers
v000001F5E283D470_3 .net/s v000001F5E283D470 3, 15 0, v000001F5E26ACA00_0; 1 drivers
v000001F5E283D470_4 .net/s v000001F5E283D470 4, 15 0, v000001F5E26DAA20_0; 1 drivers
v000001F5E283D470_5 .net/s v000001F5E283D470 5, 15 0, v000001F5E26DA7A0_0; 1 drivers
v000001F5E283D470_6 .net/s v000001F5E283D470 6, 15 0, v000001F5E26F7DD0_0; 1 drivers
v000001F5E283D470_7 .net/s v000001F5E283D470 7, 15 0, L_000001F5E283CCF0; 1 drivers
v000001F5E283D470_8 .net/s v000001F5E283D470 8, 15 0, v000001F5E27259E0_0; 1 drivers
v000001F5E283D470_9 .net/s v000001F5E283D470 9, 15 0, v000001F5E2689A40_0; 1 drivers
v000001F5E283D470_10 .net/s v000001F5E283D470 10, 15 0, v000001F5E267F8B0_0; 1 drivers
v000001F5E283D470_11 .net/s v000001F5E283D470 11, 15 0, v000001F5E27E5590_0; 1 drivers
v000001F5E283D470_12 .net/s v000001F5E283D470 12, 15 0, v000001F5E27E4550_0; 1 drivers
v000001F5E283D470_13 .net/s v000001F5E283D470 13, 15 0, v000001F5E27F0940_0; 1 drivers
v000001F5E283D470_14 .net/s v000001F5E283D470 14, 15 0, L_000001F5E2836A30; 1 drivers
v000001F5E283D470_15 .net/s v000001F5E283D470 15, 15 0, v000001F5E27F0F80_0; 1 drivers
v000001F5E283D470_16 .net/s v000001F5E283D470 16, 15 0, v000001F5E27F08A0_0; 1 drivers
v000001F5E283D470_17 .net/s v000001F5E283D470 17, 15 0, v000001F5E27F3220_0; 1 drivers
v000001F5E283D470_18 .net/s v000001F5E283D470 18, 15 0, v000001F5E27F2960_0; 1 drivers
v000001F5E283D470_19 .net/s v000001F5E283D470 19, 15 0, v000001F5E27F1EC0_0; 1 drivers
v000001F5E283D470_20 .net/s v000001F5E283D470 20, 15 0, v000001F5E27F4080_0; 1 drivers
v000001F5E283D470_21 .net/s v000001F5E283D470 21, 15 0, L_000001F5E2838AB0; 1 drivers
v000001F5E283D470_22 .net/s v000001F5E283D470 22, 15 0, v000001F5E27F4A80_0; 1 drivers
v000001F5E283D470_23 .net/s v000001F5E283D470 23, 15 0, v000001F5E27F4BC0_0; 1 drivers
v000001F5E283D470_24 .net/s v000001F5E283D470 24, 15 0, v000001F5E27F8370_0; 1 drivers
v000001F5E283D470_25 .net/s v000001F5E283D470 25, 15 0, v000001F5E27F8230_0; 1 drivers
v000001F5E283D470_26 .net/s v000001F5E283D470 26, 15 0, v000001F5E27F9DB0_0; 1 drivers
v000001F5E283D470_27 .net/s v000001F5E283D470 27, 15 0, v000001F5E27FB570_0; 1 drivers
v000001F5E283D470_28 .net/s v000001F5E283D470 28, 15 0, L_000001F5E2837D90; 1 drivers
v000001F5E283D470_29 .net/s v000001F5E283D470 29, 15 0, v000001F5E27FB750_0; 1 drivers
v000001F5E283D470_30 .net/s v000001F5E283D470 30, 15 0, v000001F5E27FDFD0_0; 1 drivers
v000001F5E283D470_31 .net/s v000001F5E283D470 31, 15 0, v000001F5E27FF0B0_0; 1 drivers
v000001F5E283D470_32 .net/s v000001F5E283D470 32, 15 0, v000001F5E27FF970_0; 1 drivers
v000001F5E283D470_33 .net/s v000001F5E283D470 33, 15 0, v000001F5E2800370_0; 1 drivers
v000001F5E283D470_34 .net/s v000001F5E283D470 34, 15 0, v000001F5E2801090_0; 1 drivers
v000001F5E283D470_35 .net/s v000001F5E283D470 35, 15 0, L_000001F5E2837430; 1 drivers
v000001F5E283D470_36 .net/s v000001F5E283D470 36, 15 0, v000001F5E2800910_0; 1 drivers
v000001F5E283D470_37 .net/s v000001F5E283D470 37, 15 0, v000001F5E2815EA0_0; 1 drivers
v000001F5E283D470_38 .net/s v000001F5E283D470 38, 15 0, v000001F5E2816300_0; 1 drivers
v000001F5E283D470_39 .net/s v000001F5E283D470 39, 15 0, v000001F5E2816260_0; 1 drivers
v000001F5E283D470_40 .net/s v000001F5E283D470 40, 15 0, v000001F5E28168A0_0; 1 drivers
v000001F5E283D470_41 .net/s v000001F5E283D470 41, 15 0, v000001F5E2817520_0; 1 drivers
v000001F5E283D470_42 .net/s v000001F5E283D470 42, 15 0, L_000001F5E283ABD0; 1 drivers
v000001F5E283D470_43 .net/s v000001F5E283D470 43, 15 0, v000001F5E2820CE0_0; 1 drivers
v000001F5E283D470_44 .net/s v000001F5E283D470 44, 15 0, v000001F5E281FA20_0; 1 drivers
v000001F5E283D470_45 .net/s v000001F5E283D470 45, 15 0, v000001F5E281FE80_0; 1 drivers
v000001F5E283D470_46 .net/s v000001F5E283D470 46, 15 0, v000001F5E281F520_0; 1 drivers
v000001F5E283D470_47 .net/s v000001F5E283D470 47, 15 0, v000001F5E2821FA0_0; 1 drivers
v000001F5E283D470_48 .net/s v000001F5E283D470 48, 15 0, v000001F5E281A7A0_0; 1 drivers
v000001F5E283D470_49 .net/s v000001F5E283D470 49, 15 0, L_000001F5E283AA90; 1 drivers
v000001F5E283D470_50 .net/s v000001F5E283D470 50, 15 0, v000001F5E281B240_0; 1 drivers
v000001F5E283D470_51 .net/s v000001F5E283D470 51, 15 0, v000001F5E281B560_0; 1 drivers
v000001F5E283D470_52 .net/s v000001F5E283D470 52, 15 0, v000001F5E281CDC0_0; 1 drivers
v000001F5E283D470_53 .net/s v000001F5E283D470 53, 15 0, v000001F5E281EDA0_0; 1 drivers
v000001F5E283D470_54 .net/s v000001F5E283D470 54, 15 0, v000001F5E281E620_0; 1 drivers
v000001F5E283D470_55 .net/s v000001F5E283D470 55, 15 0, v000001F5E281E120_0; 1 drivers
v000001F5E283D470_56 .net/s v000001F5E283D470 56, 15 0, L_000001F5E2839870; 1 drivers
v000001F5E283D470_57 .net/s v000001F5E283D470 57, 15 0, v000001F5E282B8E0_0; 1 drivers
v000001F5E283D470_58 .net/s v000001F5E283D470 58, 15 0, v000001F5E282BAC0_0; 1 drivers
v000001F5E283D470_59 .net/s v000001F5E283D470 59, 15 0, v000001F5E282C6A0_0; 1 drivers
v000001F5E283D470_60 .net/s v000001F5E283D470 60, 15 0, v000001F5E282E4A0_0; 1 drivers
v000001F5E283D470_61 .net/s v000001F5E283D470 61, 15 0, v000001F5E282FF80_0; 1 drivers
v000001F5E283D470_62 .net/s v000001F5E283D470 62, 15 0, v000001F5E282DA00_0; 1 drivers
v000001F5E283D470_63 .net/s v000001F5E283D470 63, 15 0, L_000001F5E289F170; 1 drivers
v000001F5E283D470_64 .net/s v000001F5E283D470 64, 15 0, v000001F5E282E720_0; 1 drivers
v000001F5E283D470_65 .net/s v000001F5E283D470 65, 15 0, v000001F5E282AEE0_0; 1 drivers
v000001F5E283D470_66 .net/s v000001F5E283D470 66, 15 0, v000001F5E282A6C0_0; 1 drivers
v000001F5E283D470_67 .net/s v000001F5E283D470 67, 15 0, v000001F5E282A9E0_0; 1 drivers
v000001F5E283D470_68 .net/s v000001F5E283D470 68, 15 0, v000001F5E2828E60_0; 1 drivers
v000001F5E283D470_69 .net/s v000001F5E283D470 69, 15 0, v000001F5E283C750_0; 1 drivers
v000001F5E283C2F0_0 .net "weight_in_left", 159 0, v000001F5E283BB70_0;  1 drivers
v000001F5E283B8F0 .array "x_wire", 65 0;
v000001F5E283B8F0_0 .net/s v000001F5E283B8F0 0, 15 0, L_000001F5E283C930; 1 drivers
v000001F5E283B8F0_1 .net/s v000001F5E283B8F0 1, 15 0, L_000001F5E283DE70; 1 drivers
v000001F5E283B8F0_2 .net/s v000001F5E283B8F0 2, 15 0, L_000001F5E283D1F0; 1 drivers
v000001F5E283B8F0_3 .net/s v000001F5E283B8F0 3, 15 0, L_000001F5E283BAD0; 1 drivers
v000001F5E283B8F0_4 .net/s v000001F5E283B8F0 4, 15 0, L_000001F5E283CA70; 1 drivers
v000001F5E283B8F0_5 .net/s v000001F5E283B8F0 5, 15 0, L_000001F5E283D330; 1 drivers
v000001F5E283B8F0_6 .net/s v000001F5E283B8F0 6, 15 0, v000001F5E2786940_0; 1 drivers
v000001F5E283B8F0_7 .net/s v000001F5E283B8F0 7, 15 0, v000001F5E27855E0_0; 1 drivers
v000001F5E283B8F0_8 .net/s v000001F5E283B8F0 8, 15 0, v000001F5E26AC3C0_0; 1 drivers
v000001F5E283B8F0_9 .net/s v000001F5E283B8F0 9, 15 0, v000001F5E26AB4C0_0; 1 drivers
v000001F5E283B8F0_10 .net/s v000001F5E283B8F0 10, 15 0, v000001F5E26DB560_0; 1 drivers
v000001F5E283B8F0_11 .net/s v000001F5E283B8F0 11, 15 0, v000001F5E26F8EB0_0; 1 drivers
v000001F5E283B8F0_12 .net/s v000001F5E283B8F0 12, 15 0, v000001F5E2725800_0; 1 drivers
v000001F5E283B8F0_13 .net/s v000001F5E283B8F0 13, 15 0, v000001F5E2689540_0; 1 drivers
v000001F5E283B8F0_14 .net/s v000001F5E283B8F0 14, 15 0, v000001F5E268A260_0; 1 drivers
v000001F5E283B8F0_15 .net/s v000001F5E283B8F0 15, 15 0, v000001F5E27E4EB0_0; 1 drivers
v000001F5E283B8F0_16 .net/s v000001F5E283B8F0 16, 15 0, v000001F5E27E4C30_0; 1 drivers
v000001F5E283B8F0_17 .net/s v000001F5E283B8F0 17, 15 0, v000001F5E27E4410_0; 1 drivers
v000001F5E283B8F0_18 .net/s v000001F5E283B8F0 18, 15 0, v000001F5E27EFA40_0; 1 drivers
v000001F5E283B8F0_19 .net/s v000001F5E283B8F0 19, 15 0, v000001F5E27F1840_0; 1 drivers
v000001F5E283B8F0_20 .net/s v000001F5E283B8F0 20, 15 0, v000001F5E27F3CC0_0; 1 drivers
v000001F5E283B8F0_21 .net/s v000001F5E283B8F0 21, 15 0, v000001F5E27F3A40_0; 1 drivers
v000001F5E283B8F0_22 .net/s v000001F5E283B8F0 22, 15 0, v000001F5E27F3180_0; 1 drivers
v000001F5E283B8F0_23 .net/s v000001F5E283B8F0 23, 15 0, v000001F5E27F3680_0; 1 drivers
v000001F5E283B8F0_24 .net/s v000001F5E283B8F0 24, 15 0, v000001F5E27F4DA0_0; 1 drivers
v000001F5E283B8F0_25 .net/s v000001F5E283B8F0 25, 15 0, v000001F5E27F5200_0; 1 drivers
v000001F5E283B8F0_26 .net/s v000001F5E283B8F0 26, 15 0, v000001F5E27F8E10_0; 1 drivers
v000001F5E283B8F0_27 .net/s v000001F5E283B8F0 27, 15 0, v000001F5E27F8050_0; 1 drivers
v000001F5E283B8F0_28 .net/s v000001F5E283B8F0 28, 15 0, v000001F5E27F9770_0; 1 drivers
v000001F5E283B8F0_29 .net/s v000001F5E283B8F0 29, 15 0, v000001F5E27F8F50_0; 1 drivers
v000001F5E283B8F0_30 .net/s v000001F5E283B8F0 30, 15 0, v000001F5E27FB890_0; 1 drivers
v000001F5E283B8F0_31 .net/s v000001F5E283B8F0 31, 15 0, v000001F5E27FA990_0; 1 drivers
v000001F5E283B8F0_32 .net/s v000001F5E283B8F0 32, 15 0, v000001F5E27FEB10_0; 1 drivers
v000001F5E283B8F0_33 .net/s v000001F5E283B8F0 33, 15 0, v000001F5E27FF510_0; 1 drivers
v000001F5E283B8F0_34 .net/s v000001F5E283B8F0 34, 15 0, v000001F5E27FF790_0; 1 drivers
v000001F5E283B8F0_35 .net/s v000001F5E283B8F0 35, 15 0, v000001F5E2800F50_0; 1 drivers
v000001F5E283B8F0_36 .net/s v000001F5E283B8F0 36, 15 0, v000001F5E2800E10_0; 1 drivers
v000001F5E283B8F0_37 .net/s v000001F5E283B8F0 37, 15 0, v000001F5E2814DC0_0; 1 drivers
v000001F5E283B8F0_38 .net/s v000001F5E283B8F0 38, 15 0, v000001F5E2813C40_0; 1 drivers
v000001F5E283B8F0_39 .net/s v000001F5E283B8F0 39, 15 0, v000001F5E2815E00_0; 1 drivers
v000001F5E283B8F0_40 .net/s v000001F5E283B8F0 40, 15 0, v000001F5E2814820_0; 1 drivers
v000001F5E283B8F0_41 .net/s v000001F5E283B8F0 41, 15 0, v000001F5E2817340_0; 1 drivers
v000001F5E283B8F0_42 .net/s v000001F5E283B8F0 42, 15 0, v000001F5E2816BC0_0; 1 drivers
v000001F5E283B8F0_43 .net/s v000001F5E283B8F0 43, 15 0, v000001F5E281F660_0; 1 drivers
v000001F5E283B8F0_44 .net/s v000001F5E283B8F0 44, 15 0, v000001F5E2821460_0; 1 drivers
v000001F5E283B8F0_45 .net/s v000001F5E283B8F0 45, 15 0, v000001F5E2821A00_0; 1 drivers
v000001F5E283B8F0_46 .net/s v000001F5E283B8F0 46, 15 0, v000001F5E2821F00_0; 1 drivers
v000001F5E283B8F0_47 .net/s v000001F5E283B8F0 47, 15 0, v000001F5E281AB60_0; 1 drivers
v000001F5E283B8F0_48 .net/s v000001F5E283B8F0 48, 15 0, v000001F5E281AC00_0; 1 drivers
v000001F5E283B8F0_49 .net/s v000001F5E283B8F0 49, 15 0, v000001F5E281C280_0; 1 drivers
v000001F5E283B8F0_50 .net/s v000001F5E283B8F0 50, 15 0, v000001F5E281D360_0; 1 drivers
v000001F5E283B8F0_51 .net/s v000001F5E283B8F0 51, 15 0, v000001F5E281F0C0_0; 1 drivers
v000001F5E283B8F0_52 .net/s v000001F5E283B8F0 52, 15 0, v000001F5E281D5E0_0; 1 drivers
v000001F5E283B8F0_53 .net/s v000001F5E283B8F0 53, 15 0, v000001F5E281F020_0; 1 drivers
v000001F5E283B8F0_54 .net/s v000001F5E283B8F0 54, 15 0, v000001F5E282D000_0; 1 drivers
v000001F5E283B8F0_55 .net/s v000001F5E283B8F0 55, 15 0, v000001F5E282C880_0; 1 drivers
v000001F5E283B8F0_56 .net/s v000001F5E283B8F0 56, 15 0, v000001F5E282D6E0_0; 1 drivers
v000001F5E283B8F0_57 .net/s v000001F5E283B8F0 57, 15 0, v000001F5E282FB20_0; 1 drivers
v000001F5E283B8F0_58 .net/s v000001F5E283B8F0 58, 15 0, v000001F5E282FC60_0; 1 drivers
v000001F5E283B8F0_59 .net/s v000001F5E283B8F0 59, 15 0, v000001F5E282FE40_0; 1 drivers
v000001F5E283B8F0_60 .net/s v000001F5E283B8F0 60, 15 0, v000001F5E282E220_0; 1 drivers
v000001F5E283B8F0_61 .net/s v000001F5E283B8F0 61, 15 0, v000001F5E28303E0_0; 1 drivers
v000001F5E283B8F0_62 .net/s v000001F5E283B8F0 62, 15 0, v000001F5E282A260_0; 1 drivers
v000001F5E283B8F0_63 .net/s v000001F5E283B8F0 63, 15 0, v000001F5E282A580_0; 1 drivers
v000001F5E283B8F0_64 .net/s v000001F5E283B8F0 64, 15 0, v000001F5E2828D20_0; 1 drivers
v000001F5E283B8F0_65 .net/s v000001F5E283B8F0 65, 15 0, v000001F5E283BFD0_0; 1 drivers
L_000001F5E283EF48 .functor BUFT 1, C4<0000000000000000>, C4<0>, C4<0>, C4<0>;
v000001F5E283DC90 .array "y_wire", 69 0;
v000001F5E283DC90_0 .net/s v000001F5E283DC90 0, 15 0, L_000001F5E283EF48; 1 drivers
v000001F5E283DC90_1 .net/s v000001F5E283DC90 1, 15 0, v000001F5E2785720_0; 1 drivers
v000001F5E283DC90_2 .net/s v000001F5E283DC90 2, 15 0, v000001F5E2786580_0; 1 drivers
v000001F5E283DC90_3 .net/s v000001F5E283DC90 3, 15 0, v000001F5E2785900_0; 1 drivers
v000001F5E283DC90_4 .net/s v000001F5E283DC90 4, 15 0, v000001F5E26AC000_0; 1 drivers
v000001F5E283DC90_5 .net/s v000001F5E283DC90 5, 15 0, v000001F5E26DB600_0; 1 drivers
v000001F5E283DC90_6 .net/s v000001F5E283DC90 6, 15 0, v000001F5E26F9590_0; 1 drivers
L_000001F5E283EF90 .functor BUFT 1, C4<0000000000000000>, C4<0>, C4<0>, C4<0>;
v000001F5E283DC90_7 .net/s v000001F5E283DC90 7, 15 0, L_000001F5E283EF90; 1 drivers
v000001F5E283DC90_8 .net/s v000001F5E283DC90 8, 15 0, v000001F5E2725120_0; 1 drivers
v000001F5E283DC90_9 .net/s v000001F5E283DC90 9, 15 0, v000001F5E2726020_0; 1 drivers
v000001F5E283DC90_10 .net/s v000001F5E283DC90 10, 15 0, v000001F5E2689400_0; 1 drivers
v000001F5E283DC90_11 .net/s v000001F5E283DC90 11, 15 0, v000001F5E27E3FB0_0; 1 drivers
v000001F5E283DC90_12 .net/s v000001F5E283DC90 12, 15 0, v000001F5E27E5270_0; 1 drivers
v000001F5E283DC90_13 .net/s v000001F5E283DC90 13, 15 0, v000001F5E27E4230_0; 1 drivers
L_000001F5E283EFD8 .functor BUFT 1, C4<0000000000000000>, C4<0>, C4<0>, C4<0>;
v000001F5E283DC90_14 .net/s v000001F5E283DC90 14, 15 0, L_000001F5E283EFD8; 1 drivers
v000001F5E283DC90_15 .net/s v000001F5E283DC90 15, 15 0, v000001F5E27F06C0_0; 1 drivers
v000001F5E283DC90_16 .net/s v000001F5E283DC90 16, 15 0, v000001F5E27F0B20_0; 1 drivers
v000001F5E283DC90_17 .net/s v000001F5E283DC90 17, 15 0, v000001F5E27F0580_0; 1 drivers
v000001F5E283DC90_18 .net/s v000001F5E283DC90 18, 15 0, v000001F5E27F3400_0; 1 drivers
v000001F5E283DC90_19 .net/s v000001F5E283DC90 19, 15 0, v000001F5E27F2E60_0; 1 drivers
v000001F5E283DC90_20 .net/s v000001F5E283DC90 20, 15 0, v000001F5E27F2DC0_0; 1 drivers
L_000001F5E283F020 .functor BUFT 1, C4<0000000000000000>, C4<0>, C4<0>, C4<0>;
v000001F5E283DC90_21 .net/s v000001F5E283DC90 21, 15 0, L_000001F5E283F020; 1 drivers
v000001F5E283DC90_22 .net/s v000001F5E283DC90 22, 15 0, v000001F5E27F4620_0; 1 drivers
v000001F5E283DC90_23 .net/s v000001F5E283DC90 23, 15 0, v000001F5E27F57A0_0; 1 drivers
v000001F5E283DC90_24 .net/s v000001F5E283DC90 24, 15 0, v000001F5E27F99F0_0; 1 drivers
v000001F5E283DC90_25 .net/s v000001F5E283DC90 25, 15 0, v000001F5E27FA170_0; 1 drivers
v000001F5E283DC90_26 .net/s v000001F5E283DC90 26, 15 0, v000001F5E27F8550_0; 1 drivers
v000001F5E283DC90_27 .net/s v000001F5E283DC90 27, 15 0, v000001F5E27F8D70_0; 1 drivers
L_000001F5E283F068 .functor BUFT 1, C4<0000000000000000>, C4<0>, C4<0>, C4<0>;
v000001F5E283DC90_28 .net/s v000001F5E283DC90 28, 15 0, L_000001F5E283F068; 1 drivers
v000001F5E283DC90_29 .net/s v000001F5E283DC90 29, 15 0, v000001F5E27FAFD0_0; 1 drivers
v000001F5E283DC90_30 .net/s v000001F5E283DC90 30, 15 0, v000001F5E27FBA70_0; 1 drivers
v000001F5E283DC90_31 .net/s v000001F5E283DC90 31, 15 0, v000001F5E27FE390_0; 1 drivers
v000001F5E283DC90_32 .net/s v000001F5E283DC90 32, 15 0, v000001F5E28000F0_0; 1 drivers
v000001F5E283DC90_33 .net/s v000001F5E283DC90 33, 15 0, v000001F5E27FDE90_0; 1 drivers
v000001F5E283DC90_34 .net/s v000001F5E283DC90 34, 15 0, v000001F5E2800D70_0; 1 drivers
L_000001F5E283F0B0 .functor BUFT 1, C4<0000000000000000>, C4<0>, C4<0>, C4<0>;
v000001F5E283DC90_35 .net/s v000001F5E283DC90 35, 15 0, L_000001F5E283F0B0; 1 drivers
v000001F5E283DC90_36 .net/s v000001F5E283DC90 36, 15 0, v000001F5E2800C30_0; 1 drivers
v000001F5E283DC90_37 .net/s v000001F5E283DC90 37, 15 0, v000001F5E2814D20_0; 1 drivers
v000001F5E283DC90_38 .net/s v000001F5E283DC90 38, 15 0, v000001F5E2815680_0; 1 drivers
v000001F5E283DC90_39 .net/s v000001F5E283DC90 39, 15 0, v000001F5E2814A00_0; 1 drivers
v000001F5E283DC90_40 .net/s v000001F5E283DC90 40, 15 0, v000001F5E2814B40_0; 1 drivers
v000001F5E283DC90_41 .net/s v000001F5E283DC90 41, 15 0, v000001F5E2816800_0; 1 drivers
L_000001F5E283F0F8 .functor BUFT 1, C4<0000000000000000>, C4<0>, C4<0>, C4<0>;
v000001F5E283DC90_42 .net/s v000001F5E283DC90 42, 15 0, L_000001F5E283F0F8; 1 drivers
v000001F5E283DC90_43 .net/s v000001F5E283DC90 43, 15 0, v000001F5E2817AC0_0; 1 drivers
v000001F5E283DC90_44 .net/s v000001F5E283DC90 44, 15 0, v000001F5E2821280_0; 1 drivers
v000001F5E283DC90_45 .net/s v000001F5E283DC90 45, 15 0, v000001F5E2820BA0_0; 1 drivers
v000001F5E283DC90_46 .net/s v000001F5E283DC90 46, 15 0, v000001F5E2820C40_0; 1 drivers
v000001F5E283DC90_47 .net/s v000001F5E283DC90 47, 15 0, v000001F5E28220E0_0; 1 drivers
v000001F5E283DC90_48 .net/s v000001F5E283DC90 48, 15 0, v000001F5E281A5C0_0; 1 drivers
L_000001F5E283F140 .functor BUFT 1, C4<0000000000000000>, C4<0>, C4<0>, C4<0>;
v000001F5E283DC90_49 .net/s v000001F5E283DC90 49, 15 0, L_000001F5E283F140; 1 drivers
v000001F5E283DC90_50 .net/s v000001F5E283DC90 50, 15 0, v000001F5E281A520_0; 1 drivers
v000001F5E283DC90_51 .net/s v000001F5E283DC90 51, 15 0, v000001F5E281AFC0_0; 1 drivers
v000001F5E283DC90_52 .net/s v000001F5E283DC90 52, 15 0, v000001F5E281B9C0_0; 1 drivers
v000001F5E283DC90_53 .net/s v000001F5E283DC90 53, 15 0, v000001F5E281EEE0_0; 1 drivers
v000001F5E283DC90_54 .net/s v000001F5E283DC90 54, 15 0, v000001F5E281D540_0; 1 drivers
v000001F5E283DC90_55 .net/s v000001F5E283DC90 55, 15 0, v000001F5E281E3A0_0; 1 drivers
L_000001F5E283F188 .functor BUFT 1, C4<0000000000000000>, C4<0>, C4<0>, C4<0>;
v000001F5E283DC90_56 .net/s v000001F5E283DC90 56, 15 0, L_000001F5E283F188; 1 drivers
v000001F5E283DC90_57 .net/s v000001F5E283DC90 57, 15 0, v000001F5E282B2A0_0; 1 drivers
v000001F5E283DC90_58 .net/s v000001F5E283DC90 58, 15 0, v000001F5E282C920_0; 1 drivers
v000001F5E283DC90_59 .net/s v000001F5E283DC90 59, 15 0, v000001F5E282D500_0; 1 drivers
v000001F5E283DC90_60 .net/s v000001F5E283DC90 60, 15 0, v000001F5E282B840_0; 1 drivers
v000001F5E283DC90_61 .net/s v000001F5E283DC90 61, 15 0, v000001F5E282E680_0; 1 drivers
v000001F5E283DC90_62 .net/s v000001F5E283DC90 62, 15 0, v000001F5E282F6C0_0; 1 drivers
L_000001F5E283F1D0 .functor BUFT 1, C4<0000000000000000>, C4<0>, C4<0>, C4<0>;
v000001F5E283DC90_63 .net/s v000001F5E283DC90 63, 15 0, L_000001F5E283F1D0; 1 drivers
v000001F5E283DC90_64 .net/s v000001F5E283DC90 64, 15 0, v000001F5E282DFA0_0; 1 drivers
v000001F5E283DC90_65 .net/s v000001F5E283DC90 65, 15 0, v000001F5E2830160_0; 1 drivers
v000001F5E283DC90_66 .net/s v000001F5E283DC90 66, 15 0, v000001F5E282A3A0_0; 1 drivers
v000001F5E283DC90_67 .net/s v000001F5E283DC90 67, 15 0, v000001F5E282ADA0_0; 1 drivers
v000001F5E283DC90_68 .net/s v000001F5E283DC90 68, 15 0, v000001F5E28297C0_0; 1 drivers
v000001F5E283DC90_69 .net/s v000001F5E283DC90 69, 15 0, v000001F5E283E050_0; 1 drivers
L_000001F5E283D5B0 .part v000001F5E283BB70_0, 0, 16;
L_000001F5E283C930 .part v000001F5E283D650_0, 0, 16;
L_000001F5E283DE70 .part v000001F5E283D650_0, 16, 16;
L_000001F5E283D1F0 .part v000001F5E283D650_0, 32, 16;
L_000001F5E283BAD0 .part v000001F5E283D650_0, 48, 16;
L_000001F5E283CA70 .part v000001F5E283D650_0, 64, 16;
L_000001F5E283D330 .part v000001F5E283D650_0, 80, 16;
L_000001F5E283CCF0 .part v000001F5E283BB70_0, 16, 16;
L_000001F5E2836A30 .part v000001F5E283BB70_0, 32, 16;
L_000001F5E2838AB0 .part v000001F5E283BB70_0, 48, 16;
L_000001F5E2837D90 .part v000001F5E283BB70_0, 64, 16;
L_000001F5E2837430 .part v000001F5E283BB70_0, 80, 16;
L_000001F5E283ABD0 .part v000001F5E283BB70_0, 96, 16;
L_000001F5E283AA90 .part v000001F5E283BB70_0, 112, 16;
L_000001F5E2839870 .part v000001F5E283BB70_0, 128, 16;
L_000001F5E289F170 .part v000001F5E283BB70_0, 144, 16;
LS_000001F5E289F710_0_0 .concat8 [ 16 16 16 16], L_000001F5E26AD520, L_000001F5E26AD980, L_000001F5E26DD2A0, L_000001F5E26DD620;
LS_000001F5E289F710_0_4 .concat8 [ 16 16 16 16], L_000001F5E26DC7B0, L_000001F5E26DCC10, L_000001F5E26DCD60, L_000001F5E26DCC80;
LS_000001F5E289F710_0_8 .concat8 [ 16 16 0 0], L_000001F5E26DC970, L_000001F5E26DCF90;
L_000001F5E289F710 .concat8 [ 64 64 32 0], LS_000001F5E289F710_0_0, LS_000001F5E289F710_0_4, LS_000001F5E289F710_0_8;
S_000001F5E278BBF0 .scope generate, "gen_row[0]" "gen_row[0]" 3 22, 3 22 0, S_000001F5E23AEE10;
 .timescale -9 -12;
P_000001F5E2773E00 .param/l "r" 1 3 22, +C4<00>;
L_000001F5E26AD520 .functor BUFZ 16, v000001F5E26F9590_0, C4<0000000000000000>, C4<0000000000000000>, C4<0000000000000000>;
v000001F5E26F7E70_0 .net *"_ivl_7", 15 0, L_000001F5E26AD520;  1 drivers
S_000001F5E27880F0 .scope generate, "gen_col[0]" "gen_col[0]" 3 27, 3 27 0, S_000001F5E278BBF0;
 .timescale -9 -12;
P_000001F5E2773F40 .param/l "c" 1 3 27, +C4<00>;
S_000001F5E2305090 .scope generate, "genblk1" "genblk1" 3 28, 3 28 0, S_000001F5E27880F0;
 .timescale -9 -12;
S_000001F5E22DE250 .scope module, "pe_inst" "systolic_pe" 3 32, 4 3 0, S_000001F5E27880F0;
 .timescale -9 -12;
    .port_info 0 /INPUT 1 "clk";
    .port_info 1 /INPUT 1 "rst";
    .port_info 2 /INPUT 1 "load_weight";
    .port_info 3 /INPUT 16 "weight_in";
    .port_info 4 /INPUT 16 "in_val_in";
    .port_info 5 /INPUT 16 "acc_in";
    .port_info 6 /OUTPUT 16 "weight_out";
    .port_info 7 /OUTPUT 16 "in_val_out";
    .port_info 8 /OUTPUT 16 "acc_out";
v000001F5E2787160_0 .net/s "acc_in", 15 0, L_000001F5E283EF48;  alias, 1 drivers
v000001F5E2785720_0 .var/s "acc_out", 15 0;
v000001F5E2786260_0 .net "clk", 0 0, v000001F5E283C070_0;  alias, 1 drivers
v000001F5E27864E0_0 .net/s "in_val_in", 15 0, L_000001F5E283C930;  alias, 1 drivers
v000001F5E2786940_0 .var/s "in_val_out", 15 0;
v000001F5E27857C0_0 .net "load_weight", 0 0, v000001F5E283C890_0;  alias, 1 drivers
v000001F5E2786300_0 .net/s "mac_result", 15 0, v000001F5E2787020_0;  1 drivers
v000001F5E2786760_0 .net "rst", 0 0, v000001F5E283DAB0_0;  alias, 1 drivers
v000001F5E2786BC0_0 .var/s "stationary_weight", 15 0;
v000001F5E2786C60_0 .net/s "weight_in", 15 0, L_000001F5E283D5B0;  alias, 1 drivers
v000001F5E2785FE0_0 .var/s "weight_out", 15 0;
E_000001F5E2773540 .event posedge, v000001F5E2786760_0, v000001F5E2786260_0;
S_000001F5E22DE3E0 .scope module, "core_mac" "mac_q4_12" 4 19, 5 1 0, S_000001F5E22DE250;
 .timescale -9 -12;
    .port_info 0 /INPUT 16 "weight";
    .port_info 1 /INPUT 16 "in_val";
    .port_info 2 /INPUT 16 "acc_in";
    .port_info 3 /OUTPUT 16 "acc_out";
v000001F5E2785680_0 .net/s *"_ivl_0", 31 0, L_000001F5E283CED0;  1 drivers
v000001F5E27866C0_0 .net/s *"_ivl_2", 31 0, L_000001F5E283D790;  1 drivers
v000001F5E27861C0_0 .net/s "acc_in", 15 0, L_000001F5E283EF48;  alias, 1 drivers
v000001F5E2787020_0 .var/s "acc_out", 15 0;
v000001F5E2786EE0_0 .net/s "in_val", 15 0, L_000001F5E283C930;  alias, 1 drivers
v000001F5E2785D60_0 .net/s "product", 31 0, L_000001F5E283D970;  1 drivers
v000001F5E2786E40_0 .net/s "weight", 15 0, v000001F5E2786BC0_0;  1 drivers
E_000001F5E2773FC0 .event anyedge, v000001F5E27861C0_0, v000001F5E2785D60_0;
L_000001F5E283CED0 .extend/s 32, v000001F5E2786BC0_0;
L_000001F5E283D790 .extend/s 32, L_000001F5E283C930;
L_000001F5E283D970 .arith/mult 32, L_000001F5E283CED0, L_000001F5E283D790;
S_000001F5E22DE570 .scope generate, "gen_col[1]" "gen_col[1]" 3 27, 3 27 0, S_000001F5E278BBF0;
 .timescale -9 -12;
P_000001F5E2773180 .param/l "c" 1 3 27, +C4<01>;
S_000001F5E232E930 .scope generate, "genblk1" "genblk1" 3 28, 3 28 0, S_000001F5E22DE570;
 .timescale -9 -12;
S_000001F5E232EAC0 .scope module, "pe_inst" "systolic_pe" 3 32, 4 3 0, S_000001F5E22DE570;
 .timescale -9 -12;
    .port_info 0 /INPUT 1 "clk";
    .port_info 1 /INPUT 1 "rst";
    .port_info 2 /INPUT 1 "load_weight";
    .port_info 3 /INPUT 16 "weight_in";
    .port_info 4 /INPUT 16 "in_val_in";
    .port_info 5 /INPUT 16 "acc_in";
    .port_info 6 /OUTPUT 16 "weight_out";
    .port_info 7 /OUTPUT 16 "in_val_out";
    .port_info 8 /OUTPUT 16 "acc_out";
v000001F5E27863A0_0 .net/s "acc_in", 15 0, v000001F5E2785720_0;  alias, 1 drivers
v000001F5E2786580_0 .var/s "acc_out", 15 0;
v000001F5E27870C0_0 .net "clk", 0 0, v000001F5E283C070_0;  alias, 1 drivers
v000001F5E2786440_0 .net/s "in_val_in", 15 0, L_000001F5E283DE70;  alias, 1 drivers
v000001F5E27855E0_0 .var/s "in_val_out", 15 0;
v000001F5E2785EA0_0 .net "load_weight", 0 0, v000001F5E283C890_0;  alias, 1 drivers
v000001F5E2785F40_0 .net/s "mac_result", 15 0, v000001F5E2785860_0;  1 drivers
v000001F5E2785B80_0 .net "rst", 0 0, v000001F5E283DAB0_0;  alias, 1 drivers
v000001F5E27873E0_0 .var/s "stationary_weight", 15 0;
v000001F5E2786D00_0 .net/s "weight_in", 15 0, v000001F5E2785FE0_0;  alias, 1 drivers
v000001F5E2786A80_0 .var/s "weight_out", 15 0;
S_000001F5E232EC50 .scope module, "core_mac" "mac_q4_12" 4 19, 5 1 0, S_000001F5E232EAC0;
 .timescale -9 -12;
    .port_info 0 /INPUT 16 "weight";
    .port_info 1 /INPUT 16 "in_val";
    .port_info 2 /INPUT 16 "acc_in";
    .port_info 3 /OUTPUT 16 "acc_out";
v000001F5E2785AE0_0 .net/s *"_ivl_0", 31 0, L_000001F5E283DA10;  1 drivers
v000001F5E2786F80_0 .net/s *"_ivl_2", 31 0, L_000001F5E283DB50;  1 drivers
v000001F5E2787200_0 .net/s "acc_in", 15 0, v000001F5E2785720_0;  alias, 1 drivers
v000001F5E2785860_0 .var/s "acc_out", 15 0;
v000001F5E2786800_0 .net/s "in_val", 15 0, L_000001F5E283DE70;  alias, 1 drivers
v000001F5E2787340_0 .net/s "product", 31 0, L_000001F5E283DD30;  1 drivers
v000001F5E2785C20_0 .net/s "weight", 15 0, v000001F5E27873E0_0;  1 drivers
E_000001F5E2773240 .event anyedge, v000001F5E2785720_0, v000001F5E2787340_0;
L_000001F5E283DA10 .extend/s 32, v000001F5E27873E0_0;
L_000001F5E283DB50 .extend/s 32, L_000001F5E283DE70;
L_000001F5E283DD30 .arith/mult 32, L_000001F5E283DA10, L_000001F5E283DB50;
S_000001F5E2326BF0 .scope generate, "gen_col[2]" "gen_col[2]" 3 27, 3 27 0, S_000001F5E278BBF0;
 .timescale -9 -12;
P_000001F5E2773300 .param/l "c" 1 3 27, +C4<010>;
S_000001F5E2326D80 .scope generate, "genblk1" "genblk1" 3 28, 3 28 0, S_000001F5E2326BF0;
 .timescale -9 -12;
S_000001F5E27DD5B0 .scope module, "pe_inst" "systolic_pe" 3 32, 4 3 0, S_000001F5E2326BF0;
 .timescale -9 -12;
    .port_info 0 /INPUT 1 "clk";
    .port_info 1 /INPUT 1 "rst";
    .port_info 2 /INPUT 1 "load_weight";
    .port_info 3 /INPUT 16 "weight_in";
    .port_info 4 /INPUT 16 "in_val_in";
    .port_info 5 /INPUT 16 "acc_in";
    .port_info 6 /OUTPUT 16 "weight_out";
    .port_info 7 /OUTPUT 16 "in_val_out";
    .port_info 8 /OUTPUT 16 "acc_out";
v000001F5E2786B20_0 .net/s "acc_in", 15 0, v000001F5E2786580_0;  alias, 1 drivers
v000001F5E2785900_0 .var/s "acc_out", 15 0;
v000001F5E27859A0_0 .net "clk", 0 0, v000001F5E283C070_0;  alias, 1 drivers
v000001F5E2785A40_0 .net/s "in_val_in", 15 0, L_000001F5E283D1F0;  alias, 1 drivers
v000001F5E26AC3C0_0 .var/s "in_val_out", 15 0;
v000001F5E26AC780_0 .net "load_weight", 0 0, v000001F5E283C890_0;  alias, 1 drivers
v000001F5E26AC500_0 .net/s "mac_result", 15 0, v000001F5E27869E0_0;  1 drivers
v000001F5E26AB6A0_0 .net "rst", 0 0, v000001F5E283DAB0_0;  alias, 1 drivers
v000001F5E26ABCE0_0 .var/s "stationary_weight", 15 0;
v000001F5E26AC960_0 .net/s "weight_in", 15 0, v000001F5E2786A80_0;  alias, 1 drivers
v000001F5E26ACA00_0 .var/s "weight_out", 15 0;
S_000001F5E27DD420 .scope module, "core_mac" "mac_q4_12" 4 19, 5 1 0, S_000001F5E27DD5B0;
 .timescale -9 -12;
    .port_info 0 /INPUT 16 "weight";
    .port_info 1 /INPUT 16 "in_val";
    .port_info 2 /INPUT 16 "acc_in";
    .port_info 3 /OUTPUT 16 "acc_out";
v000001F5E2785CC0_0 .net/s *"_ivl_0", 31 0, L_000001F5E283C9D0;  1 drivers
v000001F5E2786620_0 .net/s *"_ivl_2", 31 0, L_000001F5E283DF10;  1 drivers
v000001F5E27868A0_0 .net/s "acc_in", 15 0, v000001F5E2786580_0;  alias, 1 drivers
v000001F5E27869E0_0 .var/s "acc_out", 15 0;
v000001F5E2786DA0_0 .net/s "in_val", 15 0, L_000001F5E283D1F0;  alias, 1 drivers
v000001F5E27872A0_0 .net/s "product", 31 0, L_000001F5E283DFB0;  1 drivers
v000001F5E2785540_0 .net/s "weight", 15 0, v000001F5E26ABCE0_0;  1 drivers
E_000001F5E2773800 .event anyedge, v000001F5E2786580_0, v000001F5E27872A0_0;
L_000001F5E283C9D0 .extend/s 32, v000001F5E26ABCE0_0;
L_000001F5E283DF10 .extend/s 32, L_000001F5E283D1F0;
L_000001F5E283DFB0 .arith/mult 32, L_000001F5E283C9D0, L_000001F5E283DF10;
S_000001F5E27DD290 .scope generate, "gen_col[3]" "gen_col[3]" 3 27, 3 27 0, S_000001F5E278BBF0;
 .timescale -9 -12;
P_000001F5E27733C0 .param/l "c" 1 3 27, +C4<011>;
S_000001F5E27DD740 .scope generate, "genblk1" "genblk1" 3 28, 3 28 0, S_000001F5E27DD290;
 .timescale -9 -12;
S_000001F5E27DC930 .scope module, "pe_inst" "systolic_pe" 3 32, 4 3 0, S_000001F5E27DD290;
 .timescale -9 -12;
    .port_info 0 /INPUT 1 "clk";
    .port_info 1 /INPUT 1 "rst";
    .port_info 2 /INPUT 1 "load_weight";
    .port_info 3 /INPUT 16 "weight_in";
    .port_info 4 /INPUT 16 "in_val_in";
    .port_info 5 /INPUT 16 "acc_in";
    .port_info 6 /OUTPUT 16 "weight_out";
    .port_info 7 /OUTPUT 16 "in_val_out";
    .port_info 8 /OUTPUT 16 "acc_out";
v000001F5E26AD040_0 .net/s "acc_in", 15 0, v000001F5E2785900_0;  alias, 1 drivers
v000001F5E26AC000_0 .var/s "acc_out", 15 0;
v000001F5E26AD180_0 .net "clk", 0 0, v000001F5E283C070_0;  alias, 1 drivers
v000001F5E26AB420_0 .net/s "in_val_in", 15 0, L_000001F5E283BAD0;  alias, 1 drivers
v000001F5E26AB4C0_0 .var/s "in_val_out", 15 0;
v000001F5E26ACDC0_0 .net "load_weight", 0 0, v000001F5E283C890_0;  alias, 1 drivers
v000001F5E26AB740_0 .net/s "mac_result", 15 0, v000001F5E26ABE20_0;  1 drivers
v000001F5E26AB7E0_0 .net "rst", 0 0, v000001F5E283DAB0_0;  alias, 1 drivers
v000001F5E26AB880_0 .var/s "stationary_weight", 15 0;
v000001F5E26ABEC0_0 .net/s "weight_in", 15 0, v000001F5E26ACA00_0;  alias, 1 drivers
v000001F5E26DAA20_0 .var/s "weight_out", 15 0;
S_000001F5E27DCAC0 .scope module, "core_mac" "mac_q4_12" 4 19, 5 1 0, S_000001F5E27DC930;
 .timescale -9 -12;
    .port_info 0 /INPUT 16 "weight";
    .port_info 1 /INPUT 16 "in_val";
    .port_info 2 /INPUT 16 "acc_in";
    .port_info 3 /OUTPUT 16 "acc_out";
v000001F5E26ACB40_0 .net/s *"_ivl_0", 31 0, L_000001F5E283BA30;  1 drivers
v000001F5E26ACFA0_0 .net/s *"_ivl_2", 31 0, L_000001F5E283CD90;  1 drivers
v000001F5E26ABD80_0 .net/s "acc_in", 15 0, v000001F5E2785900_0;  alias, 1 drivers
v000001F5E26ABE20_0 .var/s "acc_out", 15 0;
v000001F5E26ACBE0_0 .net/s "in_val", 15 0, L_000001F5E283BAD0;  alias, 1 drivers
v000001F5E26ACD20_0 .net/s "product", 31 0, L_000001F5E283D290;  1 drivers
v000001F5E26AB380_0 .net/s "weight", 15 0, v000001F5E26AB880_0;  1 drivers
E_000001F5E2773480 .event anyedge, v000001F5E2785900_0, v000001F5E26ACD20_0;
L_000001F5E283BA30 .extend/s 32, v000001F5E26AB880_0;
L_000001F5E283CD90 .extend/s 32, L_000001F5E283BAD0;
L_000001F5E283D290 .arith/mult 32, L_000001F5E283BA30, L_000001F5E283CD90;
S_000001F5E27DCC50 .scope generate, "gen_col[4]" "gen_col[4]" 3 27, 3 27 0, S_000001F5E278BBF0;
 .timescale -9 -12;
P_000001F5E2773700 .param/l "c" 1 3 27, +C4<0100>;
S_000001F5E27DCDE0 .scope generate, "genblk1" "genblk1" 3 28, 3 28 0, S_000001F5E27DCC50;
 .timescale -9 -12;
S_000001F5E27DCF70 .scope module, "pe_inst" "systolic_pe" 3 32, 4 3 0, S_000001F5E27DCC50;
 .timescale -9 -12;
    .port_info 0 /INPUT 1 "clk";
    .port_info 1 /INPUT 1 "rst";
    .port_info 2 /INPUT 1 "load_weight";
    .port_info 3 /INPUT 16 "weight_in";
    .port_info 4 /INPUT 16 "in_val_in";
    .port_info 5 /INPUT 16 "acc_in";
    .port_info 6 /OUTPUT 16 "weight_out";
    .port_info 7 /OUTPUT 16 "in_val_out";
    .port_info 8 /OUTPUT 16 "acc_out";
v000001F5E26DB380_0 .net/s "acc_in", 15 0, v000001F5E26AC000_0;  alias, 1 drivers
v000001F5E26DB600_0 .var/s "acc_out", 15 0;
v000001F5E26DBB00_0 .net "clk", 0 0, v000001F5E283C070_0;  alias, 1 drivers
v000001F5E26DB4C0_0 .net/s "in_val_in", 15 0, L_000001F5E283CA70;  alias, 1 drivers
v000001F5E26DB560_0 .var/s "in_val_out", 15 0;
v000001F5E26DBEC0_0 .net "load_weight", 0 0, v000001F5E283C890_0;  alias, 1 drivers
v000001F5E26DC5A0_0 .net/s "mac_result", 15 0, v000001F5E26DC320_0;  1 drivers
v000001F5E26DAE80_0 .net "rst", 0 0, v000001F5E283DAB0_0;  alias, 1 drivers
v000001F5E26DBF60_0 .var/s "stationary_weight", 15 0;
v000001F5E26DC3C0_0 .net/s "weight_in", 15 0, v000001F5E26DAA20_0;  alias, 1 drivers
v000001F5E26DA7A0_0 .var/s "weight_out", 15 0;
S_000001F5E27DD100 .scope module, "core_mac" "mac_q4_12" 4 19, 5 1 0, S_000001F5E27DCF70;
 .timescale -9 -12;
    .port_info 0 /INPUT 16 "weight";
    .port_info 1 /INPUT 16 "in_val";
    .port_info 2 /INPUT 16 "acc_in";
    .port_info 3 /OUTPUT 16 "acc_out";
v000001F5E26DB2E0_0 .net/s *"_ivl_0", 31 0, L_000001F5E283BC10;  1 drivers
v000001F5E26DB880_0 .net/s *"_ivl_2", 31 0, L_000001F5E283BCB0;  1 drivers
v000001F5E26DB920_0 .net/s "acc_in", 15 0, v000001F5E26AC000_0;  alias, 1 drivers
v000001F5E26DC320_0 .var/s "acc_out", 15 0;
v000001F5E26DC280_0 .net/s "in_val", 15 0, L_000001F5E283CA70;  alias, 1 drivers
v000001F5E26DB9C0_0 .net/s "product", 31 0, L_000001F5E283BD50;  1 drivers
v000001F5E26DBCE0_0 .net/s "weight", 15 0, v000001F5E26DBF60_0;  1 drivers
E_000001F5E27738C0 .event anyedge, v000001F5E26AC000_0, v000001F5E26DB9C0_0;
L_000001F5E283BC10 .extend/s 32, v000001F5E26DBF60_0;
L_000001F5E283BCB0 .extend/s 32, L_000001F5E283CA70;
L_000001F5E283BD50 .arith/mult 32, L_000001F5E283BC10, L_000001F5E283BCB0;
S_000001F5E27E2A90 .scope generate, "gen_col[5]" "gen_col[5]" 3 27, 3 27 0, S_000001F5E278BBF0;
 .timescale -9 -12;
P_000001F5E27746C0 .param/l "c" 1 3 27, +C4<0101>;
S_000001F5E27E2450 .scope generate, "genblk1" "genblk1" 3 28, 3 28 0, S_000001F5E27E2A90;
 .timescale -9 -12;
S_000001F5E27E3710 .scope module, "pe_inst" "systolic_pe" 3 32, 4 3 0, S_000001F5E27E2A90;
 .timescale -9 -12;
    .port_info 0 /INPUT 1 "clk";
    .port_info 1 /INPUT 1 "rst";
    .port_info 2 /INPUT 1 "load_weight";
    .port_info 3 /INPUT 16 "weight_in";
    .port_info 4 /INPUT 16 "in_val_in";
    .port_info 5 /INPUT 16 "acc_in";
    .port_info 6 /OUTPUT 16 "weight_out";
    .port_info 7 /OUTPUT 16 "in_val_out";
    .port_info 8 /OUTPUT 16 "acc_out";
v000001F5E26F8AF0_0 .net/s "acc_in", 15 0, v000001F5E26DB600_0;  alias, 1 drivers
v000001F5E26F9590_0 .var/s "acc_out", 15 0;
v000001F5E26F8E10_0 .net "clk", 0 0, v000001F5E283C070_0;  alias, 1 drivers
v000001F5E26F8C30_0 .net/s "in_val_in", 15 0, L_000001F5E283D330;  alias, 1 drivers
v000001F5E26F8EB0_0 .var/s "in_val_out", 15 0;
v000001F5E26F8CD0_0 .net "load_weight", 0 0, v000001F5E283C890_0;  alias, 1 drivers
v000001F5E26F7970_0 .net/s "mac_result", 15 0, v000001F5E26DADE0_0;  1 drivers
v000001F5E26F9450_0 .net "rst", 0 0, v000001F5E283DAB0_0;  alias, 1 drivers
v000001F5E26F8730_0 .var/s "stationary_weight", 15 0;
v000001F5E26F8F50_0 .net/s "weight_in", 15 0, v000001F5E26DA7A0_0;  alias, 1 drivers
v000001F5E26F7DD0_0 .var/s "weight_out", 15 0;
S_000001F5E27E1C80 .scope module, "core_mac" "mac_q4_12" 4 19, 5 1 0, S_000001F5E27E3710;
 .timescale -9 -12;
    .port_info 0 /INPUT 16 "weight";
    .port_info 1 /INPUT 16 "in_val";
    .port_info 2 /INPUT 16 "acc_in";
    .port_info 3 /OUTPUT 16 "acc_out";
v000001F5E26DA8E0_0 .net/s *"_ivl_0", 31 0, L_000001F5E283CB10;  1 drivers
v000001F5E26DAAC0_0 .net/s *"_ivl_2", 31 0, L_000001F5E283CC50;  1 drivers
v000001F5E26DAB60_0 .net/s "acc_in", 15 0, v000001F5E26DB600_0;  alias, 1 drivers
v000001F5E26DADE0_0 .var/s "acc_out", 15 0;
v000001F5E26F8230_0 .net/s "in_val", 15 0, L_000001F5E283D330;  alias, 1 drivers
v000001F5E26F8370_0 .net/s "product", 31 0, L_000001F5E283C390;  1 drivers
v000001F5E26F84B0_0 .net/s "weight", 15 0, v000001F5E26F8730_0;  1 drivers
E_000001F5E2774800 .event anyedge, v000001F5E26DB600_0, v000001F5E26F8370_0;
L_000001F5E283CB10 .extend/s 32, v000001F5E26F8730_0;
L_000001F5E283CC50 .extend/s 32, L_000001F5E283D330;
L_000001F5E283C390 .arith/mult 32, L_000001F5E283CB10, L_000001F5E283CC50;
S_000001F5E27E2DB0 .scope generate, "gen_row[1]" "gen_row[1]" 3 22, 3 22 0, S_000001F5E23AEE10;
 .timescale -9 -12;
P_000001F5E2774FC0 .param/l "r" 1 3 22, +C4<01>;
L_000001F5E26AD980 .functor BUFZ 16, v000001F5E27E4230_0, C4<0000000000000000>, C4<0000000000000000>, C4<0000000000000000>;
v000001F5E27F0300_0 .net *"_ivl_7", 15 0, L_000001F5E26AD980;  1 drivers
S_000001F5E27E1FA0 .scope generate, "gen_col[0]" "gen_col[0]" 3 27, 3 27 0, S_000001F5E27E2DB0;
 .timescale -9 -12;
P_000001F5E2774900 .param/l "c" 1 3 27, +C4<00>;
S_000001F5E27E2F40 .scope module, "pe_inst" "systolic_pe" 3 32, 4 3 0, S_000001F5E27E1FA0;
 .timescale -9 -12;
    .port_info 0 /INPUT 1 "clk";
    .port_info 1 /INPUT 1 "rst";
    .port_info 2 /INPUT 1 "load_weight";
    .port_info 3 /INPUT 16 "weight_in";
    .port_info 4 /INPUT 16 "in_val_in";
    .port_info 5 /INPUT 16 "acc_in";
    .port_info 6 /OUTPUT 16 "weight_out";
    .port_info 7 /OUTPUT 16 "in_val_out";
    .port_info 8 /OUTPUT 16 "acc_out";
v000001F5E27254E0_0 .net/s "acc_in", 15 0, L_000001F5E283EF90;  alias, 1 drivers
v000001F5E2725120_0 .var/s "acc_out", 15 0;
v000001F5E2726A20_0 .net "clk", 0 0, v000001F5E283C070_0;  alias, 1 drivers
v000001F5E2725DA0_0 .net/s "in_val_in", 15 0, v000001F5E2786940_0;  alias, 1 drivers
v000001F5E2725800_0 .var/s "in_val_out", 15 0;
v000001F5E2725620_0 .net "load_weight", 0 0, v000001F5E283C890_0;  alias, 1 drivers
v000001F5E2724CC0_0 .net/s "mac_result", 15 0, v000001F5E26F87D0_0;  1 drivers
v000001F5E2725940_0 .net "rst", 0 0, v000001F5E283DAB0_0;  alias, 1 drivers
v000001F5E27262A0_0 .var/s "stationary_weight", 15 0;
v000001F5E27260C0_0 .net/s "weight_in", 15 0, L_000001F5E283CCF0;  alias, 1 drivers
v000001F5E27259E0_0 .var/s "weight_out", 15 0;
S_000001F5E27E2130 .scope module, "core_mac" "mac_q4_12" 4 19, 5 1 0, S_000001F5E27E2F40;
 .timescale -9 -12;
    .port_info 0 /INPUT 16 "weight";
    .port_info 1 /INPUT 16 "in_val";
    .port_info 2 /INPUT 16 "acc_in";
    .port_info 3 /OUTPUT 16 "acc_out";
v000001F5E26F91D0_0 .net/s *"_ivl_0", 31 0, L_000001F5E283CF70;  1 drivers
v000001F5E26F8690_0 .net/s *"_ivl_2", 31 0, L_000001F5E283D010;  1 drivers
v000001F5E26F8FF0_0 .net/s "acc_in", 15 0, L_000001F5E283EF90;  alias, 1 drivers
v000001F5E26F87D0_0 .var/s "acc_out", 15 0;
v000001F5E26F8870_0 .net/s "in_val", 15 0, v000001F5E2786940_0;  alias, 1 drivers
v000001F5E26F9630_0 .net/s "product", 31 0, L_000001F5E283E230;  1 drivers
v000001F5E26F96D0_0 .net/s "weight", 15 0, v000001F5E27262A0_0;  1 drivers
E_000001F5E2774340 .event anyedge, v000001F5E26F8FF0_0, v000001F5E26F9630_0;
L_000001F5E283CF70 .extend/s 32, v000001F5E27262A0_0;
L_000001F5E283D010 .extend/s 32, v000001F5E2786940_0;
L_000001F5E283E230 .arith/mult 32, L_000001F5E283CF70, L_000001F5E283D010;
S_000001F5E27E1E10 .scope generate, "gen_col[1]" "gen_col[1]" 3 27, 3 27 0, S_000001F5E27E2DB0;
 .timescale -9 -12;
P_000001F5E2774A80 .param/l "c" 1 3 27, +C4<01>;
S_000001F5E27E33F0 .scope module, "pe_inst" "systolic_pe" 3 32, 4 3 0, S_000001F5E27E1E10;
 .timescale -9 -12;
    .port_info 0 /INPUT 1 "clk";
    .port_info 1 /INPUT 1 "rst";
    .port_info 2 /INPUT 1 "load_weight";
    .port_info 3 /INPUT 16 "weight_in";
    .port_info 4 /INPUT 16 "in_val_in";
    .port_info 5 /INPUT 16 "acc_in";
    .port_info 6 /OUTPUT 16 "weight_out";
    .port_info 7 /OUTPUT 16 "in_val_out";
    .port_info 8 /OUTPUT 16 "acc_out";
v000001F5E27263E0_0 .net/s "acc_in", 15 0, v000001F5E2725120_0;  alias, 1 drivers
v000001F5E2726020_0 .var/s "acc_out", 15 0;
v000001F5E2726840_0 .net "clk", 0 0, v000001F5E283C070_0;  alias, 1 drivers
v000001F5E2726980_0 .net/s "in_val_in", 15 0, v000001F5E27855E0_0;  alias, 1 drivers
v000001F5E2689540_0 .var/s "in_val_out", 15 0;
v000001F5E268ADA0_0 .net "load_weight", 0 0, v000001F5E283C890_0;  alias, 1 drivers
v000001F5E268A620_0 .net/s "mac_result", 15 0, v000001F5E2724E00_0;  1 drivers
v000001F5E268A6C0_0 .net "rst", 0 0, v000001F5E283DAB0_0;  alias, 1 drivers
v000001F5E2689720_0 .var/s "stationary_weight", 15 0;
v000001F5E268A760_0 .net/s "weight_in", 15 0, v000001F5E27259E0_0;  alias, 1 drivers
v000001F5E2689A40_0 .var/s "weight_out", 15 0;
S_000001F5E27E22C0 .scope module, "core_mac" "mac_q4_12" 4 19, 5 1 0, S_000001F5E27E33F0;
 .timescale -9 -12;
    .port_info 0 /INPUT 16 "weight";
    .port_info 1 /INPUT 16 "in_val";
    .port_info 2 /INPUT 16 "acc_in";
    .port_info 3 /OUTPUT 16 "acc_out";
v000001F5E2725BC0_0 .net/s *"_ivl_0", 31 0, L_000001F5E283E2D0;  1 drivers
v000001F5E2725E40_0 .net/s *"_ivl_2", 31 0, L_000001F5E283E0F0;  1 drivers
v000001F5E2725EE0_0 .net/s "acc_in", 15 0, v000001F5E2725120_0;  alias, 1 drivers
v000001F5E2724E00_0 .var/s "acc_out", 15 0;
v000001F5E2726700_0 .net/s "in_val", 15 0, v000001F5E27855E0_0;  alias, 1 drivers
v000001F5E2726200_0 .net/s "product", 31 0, L_000001F5E283E730;  1 drivers
v000001F5E2725F80_0 .net/s "weight", 15 0, v000001F5E2689720_0;  1 drivers
E_000001F5E2774EC0 .event anyedge, v000001F5E2725120_0, v000001F5E2726200_0;
L_000001F5E283E2D0 .extend/s 32, v000001F5E2689720_0;
L_000001F5E283E0F0 .extend/s 32, v000001F5E27855E0_0;
L_000001F5E283E730 .arith/mult 32, L_000001F5E283E2D0, L_000001F5E283E0F0;
S_000001F5E27E30D0 .scope generate, "gen_col[2]" "gen_col[2]" 3 27, 3 27 0, S_000001F5E27E2DB0;
 .timescale -9 -12;
P_000001F5E2775000 .param/l "c" 1 3 27, +C4<010>;
S_000001F5E27E3580 .scope module, "pe_inst" "systolic_pe" 3 32, 4 3 0, S_000001F5E27E30D0;
 .timescale -9 -12;
    .port_info 0 /INPUT 1 "clk";
    .port_info 1 /INPUT 1 "rst";
    .port_info 2 /INPUT 1 "load_weight";
    .port_info 3 /INPUT 16 "weight_in";
    .port_info 4 /INPUT 16 "in_val_in";
    .port_info 5 /INPUT 16 "acc_in";
    .port_info 6 /OUTPUT 16 "weight_out";
    .port_info 7 /OUTPUT 16 "in_val_out";
    .port_info 8 /OUTPUT 16 "acc_out";
v000001F5E2689E00_0 .net/s "acc_in", 15 0, v000001F5E2726020_0;  alias, 1 drivers
v000001F5E2689400_0 .var/s "acc_out", 15 0;
v000001F5E268A080_0 .net "clk", 0 0, v000001F5E283C070_0;  alias, 1 drivers
v000001F5E268A1C0_0 .net/s "in_val_in", 15 0, v000001F5E26AC3C0_0;  alias, 1 drivers
v000001F5E268A260_0 .var/s "in_val_out", 15 0;
v000001F5E268A4E0_0 .net "load_weight", 0 0, v000001F5E283C890_0;  alias, 1 drivers
v000001F5E26800D0_0 .net/s "mac_result", 15 0, v000001F5E2689360_0;  1 drivers
v000001F5E267F4F0_0 .net "rst", 0 0, v000001F5E283DAB0_0;  alias, 1 drivers
v000001F5E267F590_0 .var/s "stationary_weight", 15 0;
v000001F5E267F630_0 .net/s "weight_in", 15 0, v000001F5E2689A40_0;  alias, 1 drivers
v000001F5E267F8B0_0 .var/s "weight_out", 15 0;
S_000001F5E27E1960 .scope module, "core_mac" "mac_q4_12" 4 19, 5 1 0, S_000001F5E27E3580;
 .timescale -9 -12;
    .port_info 0 /INPUT 16 "weight";
    .port_info 1 /INPUT 16 "in_val";
    .port_info 2 /INPUT 16 "acc_in";
    .port_info 3 /OUTPUT 16 "acc_out";
v000001F5E268B020_0 .net/s *"_ivl_0", 31 0, L_000001F5E283E7D0;  1 drivers
v000001F5E26892C0_0 .net/s *"_ivl_2", 31 0, L_000001F5E283E370;  1 drivers
v000001F5E2689AE0_0 .net/s "acc_in", 15 0, v000001F5E2726020_0;  alias, 1 drivers
v000001F5E2689360_0 .var/s "acc_out", 15 0;
v000001F5E2689D60_0 .net/s "in_val", 15 0, v000001F5E26AC3C0_0;  alias, 1 drivers
v000001F5E268A940_0 .net/s "product", 31 0, L_000001F5E283E4B0;  1 drivers
v000001F5E268AB20_0 .net/s "weight", 15 0, v000001F5E267F590_0;  1 drivers
E_000001F5E27750C0 .event anyedge, v000001F5E2726020_0, v000001F5E268A940_0;
L_000001F5E283E7D0 .extend/s 32, v000001F5E267F590_0;
L_000001F5E283E370 .extend/s 32, v000001F5E26AC3C0_0;
L_000001F5E283E4B0 .arith/mult 32, L_000001F5E283E7D0, L_000001F5E283E370;
S_000001F5E27E3260 .scope generate, "gen_col[3]" "gen_col[3]" 3 27, 3 27 0, S_000001F5E27E2DB0;
 .timescale -9 -12;
P_000001F5E2774140 .param/l "c" 1 3 27, +C4<011>;
S_000001F5E27E25E0 .scope module, "pe_inst" "systolic_pe" 3 32, 4 3 0, S_000001F5E27E3260;
 .timescale -9 -12;
    .port_info 0 /INPUT 1 "clk";
    .port_info 1 /INPUT 1 "rst";
    .port_info 2 /INPUT 1 "load_weight";
    .port_info 3 /INPUT 16 "weight_in";
    .port_info 4 /INPUT 16 "in_val_in";
    .port_info 5 /INPUT 16 "acc_in";
    .port_info 6 /OUTPUT 16 "weight_out";
    .port_info 7 /OUTPUT 16 "in_val_out";
    .port_info 8 /OUTPUT 16 "acc_out";
v000001F5E27E3D30_0 .net/s "acc_in", 15 0, v000001F5E2689400_0;  alias, 1 drivers
v000001F5E27E3FB0_0 .var/s "acc_out", 15 0;
v000001F5E27E5130_0 .net "clk", 0 0, v000001F5E283C070_0;  alias, 1 drivers
v000001F5E27E5090_0 .net/s "in_val_in", 15 0, v000001F5E26AB4C0_0;  alias, 1 drivers
v000001F5E27E4EB0_0 .var/s "in_val_out", 15 0;
v000001F5E27E4E10_0 .net "load_weight", 0 0, v000001F5E283C890_0;  alias, 1 drivers
v000001F5E27E4D70_0 .net/s "mac_result", 15 0, v000001F5E27E4050_0;  1 drivers
v000001F5E27E53B0_0 .net "rst", 0 0, v000001F5E283DAB0_0;  alias, 1 drivers
v000001F5E27E5770_0 .var/s "stationary_weight", 15 0;
v000001F5E27E4690_0 .net/s "weight_in", 15 0, v000001F5E267F8B0_0;  alias, 1 drivers
v000001F5E27E5590_0 .var/s "weight_out", 15 0;
S_000001F5E27E2770 .scope module, "core_mac" "mac_q4_12" 4 19, 5 1 0, S_000001F5E27E25E0;
 .timescale -9 -12;
    .port_info 0 /INPUT 16 "weight";
    .port_info 1 /INPUT 16 "in_val";
    .port_info 2 /INPUT 16 "acc_in";
    .port_info 3 /OUTPUT 16 "acc_out";
v000001F5E267F950_0 .net/s *"_ivl_0", 31 0, L_000001F5E283E5F0;  1 drivers
v000001F5E267F9F0_0 .net/s *"_ivl_2", 31 0, L_000001F5E283E410;  1 drivers
v000001F5E27E5810_0 .net/s "acc_in", 15 0, v000001F5E2689400_0;  alias, 1 drivers
v000001F5E27E4050_0 .var/s "acc_out", 15 0;
v000001F5E27E49B0_0 .net/s "in_val", 15 0, v000001F5E26AB4C0_0;  alias, 1 drivers
v000001F5E27E5450_0 .net/s "product", 31 0, L_000001F5E283E690;  1 drivers
v000001F5E27E4CD0_0 .net/s "weight", 15 0, v000001F5E27E5770_0;  1 drivers
E_000001F5E2774180 .event anyedge, v000001F5E2689400_0, v000001F5E27E5450_0;
L_000001F5E283E5F0 .extend/s 32, v000001F5E27E5770_0;
L_000001F5E283E410 .extend/s 32, v000001F5E26AB4C0_0;
L_000001F5E283E690 .arith/mult 32, L_000001F5E283E5F0, L_000001F5E283E410;
S_000001F5E27E1AF0 .scope generate, "gen_col[4]" "gen_col[4]" 3 27, 3 27 0, S_000001F5E27E2DB0;
 .timescale -9 -12;
P_000001F5E2774940 .param/l "c" 1 3 27, +C4<0100>;
S_000001F5E27E2900 .scope module, "pe_inst" "systolic_pe" 3 32, 4 3 0, S_000001F5E27E1AF0;
 .timescale -9 -12;
    .port_info 0 /INPUT 1 "clk";
    .port_info 1 /INPUT 1 "rst";
    .port_info 2 /INPUT 1 "load_weight";
    .port_info 3 /INPUT 16 "weight_in";
    .port_info 4 /INPUT 16 "in_val_in";
    .port_info 5 /INPUT 16 "acc_in";
    .port_info 6 /OUTPUT 16 "weight_out";
    .port_info 7 /OUTPUT 16 "in_val_out";
    .port_info 8 /OUTPUT 16 "acc_out";
v000001F5E27E4A50_0 .net/s "acc_in", 15 0, v000001F5E27E3FB0_0;  alias, 1 drivers
v000001F5E27E5270_0 .var/s "acc_out", 15 0;
v000001F5E27E5310_0 .net "clk", 0 0, v000001F5E283C070_0;  alias, 1 drivers
v000001F5E27E3B50_0 .net/s "in_val_in", 15 0, v000001F5E26DB560_0;  alias, 1 drivers
v000001F5E27E4C30_0 .var/s "in_val_out", 15 0;
v000001F5E27E4190_0 .net "load_weight", 0 0, v000001F5E283C890_0;  alias, 1 drivers
v000001F5E27E45F0_0 .net/s "mac_result", 15 0, v000001F5E27E3DD0_0;  1 drivers
v000001F5E27E3C90_0 .net "rst", 0 0, v000001F5E283DAB0_0;  alias, 1 drivers
v000001F5E27E54F0_0 .var/s "stationary_weight", 15 0;
v000001F5E27E5630_0 .net/s "weight_in", 15 0, v000001F5E27E5590_0;  alias, 1 drivers
v000001F5E27E4550_0 .var/s "weight_out", 15 0;
S_000001F5E27E2C20 .scope module, "core_mac" "mac_q4_12" 4 19, 5 1 0, S_000001F5E27E2900;
 .timescale -9 -12;
    .port_info 0 /INPUT 16 "weight";
    .port_info 1 /INPUT 16 "in_val";
    .port_info 2 /INPUT 16 "acc_in";
    .port_info 3 /OUTPUT 16 "acc_out";
v000001F5E27E3970_0 .net/s *"_ivl_0", 31 0, L_000001F5E283E550;  1 drivers
v000001F5E27E40F0_0 .net/s *"_ivl_2", 31 0, L_000001F5E283E190;  1 drivers
v000001F5E27E4FF0_0 .net/s "acc_in", 15 0, v000001F5E27E3FB0_0;  alias, 1 drivers
v000001F5E27E3DD0_0 .var/s "acc_out", 15 0;
v000001F5E27E4910_0 .net/s "in_val", 15 0, v000001F5E26DB560_0;  alias, 1 drivers
v000001F5E27E4F50_0 .net/s "product", 31 0, L_000001F5E2838D30;  1 drivers
v000001F5E27E51D0_0 .net/s "weight", 15 0, v000001F5E27E54F0_0;  1 drivers
E_000001F5E2774540 .event anyedge, v000001F5E27E3FB0_0, v000001F5E27E4F50_0;
L_000001F5E283E550 .extend/s 32, v000001F5E27E54F0_0;
L_000001F5E283E190 .extend/s 32, v000001F5E26DB560_0;
L_000001F5E2838D30 .arith/mult 32, L_000001F5E283E550, L_000001F5E283E190;
S_000001F5E27EDFD0 .scope generate, "gen_col[5]" "gen_col[5]" 3 27, 3 27 0, S_000001F5E27E2DB0;
 .timescale -9 -12;
P_000001F5E2774580 .param/l "c" 1 3 27, +C4<0101>;
S_000001F5E27EEF70 .scope module, "pe_inst" "systolic_pe" 3 32, 4 3 0, S_000001F5E27EDFD0;
 .timescale -9 -12;
    .port_info 0 /INPUT 1 "clk";
    .port_info 1 /INPUT 1 "rst";
    .port_info 2 /INPUT 1 "load_weight";
    .port_info 3 /INPUT 16 "weight_in";
    .port_info 4 /INPUT 16 "in_val_in";
    .port_info 5 /INPUT 16 "acc_in";
    .port_info 6 /OUTPUT 16 "weight_out";
    .port_info 7 /OUTPUT 16 "in_val_out";
    .port_info 8 /OUTPUT 16 "acc_out";
v000001F5E27E3F10_0 .net/s "acc_in", 15 0, v000001F5E27E5270_0;  alias, 1 drivers
v000001F5E27E4230_0 .var/s "acc_out", 15 0;
v000001F5E27E42D0_0 .net "clk", 0 0, v000001F5E283C070_0;  alias, 1 drivers
v000001F5E27E4370_0 .net/s "in_val_in", 15 0, v000001F5E26F8EB0_0;  alias, 1 drivers
v000001F5E27E4410_0 .var/s "in_val_out", 15 0;
v000001F5E27E44B0_0 .net "load_weight", 0 0, v000001F5E283C890_0;  alias, 1 drivers
v000001F5E27E4730_0 .net/s "mac_result", 15 0, v000001F5E27E3AB0_0;  1 drivers
v000001F5E27E47D0_0 .net "rst", 0 0, v000001F5E283DAB0_0;  alias, 1 drivers
v000001F5E27E4B90_0 .var/s "stationary_weight", 15 0;
v000001F5E27F0080_0 .net/s "weight_in", 15 0, v000001F5E27E4550_0;  alias, 1 drivers
v000001F5E27F0940_0 .var/s "weight_out", 15 0;
S_000001F5E27EE480 .scope module, "core_mac" "mac_q4_12" 4 19, 5 1 0, S_000001F5E27EEF70;
 .timescale -9 -12;
    .port_info 0 /INPUT 16 "weight";
    .port_info 1 /INPUT 16 "in_val";
    .port_info 2 /INPUT 16 "acc_in";
    .port_info 3 /OUTPUT 16 "acc_out";
v000001F5E27E4AF0_0 .net/s *"_ivl_0", 31 0, L_000001F5E28380B0;  1 drivers
v000001F5E27E56D0_0 .net/s *"_ivl_2", 31 0, L_000001F5E28376B0;  1 drivers
v000001F5E27E3A10_0 .net/s "acc_in", 15 0, v000001F5E27E5270_0;  alias, 1 drivers
v000001F5E27E3AB0_0 .var/s "acc_out", 15 0;
v000001F5E27E3BF0_0 .net/s "in_val", 15 0, v000001F5E26F8EB0_0;  alias, 1 drivers
v000001F5E27E3E70_0 .net/s "product", 31 0, L_000001F5E28368F0;  1 drivers
v000001F5E27E4870_0 .net/s "weight", 15 0, v000001F5E27E4B90_0;  1 drivers
E_000001F5E2775F40 .event anyedge, v000001F5E27E5270_0, v000001F5E27E3E70_0;
L_000001F5E28380B0 .extend/s 32, v000001F5E27E4B90_0;
L_000001F5E28376B0 .extend/s 32, v000001F5E26F8EB0_0;
L_000001F5E28368F0 .arith/mult 32, L_000001F5E28380B0, L_000001F5E28376B0;
S_000001F5E27EDB20 .scope generate, "gen_row[2]" "gen_row[2]" 3 22, 3 22 0, S_000001F5E23AEE10;
 .timescale -9 -12;
P_000001F5E2775E00 .param/l "r" 1 3 22, +C4<010>;
L_000001F5E26DD2A0 .functor BUFZ 16, v000001F5E27F2DC0_0, C4<0000000000000000>, C4<0000000000000000>, C4<0000000000000000>;
v000001F5E27F2B40_0 .net *"_ivl_7", 15 0, L_000001F5E26DD2A0;  1 drivers
S_000001F5E27EEDE0 .scope generate, "gen_col[0]" "gen_col[0]" 3 27, 3 27 0, S_000001F5E27EDB20;
 .timescale -9 -12;
P_000001F5E2775DC0 .param/l "c" 1 3 27, +C4<00>;
S_000001F5E27EF420 .scope module, "pe_inst" "systolic_pe" 3 32, 4 3 0, S_000001F5E27EEDE0;
 .timescale -9 -12;
    .port_info 0 /INPUT 1 "clk";
    .port_info 1 /INPUT 1 "rst";
    .port_info 2 /INPUT 1 "load_weight";
    .port_info 3 /INPUT 16 "weight_in";
    .port_info 4 /INPUT 16 "in_val_in";
    .port_info 5 /INPUT 16 "acc_in";
    .port_info 6 /OUTPUT 16 "weight_out";
    .port_info 7 /OUTPUT 16 "in_val_out";
    .port_info 8 /OUTPUT 16 "acc_out";
v000001F5E27F03A0_0 .net/s "acc_in", 15 0, L_000001F5E283EFD8;  alias, 1 drivers
v000001F5E27F06C0_0 .var/s "acc_out", 15 0;
v000001F5E27F1480_0 .net "clk", 0 0, v000001F5E283C070_0;  alias, 1 drivers
v000001F5E27F0BC0_0 .net/s "in_val_in", 15 0, v000001F5E2725800_0;  alias, 1 drivers
v000001F5E27EFA40_0 .var/s "in_val_out", 15 0;
v000001F5E27EFC20_0 .net "load_weight", 0 0, v000001F5E283C890_0;  alias, 1 drivers
v000001F5E27F0E40_0 .net/s "mac_result", 15 0, v000001F5E27F04E0_0;  1 drivers
v000001F5E27F1160_0 .net "rst", 0 0, v000001F5E283DAB0_0;  alias, 1 drivers
v000001F5E27F0EE0_0 .var/s "stationary_weight", 15 0;
v000001F5E27F0DA0_0 .net/s "weight_in", 15 0, L_000001F5E2836A30;  alias, 1 drivers
v000001F5E27F0F80_0 .var/s "weight_out", 15 0;
S_000001F5E27EE610 .scope module, "core_mac" "mac_q4_12" 4 19, 5 1 0, S_000001F5E27EF420;
 .timescale -9 -12;
    .port_info 0 /INPUT 16 "weight";
    .port_info 1 /INPUT 16 "in_val";
    .port_info 2 /INPUT 16 "acc_in";
    .port_info 3 /OUTPUT 16 "acc_out";
v000001F5E27F0120_0 .net/s *"_ivl_0", 31 0, L_000001F5E2838290;  1 drivers
v000001F5E27EFFE0_0 .net/s *"_ivl_2", 31 0, L_000001F5E2838010;  1 drivers
v000001F5E27F10C0_0 .net/s "acc_in", 15 0, L_000001F5E283EFD8;  alias, 1 drivers
v000001F5E27F04E0_0 .var/s "acc_out", 15 0;
v000001F5E27F1340_0 .net/s "in_val", 15 0, v000001F5E2725800_0;  alias, 1 drivers
v000001F5E27F0C60_0 .net/s "product", 31 0, L_000001F5E28385B0;  1 drivers
v000001F5E27F0D00_0 .net/s "weight", 15 0, v000001F5E27F0EE0_0;  1 drivers
E_000001F5E2775240 .event anyedge, v000001F5E27F10C0_0, v000001F5E27F0C60_0;
L_000001F5E2838290 .extend/s 32, v000001F5E27F0EE0_0;
L_000001F5E2838010 .extend/s 32, v000001F5E2725800_0;
L_000001F5E28385B0 .arith/mult 32, L_000001F5E2838290, L_000001F5E2838010;
S_000001F5E27EE160 .scope generate, "gen_col[1]" "gen_col[1]" 3 27, 3 27 0, S_000001F5E27EDB20;
 .timescale -9 -12;
P_000001F5E2775580 .param/l "c" 1 3 27, +C4<01>;
S_000001F5E27EDE40 .scope module, "pe_inst" "systolic_pe" 3 32, 4 3 0, S_000001F5E27EE160;
 .timescale -9 -12;
    .port_info 0 /INPUT 1 "clk";
    .port_info 1 /INPUT 1 "rst";
    .port_info 2 /INPUT 1 "load_weight";
    .port_info 3 /INPUT 16 "weight_in";
    .port_info 4 /INPUT 16 "in_val_in";
    .port_info 5 /INPUT 16 "acc_in";
    .port_info 6 /OUTPUT 16 "weight_out";
    .port_info 7 /OUTPUT 16 "in_val_out";
    .port_info 8 /OUTPUT 16 "acc_out";
v000001F5E27F1660_0 .net/s "acc_in", 15 0, v000001F5E27F06C0_0;  alias, 1 drivers
v000001F5E27F0B20_0 .var/s "acc_out", 15 0;
v000001F5E27F17A0_0 .net "clk", 0 0, v000001F5E283C070_0;  alias, 1 drivers
v000001F5E27F0A80_0 .net/s "in_val_in", 15 0, v000001F5E2689540_0;  alias, 1 drivers
v000001F5E27F1840_0 .var/s "in_val_out", 15 0;
v000001F5E27F1020_0 .net "load_weight", 0 0, v000001F5E283C890_0;  alias, 1 drivers
v000001F5E27F01C0_0 .net/s "mac_result", 15 0, v000001F5E27EFB80_0;  1 drivers
v000001F5E27F0260_0 .net "rst", 0 0, v000001F5E283DAB0_0;  alias, 1 drivers
v000001F5E27EF9A0_0 .var/s "stationary_weight", 15 0;
v000001F5E27F0440_0 .net/s "weight_in", 15 0, v000001F5E27F0F80_0;  alias, 1 drivers
v000001F5E27F08A0_0 .var/s "weight_out", 15 0;
S_000001F5E27EF5B0 .scope module, "core_mac" "mac_q4_12" 4 19, 5 1 0, S_000001F5E27EDE40;
 .timescale -9 -12;
    .port_info 0 /INPUT 16 "weight";
    .port_info 1 /INPUT 16 "in_val";
    .port_info 2 /INPUT 16 "acc_in";
    .port_info 3 /OUTPUT 16 "acc_out";
v000001F5E27F1520_0 .net/s *"_ivl_0", 31 0, L_000001F5E2838830;  1 drivers
v000001F5E27F1200_0 .net/s *"_ivl_2", 31 0, L_000001F5E2837B10;  1 drivers
v000001F5E27F13E0_0 .net/s "acc_in", 15 0, v000001F5E27F06C0_0;  alias, 1 drivers
v000001F5E27EFB80_0 .var/s "acc_out", 15 0;
v000001F5E27F15C0_0 .net/s "in_val", 15 0, v000001F5E2689540_0;  alias, 1 drivers
v000001F5E27F09E0_0 .net/s "product", 31 0, L_000001F5E2838510;  1 drivers
v000001F5E27F0620_0 .net/s "weight", 15 0, v000001F5E27EF9A0_0;  1 drivers
E_000001F5E27752C0 .event anyedge, v000001F5E27F06C0_0, v000001F5E27F09E0_0;
L_000001F5E2838830 .extend/s 32, v000001F5E27EF9A0_0;
L_000001F5E2837B10 .extend/s 32, v000001F5E2689540_0;
L_000001F5E2838510 .arith/mult 32, L_000001F5E2838830, L_000001F5E2837B10;
S_000001F5E27ED990 .scope generate, "gen_col[2]" "gen_col[2]" 3 27, 3 27 0, S_000001F5E27EDB20;
 .timescale -9 -12;
P_000001F5E27753C0 .param/l "c" 1 3 27, +C4<010>;
S_000001F5E27EE2F0 .scope module, "pe_inst" "systolic_pe" 3 32, 4 3 0, S_000001F5E27ED990;
 .timescale -9 -12;
    .port_info 0 /INPUT 1 "clk";
    .port_info 1 /INPUT 1 "rst";
    .port_info 2 /INPUT 1 "load_weight";
    .port_info 3 /INPUT 16 "weight_in";
    .port_info 4 /INPUT 16 "in_val_in";
    .port_info 5 /INPUT 16 "acc_in";
    .port_info 6 /OUTPUT 16 "weight_out";
    .port_info 7 /OUTPUT 16 "in_val_out";
    .port_info 8 /OUTPUT 16 "acc_out";
v000001F5E27EFF40_0 .net/s "acc_in", 15 0, v000001F5E27F0B20_0;  alias, 1 drivers
v000001F5E27F0580_0 .var/s "acc_out", 15 0;
v000001F5E27F0760_0 .net "clk", 0 0, v000001F5E283C070_0;  alias, 1 drivers
v000001F5E27F0800_0 .net/s "in_val_in", 15 0, v000001F5E268A260_0;  alias, 1 drivers
v000001F5E27F3CC0_0 .var/s "in_val_out", 15 0;
v000001F5E27F2820_0 .net "load_weight", 0 0, v000001F5E283C890_0;  alias, 1 drivers
v000001F5E27F2A00_0 .net/s "mac_result", 15 0, v000001F5E27EFCC0_0;  1 drivers
v000001F5E27F20A0_0 .net "rst", 0 0, v000001F5E283DAB0_0;  alias, 1 drivers
v000001F5E27F19C0_0 .var/s "stationary_weight", 15 0;
v000001F5E27F34A0_0 .net/s "weight_in", 15 0, v000001F5E27F08A0_0;  alias, 1 drivers
v000001F5E27F3220_0 .var/s "weight_out", 15 0;
S_000001F5E27EF290 .scope module, "core_mac" "mac_q4_12" 4 19, 5 1 0, S_000001F5E27EE2F0;
 .timescale -9 -12;
    .port_info 0 /INPUT 16 "weight";
    .port_info 1 /INPUT 16 "in_val";
    .port_info 2 /INPUT 16 "acc_in";
    .port_info 3 /OUTPUT 16 "acc_out";
v000001F5E27F1700_0 .net/s *"_ivl_0", 31 0, L_000001F5E2838470;  1 drivers
v000001F5E27F12A0_0 .net/s *"_ivl_2", 31 0, L_000001F5E28374D0;  1 drivers
v000001F5E27EFAE0_0 .net/s "acc_in", 15 0, v000001F5E27F0B20_0;  alias, 1 drivers
v000001F5E27EFCC0_0 .var/s "acc_out", 15 0;
v000001F5E27EFD60_0 .net/s "in_val", 15 0, v000001F5E268A260_0;  alias, 1 drivers
v000001F5E27EFE00_0 .net/s "product", 31 0, L_000001F5E2838C90;  1 drivers
v000001F5E27EFEA0_0 .net/s "weight", 15 0, v000001F5E27F19C0_0;  1 drivers
E_000001F5E27755C0 .event anyedge, v000001F5E27F0B20_0, v000001F5E27EFE00_0;
L_000001F5E2838470 .extend/s 32, v000001F5E27F19C0_0;
L_000001F5E28374D0 .extend/s 32, v000001F5E268A260_0;
L_000001F5E2838C90 .arith/mult 32, L_000001F5E2838470, L_000001F5E28374D0;
S_000001F5E27EF740 .scope generate, "gen_col[3]" "gen_col[3]" 3 27, 3 27 0, S_000001F5E27EDB20;
 .timescale -9 -12;
P_000001F5E2775AC0 .param/l "c" 1 3 27, +C4<011>;
S_000001F5E27EEAC0 .scope module, "pe_inst" "systolic_pe" 3 32, 4 3 0, S_000001F5E27EF740;
 .timescale -9 -12;
    .port_info 0 /INPUT 1 "clk";
    .port_info 1 /INPUT 1 "rst";
    .port_info 2 /INPUT 1 "load_weight";
    .port_info 3 /INPUT 16 "weight_in";
    .port_info 4 /INPUT 16 "in_val_in";
    .port_info 5 /INPUT 16 "acc_in";
    .port_info 6 /OUTPUT 16 "weight_out";
    .port_info 7 /OUTPUT 16 "in_val_out";
    .port_info 8 /OUTPUT 16 "acc_out";
v000001F5E27F2140_0 .net/s "acc_in", 15 0, v000001F5E27F0580_0;  alias, 1 drivers
v000001F5E27F3400_0 .var/s "acc_out", 15 0;
v000001F5E27F1BA0_0 .net "clk", 0 0, v000001F5E283C070_0;  alias, 1 drivers
v000001F5E27F3860_0 .net/s "in_val_in", 15 0, v000001F5E27E4EB0_0;  alias, 1 drivers
v000001F5E27F3A40_0 .var/s "in_val_out", 15 0;
v000001F5E27F21E0_0 .net "load_weight", 0 0, v000001F5E283C890_0;  alias, 1 drivers
v000001F5E27F1CE0_0 .net/s "mac_result", 15 0, v000001F5E27F1C40_0;  1 drivers
v000001F5E27F3E00_0 .net "rst", 0 0, v000001F5E283DAB0_0;  alias, 1 drivers
v000001F5E27F3C20_0 .var/s "stationary_weight", 15 0;
v000001F5E27F3540_0 .net/s "weight_in", 15 0, v000001F5E27F3220_0;  alias, 1 drivers
v000001F5E27F2960_0 .var/s "weight_out", 15 0;
S_000001F5E27EDCB0 .scope module, "core_mac" "mac_q4_12" 4 19, 5 1 0, S_000001F5E27EEAC0;
 .timescale -9 -12;
    .port_info 0 /INPUT 16 "weight";
    .port_info 1 /INPUT 16 "in_val";
    .port_info 2 /INPUT 16 "acc_in";
    .port_info 3 /OUTPUT 16 "acc_out";
v000001F5E27F1A60_0 .net/s *"_ivl_0", 31 0, L_000001F5E2838FB0;  1 drivers
v000001F5E27F3720_0 .net/s *"_ivl_2", 31 0, L_000001F5E2838BF0;  1 drivers
v000001F5E27F1B00_0 .net/s "acc_in", 15 0, v000001F5E27F0580_0;  alias, 1 drivers
v000001F5E27F1C40_0 .var/s "acc_out", 15 0;
v000001F5E27F25A0_0 .net/s "in_val", 15 0, v000001F5E27E4EB0_0;  alias, 1 drivers
v000001F5E27F2320_0 .net/s "product", 31 0, L_000001F5E2837250;  1 drivers
v000001F5E27F28C0_0 .net/s "weight", 15 0, v000001F5E27F3C20_0;  1 drivers
E_000001F5E2775600 .event anyedge, v000001F5E27F0580_0, v000001F5E27F2320_0;
L_000001F5E2838FB0 .extend/s 32, v000001F5E27F3C20_0;
L_000001F5E2838BF0 .extend/s 32, v000001F5E27E4EB0_0;
L_000001F5E2837250 .arith/mult 32, L_000001F5E2838FB0, L_000001F5E2838BF0;
S_000001F5E27EE7A0 .scope generate, "gen_col[4]" "gen_col[4]" 3 27, 3 27 0, S_000001F5E27EDB20;
 .timescale -9 -12;
P_000001F5E2775E40 .param/l "c" 1 3 27, +C4<0100>;
S_000001F5E27EE930 .scope module, "pe_inst" "systolic_pe" 3 32, 4 3 0, S_000001F5E27EE7A0;
 .timescale -9 -12;
    .port_info 0 /INPUT 1 "clk";
    .port_info 1 /INPUT 1 "rst";
    .port_info 2 /INPUT 1 "load_weight";
    .port_info 3 /INPUT 16 "weight_in";
    .port_info 4 /INPUT 16 "in_val_in";
    .port_info 5 /INPUT 16 "acc_in";
    .port_info 6 /OUTPUT 16 "weight_out";
    .port_info 7 /OUTPUT 16 "in_val_out";
    .port_info 8 /OUTPUT 16 "acc_out";
v000001F5E27F32C0_0 .net/s "acc_in", 15 0, v000001F5E27F3400_0;  alias, 1 drivers
v000001F5E27F2E60_0 .var/s "acc_out", 15 0;
v000001F5E27F1E20_0 .net "clk", 0 0, v000001F5E283C070_0;  alias, 1 drivers
v000001F5E27F37C0_0 .net/s "in_val_in", 15 0, v000001F5E27E4C30_0;  alias, 1 drivers
v000001F5E27F3180_0 .var/s "in_val_out", 15 0;
v000001F5E27F3900_0 .net "load_weight", 0 0, v000001F5E283C890_0;  alias, 1 drivers
v000001F5E27F3EA0_0 .net/s "mac_result", 15 0, v000001F5E27F2FA0_0;  1 drivers
v000001F5E27F2C80_0 .net "rst", 0 0, v000001F5E283DAB0_0;  alias, 1 drivers
v000001F5E27F3F40_0 .var/s "stationary_weight", 15 0;
v000001F5E27F3360_0 .net/s "weight_in", 15 0, v000001F5E27F2960_0;  alias, 1 drivers
v000001F5E27F1EC0_0 .var/s "weight_out", 15 0;
S_000001F5E27EEC50 .scope module, "core_mac" "mac_q4_12" 4 19, 5 1 0, S_000001F5E27EE930;
 .timescale -9 -12;
    .port_info 0 /INPUT 16 "weight";
    .port_info 1 /INPUT 16 "in_val";
    .port_info 2 /INPUT 16 "acc_in";
    .port_info 3 /OUTPUT 16 "acc_out";
v000001F5E27F1D80_0 .net/s *"_ivl_0", 31 0, L_000001F5E28371B0;  1 drivers
v000001F5E27F2640_0 .net/s *"_ivl_2", 31 0, L_000001F5E2838A10;  1 drivers
v000001F5E27F2BE0_0 .net/s "acc_in", 15 0, v000001F5E27F3400_0;  alias, 1 drivers
v000001F5E27F2FA0_0 .var/s "acc_out", 15 0;
v000001F5E27F2500_0 .net/s "in_val", 15 0, v000001F5E27E4C30_0;  alias, 1 drivers
v000001F5E27F3040_0 .net/s "product", 31 0, L_000001F5E2838790;  1 drivers
v000001F5E27F30E0_0 .net/s "weight", 15 0, v000001F5E27F3F40_0;  1 drivers
E_000001F5E2775440 .event anyedge, v000001F5E27F3400_0, v000001F5E27F3040_0;
L_000001F5E28371B0 .extend/s 32, v000001F5E27F3F40_0;
L_000001F5E2838A10 .extend/s 32, v000001F5E27E4C30_0;
L_000001F5E2838790 .arith/mult 32, L_000001F5E28371B0, L_000001F5E2838A10;
S_000001F5E27EF100 .scope generate, "gen_col[5]" "gen_col[5]" 3 27, 3 27 0, S_000001F5E27EDB20;
 .timescale -9 -12;
P_000001F5E2775B40 .param/l "c" 1 3 27, +C4<0101>;
S_000001F5E27F7340 .scope module, "pe_inst" "systolic_pe" 3 32, 4 3 0, S_000001F5E27EF100;
 .timescale -9 -12;
    .port_info 0 /INPUT 1 "clk";
    .port_info 1 /INPUT 1 "rst";
    .port_info 2 /INPUT 1 "load_weight";
    .port_info 3 /INPUT 16 "weight_in";
    .port_info 4 /INPUT 16 "in_val_in";
    .port_info 5 /INPUT 16 "acc_in";
    .port_info 6 /OUTPUT 16 "weight_out";
    .port_info 7 /OUTPUT 16 "in_val_out";
    .port_info 8 /OUTPUT 16 "acc_out";
v000001F5E27F3D60_0 .net/s "acc_in", 15 0, v000001F5E27F2E60_0;  alias, 1 drivers
v000001F5E27F2DC0_0 .var/s "acc_out", 15 0;
v000001F5E27F2460_0 .net "clk", 0 0, v000001F5E283C070_0;  alias, 1 drivers
v000001F5E27F2F00_0 .net/s "in_val_in", 15 0, v000001F5E27E4410_0;  alias, 1 drivers
v000001F5E27F3680_0 .var/s "in_val_out", 15 0;
v000001F5E27F39A0_0 .net "load_weight", 0 0, v000001F5E283C890_0;  alias, 1 drivers
v000001F5E27F3AE0_0 .net/s "mac_result", 15 0, v000001F5E27F2280_0;  1 drivers
v000001F5E27F3B80_0 .net "rst", 0 0, v000001F5E283DAB0_0;  alias, 1 drivers
v000001F5E27F26E0_0 .var/s "stationary_weight", 15 0;
v000001F5E27F3FE0_0 .net/s "weight_in", 15 0, v000001F5E27F1EC0_0;  alias, 1 drivers
v000001F5E27F4080_0 .var/s "weight_out", 15 0;
S_000001F5E27F7980 .scope module, "core_mac" "mac_q4_12" 4 19, 5 1 0, S_000001F5E27F7340;
 .timescale -9 -12;
    .port_info 0 /INPUT 16 "weight";
    .port_info 1 /INPUT 16 "in_val";
    .port_info 2 /INPUT 16 "acc_in";
    .port_info 3 /OUTPUT 16 "acc_out";
v000001F5E27F1F60_0 .net/s *"_ivl_0", 31 0, L_000001F5E2836F30;  1 drivers
v000001F5E27F2000_0 .net/s *"_ivl_2", 31 0, L_000001F5E2836DF0;  1 drivers
v000001F5E27F2AA0_0 .net/s "acc_in", 15 0, v000001F5E27F2E60_0;  alias, 1 drivers
v000001F5E27F2280_0 .var/s "acc_out", 15 0;
v000001F5E27F2780_0 .net/s "in_val", 15 0, v000001F5E27E4410_0;  alias, 1 drivers
v000001F5E27F35E0_0 .net/s "product", 31 0, L_000001F5E2838150;  1 drivers
v000001F5E27F23C0_0 .net/s "weight", 15 0, v000001F5E27F26E0_0;  1 drivers
E_000001F5E2777000 .event anyedge, v000001F5E27F2E60_0, v000001F5E27F35E0_0;
L_000001F5E2836F30 .extend/s 32, v000001F5E27F26E0_0;
L_000001F5E2836DF0 .extend/s 32, v000001F5E27E4410_0;
L_000001F5E2838150 .arith/mult 32, L_000001F5E2836F30, L_000001F5E2836DF0;
S_000001F5E27F5D60 .scope generate, "gen_row[3]" "gen_row[3]" 3 22, 3 22 0, S_000001F5E23AEE10;
 .timescale -9 -12;
P_000001F5E2777080 .param/l "r" 1 3 22, +C4<011>;
L_000001F5E26DD620 .functor BUFZ 16, v000001F5E27F8D70_0, C4<0000000000000000>, C4<0000000000000000>, C4<0000000000000000>;
v000001F5E27FB1B0_0 .net *"_ivl_7", 15 0, L_000001F5E26DD620;  1 drivers
S_000001F5E27F7660 .scope generate, "gen_col[0]" "gen_col[0]" 3 27, 3 27 0, S_000001F5E27F5D60;
 .timescale -9 -12;
P_000001F5E2776380 .param/l "c" 1 3 27, +C4<00>;
S_000001F5E27F77F0 .scope module, "pe_inst" "systolic_pe" 3 32, 4 3 0, S_000001F5E27F7660;
 .timescale -9 -12;
    .port_info 0 /INPUT 1 "clk";
    .port_info 1 /INPUT 1 "rst";
    .port_info 2 /INPUT 1 "load_weight";
    .port_info 3 /INPUT 16 "weight_in";
    .port_info 4 /INPUT 16 "in_val_in";
    .port_info 5 /INPUT 16 "acc_in";
    .port_info 6 /OUTPUT 16 "weight_out";
    .port_info 7 /OUTPUT 16 "in_val_out";
    .port_info 8 /OUTPUT 16 "acc_out";
v000001F5E27F4D00_0 .net/s "acc_in", 15 0, L_000001F5E283F020;  alias, 1 drivers
v000001F5E27F4620_0 .var/s "acc_out", 15 0;
v000001F5E27F5520_0 .net "clk", 0 0, v000001F5E283C070_0;  alias, 1 drivers
v000001F5E27F4B20_0 .net/s "in_val_in", 15 0, v000001F5E27EFA40_0;  alias, 1 drivers
v000001F5E27F4DA0_0 .var/s "in_val_out", 15 0;
v000001F5E27F5160_0 .net "load_weight", 0 0, v000001F5E283C890_0;  alias, 1 drivers
v000001F5E27F5480_0 .net/s "mac_result", 15 0, v000001F5E27F4580_0;  1 drivers
v000001F5E27F4E40_0 .net "rst", 0 0, v000001F5E283DAB0_0;  alias, 1 drivers
v000001F5E27F4800_0 .var/s "stationary_weight", 15 0;
v000001F5E27F46C0_0 .net/s "weight_in", 15 0, L_000001F5E2838AB0;  alias, 1 drivers
v000001F5E27F4A80_0 .var/s "weight_out", 15 0;
S_000001F5E27F74D0 .scope module, "core_mac" "mac_q4_12" 4 19, 5 1 0, S_000001F5E27F77F0;
 .timescale -9 -12;
    .port_info 0 /INPUT 16 "weight";
    .port_info 1 /INPUT 16 "in_val";
    .port_info 2 /INPUT 16 "acc_in";
    .port_info 3 /OUTPUT 16 "acc_out";
v000001F5E27F4120_0 .net/s *"_ivl_0", 31 0, L_000001F5E2837A70;  1 drivers
v000001F5E27F2D20_0 .net/s *"_ivl_2", 31 0, L_000001F5E2837610;  1 drivers
v000001F5E27F55C0_0 .net/s "acc_in", 15 0, L_000001F5E283F020;  alias, 1 drivers
v000001F5E27F4580_0 .var/s "acc_out", 15 0;
v000001F5E27F49E0_0 .net/s "in_val", 15 0, v000001F5E27EFA40_0;  alias, 1 drivers
v000001F5E27F4C60_0 .net/s "product", 31 0, L_000001F5E28379D0;  1 drivers
v000001F5E27F5340_0 .net/s "weight", 15 0, v000001F5E27F4800_0;  1 drivers
E_000001F5E2776B00 .event anyedge, v000001F5E27F55C0_0, v000001F5E27F4C60_0;
L_000001F5E2837A70 .extend/s 32, v000001F5E27F4800_0;
L_000001F5E2837610 .extend/s 32, v000001F5E27EFA40_0;
L_000001F5E28379D0 .arith/mult 32, L_000001F5E2837A70, L_000001F5E2837610;
S_000001F5E27F5EF0 .scope generate, "gen_col[1]" "gen_col[1]" 3 27, 3 27 0, S_000001F5E27F5D60;
 .timescale -9 -12;
P_000001F5E27770C0 .param/l "c" 1 3 27, +C4<01>;
S_000001F5E27F5BD0 .scope module, "pe_inst" "systolic_pe" 3 32, 4 3 0, S_000001F5E27F5EF0;
 .timescale -9 -12;
    .port_info 0 /INPUT 1 "clk";
    .port_info 1 /INPUT 1 "rst";
    .port_info 2 /INPUT 1 "load_weight";
    .port_info 3 /INPUT 16 "weight_in";
    .port_info 4 /INPUT 16 "in_val_in";
    .port_info 5 /INPUT 16 "acc_in";
    .port_info 6 /OUTPUT 16 "weight_out";
    .port_info 7 /OUTPUT 16 "in_val_out";
    .port_info 8 /OUTPUT 16 "acc_out";
v000001F5E27F48A0_0 .net/s "acc_in", 15 0, v000001F5E27F4620_0;  alias, 1 drivers
v000001F5E27F57A0_0 .var/s "acc_out", 15 0;
v000001F5E27F4F80_0 .net "clk", 0 0, v000001F5E283C070_0;  alias, 1 drivers
v000001F5E27F5020_0 .net/s "in_val_in", 15 0, v000001F5E27F1840_0;  alias, 1 drivers
v000001F5E27F5200_0 .var/s "in_val_out", 15 0;
v000001F5E27F52A0_0 .net "load_weight", 0 0, v000001F5E283C890_0;  alias, 1 drivers
v000001F5E27F5840_0 .net/s "mac_result", 15 0, v000001F5E27F5700_0;  1 drivers
v000001F5E27F41C0_0 .net "rst", 0 0, v000001F5E283DAB0_0;  alias, 1 drivers
v000001F5E27F4260_0 .var/s "stationary_weight", 15 0;
v000001F5E27F4300_0 .net/s "weight_in", 15 0, v000001F5E27F4A80_0;  alias, 1 drivers
v000001F5E27F4BC0_0 .var/s "weight_out", 15 0;
S_000001F5E27F6210 .scope module, "core_mac" "mac_q4_12" 4 19, 5 1 0, S_000001F5E27F5BD0;
 .timescale -9 -12;
    .port_info 0 /INPUT 16 "weight";
    .port_info 1 /INPUT 16 "in_val";
    .port_info 2 /INPUT 16 "acc_in";
    .port_info 3 /OUTPUT 16 "acc_out";
v000001F5E27F50C0_0 .net/s *"_ivl_0", 31 0, L_000001F5E2837CF0;  1 drivers
v000001F5E27F5660_0 .net/s *"_ivl_2", 31 0, L_000001F5E2836990;  1 drivers
v000001F5E27F4760_0 .net/s "acc_in", 15 0, v000001F5E27F4620_0;  alias, 1 drivers
v000001F5E27F5700_0 .var/s "acc_out", 15 0;
v000001F5E27F4EE0_0 .net/s "in_val", 15 0, v000001F5E27F1840_0;  alias, 1 drivers
v000001F5E27F53E0_0 .net/s "product", 31 0, L_000001F5E2836C10;  1 drivers
v000001F5E27F4940_0 .net/s "weight", 15 0, v000001F5E27F4260_0;  1 drivers
E_000001F5E2776B80 .event anyedge, v000001F5E27F4620_0, v000001F5E27F53E0_0;
L_000001F5E2837CF0 .extend/s 32, v000001F5E27F4260_0;
L_000001F5E2836990 .extend/s 32, v000001F5E27F1840_0;
L_000001F5E2836C10 .arith/mult 32, L_000001F5E2837CF0, L_000001F5E2836990;
S_000001F5E27F63A0 .scope generate, "gen_col[2]" "gen_col[2]" 3 27, 3 27 0, S_000001F5E27F5D60;
 .timescale -9 -12;
P_000001F5E27764C0 .param/l "c" 1 3 27, +C4<010>;
S_000001F5E27F71B0 .scope module, "pe_inst" "systolic_pe" 3 32, 4 3 0, S_000001F5E27F63A0;
 .timescale -9 -12;
    .port_info 0 /INPUT 1 "clk";
    .port_info 1 /INPUT 1 "rst";
    .port_info 2 /INPUT 1 "load_weight";
    .port_info 3 /INPUT 16 "weight_in";
    .port_info 4 /INPUT 16 "in_val_in";
    .port_info 5 /INPUT 16 "acc_in";
    .port_info 6 /OUTPUT 16 "weight_out";
    .port_info 7 /OUTPUT 16 "in_val_out";
    .port_info 8 /OUTPUT 16 "acc_out";
v000001F5E27FA0D0_0 .net/s "acc_in", 15 0, v000001F5E27F57A0_0;  alias, 1 drivers
v000001F5E27F99F0_0 .var/s "acc_out", 15 0;
v000001F5E27F9950_0 .net "clk", 0 0, v000001F5E283C070_0;  alias, 1 drivers
v000001F5E27F9130_0 .net/s "in_val_in", 15 0, v000001F5E27F3CC0_0;  alias, 1 drivers
v000001F5E27F8E10_0 .var/s "in_val_out", 15 0;
v000001F5E27F7FB0_0 .net "load_weight", 0 0, v000001F5E283C890_0;  alias, 1 drivers
v000001F5E27F84B0_0 .net/s "mac_result", 15 0, v000001F5E27F8B90_0;  1 drivers
v000001F5E27F9EF0_0 .net "rst", 0 0, v000001F5E283DAB0_0;  alias, 1 drivers
v000001F5E27F7E70_0 .var/s "stationary_weight", 15 0;
v000001F5E27F9810_0 .net/s "weight_in", 15 0, v000001F5E27F4BC0_0;  alias, 1 drivers
v000001F5E27F8370_0 .var/s "weight_out", 15 0;
S_000001F5E27F6080 .scope module, "core_mac" "mac_q4_12" 4 19, 5 1 0, S_000001F5E27F71B0;
 .timescale -9 -12;
    .port_info 0 /INPUT 16 "weight";
    .port_info 1 /INPUT 16 "in_val";
    .port_info 2 /INPUT 16 "acc_in";
    .port_info 3 /OUTPUT 16 "acc_out";
v000001F5E27F43A0_0 .net/s *"_ivl_0", 31 0, L_000001F5E28372F0;  1 drivers
v000001F5E27F4440_0 .net/s *"_ivl_2", 31 0, L_000001F5E2838B50;  1 drivers
v000001F5E27F44E0_0 .net/s "acc_in", 15 0, v000001F5E27F57A0_0;  alias, 1 drivers
v000001F5E27F8B90_0 .var/s "acc_out", 15 0;
v000001F5E27F80F0_0 .net/s "in_val", 15 0, v000001F5E27F3CC0_0;  alias, 1 drivers
v000001F5E27F8410_0 .net/s "product", 31 0, L_000001F5E2837C50;  1 drivers
v000001F5E27F93B0_0 .net/s "weight", 15 0, v000001F5E27F7E70_0;  1 drivers
E_000001F5E27763C0 .event anyedge, v000001F5E27F57A0_0, v000001F5E27F8410_0;
L_000001F5E28372F0 .extend/s 32, v000001F5E27F7E70_0;
L_000001F5E2838B50 .extend/s 32, v000001F5E27F3CC0_0;
L_000001F5E2837C50 .arith/mult 32, L_000001F5E28372F0, L_000001F5E2838B50;
S_000001F5E27F7020 .scope generate, "gen_col[3]" "gen_col[3]" 3 27, 3 27 0, S_000001F5E27F5D60;
 .timescale -9 -12;
P_000001F5E2776BC0 .param/l "c" 1 3 27, +C4<011>;
S_000001F5E27F6E90 .scope module, "pe_inst" "systolic_pe" 3 32, 4 3 0, S_000001F5E27F7020;
 .timescale -9 -12;
    .port_info 0 /INPUT 1 "clk";
    .port_info 1 /INPUT 1 "rst";
    .port_info 2 /INPUT 1 "load_weight";
    .port_info 3 /INPUT 16 "weight_in";
    .port_info 4 /INPUT 16 "in_val_in";
    .port_info 5 /INPUT 16 "acc_in";
    .port_info 6 /OUTPUT 16 "weight_out";
    .port_info 7 /OUTPUT 16 "in_val_out";
    .port_info 8 /OUTPUT 16 "acc_out";
v000001F5E27F7DD0_0 .net/s "acc_in", 15 0, v000001F5E27F99F0_0;  alias, 1 drivers
v000001F5E27FA170_0 .var/s "acc_out", 15 0;
v000001F5E27F9C70_0 .net "clk", 0 0, v000001F5E283C070_0;  alias, 1 drivers
v000001F5E27F9090_0 .net/s "in_val_in", 15 0, v000001F5E27F3A40_0;  alias, 1 drivers
v000001F5E27F8050_0 .var/s "in_val_out", 15 0;
v000001F5E27F9E50_0 .net "load_weight", 0 0, v000001F5E283C890_0;  alias, 1 drivers
v000001F5E27F94F0_0 .net/s "mac_result", 15 0, v000001F5E27F9B30_0;  1 drivers
v000001F5E27F9630_0 .net "rst", 0 0, v000001F5E283DAB0_0;  alias, 1 drivers
v000001F5E27F8190_0 .var/s "stationary_weight", 15 0;
v000001F5E27F96D0_0 .net/s "weight_in", 15 0, v000001F5E27F8370_0;  alias, 1 drivers
v000001F5E27F8230_0 .var/s "weight_out", 15 0;
S_000001F5E27F6530 .scope module, "core_mac" "mac_q4_12" 4 19, 5 1 0, S_000001F5E27F6E90;
 .timescale -9 -12;
    .port_info 0 /INPUT 16 "weight";
    .port_info 1 /INPUT 16 "in_val";
    .port_info 2 /INPUT 16 "acc_in";
    .port_info 3 /OUTPUT 16 "acc_out";
v000001F5E27F7C90_0 .net/s *"_ivl_0", 31 0, L_000001F5E2836AD0;  1 drivers
v000001F5E27F7F10_0 .net/s *"_ivl_2", 31 0, L_000001F5E2836B70;  1 drivers
v000001F5E27F9A90_0 .net/s "acc_in", 15 0, v000001F5E27F99F0_0;  alias, 1 drivers
v000001F5E27F9B30_0 .var/s "acc_out", 15 0;
v000001F5E27F91D0_0 .net/s "in_val", 15 0, v000001F5E27F3A40_0;  alias, 1 drivers
v000001F5E27F8690_0 .net/s "product", 31 0, L_000001F5E28381F0;  1 drivers
v000001F5E27F7BF0_0 .net/s "weight", 15 0, v000001F5E27F8190_0;  1 drivers
E_000001F5E2776C00 .event anyedge, v000001F5E27F99F0_0, v000001F5E27F8690_0;
L_000001F5E2836AD0 .extend/s 32, v000001F5E27F8190_0;
L_000001F5E2836B70 .extend/s 32, v000001F5E27F3A40_0;
L_000001F5E28381F0 .arith/mult 32, L_000001F5E2836AD0, L_000001F5E2836B70;
S_000001F5E27F66C0 .scope generate, "gen_col[4]" "gen_col[4]" 3 27, 3 27 0, S_000001F5E27F5D60;
 .timescale -9 -12;
P_000001F5E2776D40 .param/l "c" 1 3 27, +C4<0100>;
S_000001F5E27F6850 .scope module, "pe_inst" "systolic_pe" 3 32, 4 3 0, S_000001F5E27F66C0;
 .timescale -9 -12;
    .port_info 0 /INPUT 1 "clk";
    .port_info 1 /INPUT 1 "rst";
    .port_info 2 /INPUT 1 "load_weight";
    .port_info 3 /INPUT 16 "weight_in";
    .port_info 4 /INPUT 16 "in_val_in";
    .port_info 5 /INPUT 16 "acc_in";
    .port_info 6 /OUTPUT 16 "weight_out";
    .port_info 7 /OUTPUT 16 "in_val_out";
    .port_info 8 /OUTPUT 16 "acc_out";
v000001F5E27F82D0_0 .net/s "acc_in", 15 0, v000001F5E27FA170_0;  alias, 1 drivers
v000001F5E27F8550_0 .var/s "acc_out", 15 0;
v000001F5E27F9450_0 .net "clk", 0 0, v000001F5E283C070_0;  alias, 1 drivers
v000001F5E27F85F0_0 .net/s "in_val_in", 15 0, v000001F5E27F3180_0;  alias, 1 drivers
v000001F5E27F9770_0 .var/s "in_val_out", 15 0;
v000001F5E27F98B0_0 .net "load_weight", 0 0, v000001F5E283C890_0;  alias, 1 drivers
v000001F5E27F8730_0 .net/s "mac_result", 15 0, v000001F5E27F9270_0;  1 drivers
v000001F5E27F7D30_0 .net "rst", 0 0, v000001F5E283DAB0_0;  alias, 1 drivers
v000001F5E27F87D0_0 .var/s "stationary_weight", 15 0;
v000001F5E27F9D10_0 .net/s "weight_in", 15 0, v000001F5E27F8230_0;  alias, 1 drivers
v000001F5E27F9DB0_0 .var/s "weight_out", 15 0;
S_000001F5E27F69E0 .scope module, "core_mac" "mac_q4_12" 4 19, 5 1 0, S_000001F5E27F6850;
 .timescale -9 -12;
    .port_info 0 /INPUT 16 "weight";
    .port_info 1 /INPUT 16 "in_val";
    .port_info 2 /INPUT 16 "acc_in";
    .port_info 3 /OUTPUT 16 "acc_out";
v000001F5E27FA030_0 .net/s *"_ivl_0", 31 0, L_000001F5E2837BB0;  1 drivers
v000001F5E27F8870_0 .net/s *"_ivl_2", 31 0, L_000001F5E2837930;  1 drivers
v000001F5E27F9590_0 .net/s "acc_in", 15 0, v000001F5E27FA170_0;  alias, 1 drivers
v000001F5E27F9270_0 .var/s "acc_out", 15 0;
v000001F5E27FA2B0_0 .net/s "in_val", 15 0, v000001F5E27F3180_0;  alias, 1 drivers
v000001F5E27F9310_0 .net/s "product", 31 0, L_000001F5E28377F0;  1 drivers
v000001F5E27F9BD0_0 .net/s "weight", 15 0, v000001F5E27F87D0_0;  1 drivers
E_000001F5E2776EC0 .event anyedge, v000001F5E27FA170_0, v000001F5E27F9310_0;
L_000001F5E2837BB0 .extend/s 32, v000001F5E27F87D0_0;
L_000001F5E2837930 .extend/s 32, v000001F5E27F3180_0;
L_000001F5E28377F0 .arith/mult 32, L_000001F5E2837BB0, L_000001F5E2837930;
S_000001F5E27F6D00 .scope generate, "gen_col[5]" "gen_col[5]" 3 27, 3 27 0, S_000001F5E27F5D60;
 .timescale -9 -12;
P_000001F5E2776540 .param/l "c" 1 3 27, +C4<0101>;
S_000001F5E27F6B70 .scope module, "pe_inst" "systolic_pe" 3 32, 4 3 0, S_000001F5E27F6D00;
 .timescale -9 -12;
    .port_info 0 /INPUT 1 "clk";
    .port_info 1 /INPUT 1 "rst";
    .port_info 2 /INPUT 1 "load_weight";
    .port_info 3 /INPUT 16 "weight_in";
    .port_info 4 /INPUT 16 "in_val_in";
    .port_info 5 /INPUT 16 "acc_in";
    .port_info 6 /OUTPUT 16 "weight_out";
    .port_info 7 /OUTPUT 16 "in_val_out";
    .port_info 8 /OUTPUT 16 "acc_out";
v000001F5E27F8AF0_0 .net/s "acc_in", 15 0, v000001F5E27F8550_0;  alias, 1 drivers
v000001F5E27F8D70_0 .var/s "acc_out", 15 0;
v000001F5E27F8C30_0 .net "clk", 0 0, v000001F5E283C070_0;  alias, 1 drivers
v000001F5E27F8CD0_0 .net/s "in_val_in", 15 0, v000001F5E27F3680_0;  alias, 1 drivers
v000001F5E27F8F50_0 .var/s "in_val_out", 15 0;
v000001F5E27F8FF0_0 .net "load_weight", 0 0, v000001F5E283C890_0;  alias, 1 drivers
v000001F5E27FB110_0 .net/s "mac_result", 15 0, v000001F5E27F89B0_0;  1 drivers
v000001F5E27FA490_0 .net "rst", 0 0, v000001F5E283DAB0_0;  alias, 1 drivers
v000001F5E27FAF30_0 .var/s "stationary_weight", 15 0;
v000001F5E27FB2F0_0 .net/s "weight_in", 15 0, v000001F5E27F9DB0_0;  alias, 1 drivers
v000001F5E27FB570_0 .var/s "weight_out", 15 0;
S_000001F5E27FD680 .scope module, "core_mac" "mac_q4_12" 4 19, 5 1 0, S_000001F5E27F6B70;
 .timescale -9 -12;
    .port_info 0 /INPUT 16 "weight";
    .port_info 1 /INPUT 16 "in_val";
    .port_info 2 /INPUT 16 "acc_in";
    .port_info 3 /OUTPUT 16 "acc_out";
v000001F5E27F9F90_0 .net/s *"_ivl_0", 31 0, L_000001F5E2838330;  1 drivers
v000001F5E27F8EB0_0 .net/s *"_ivl_2", 31 0, L_000001F5E2836CB0;  1 drivers
v000001F5E27F8910_0 .net/s "acc_in", 15 0, v000001F5E27F8550_0;  alias, 1 drivers
v000001F5E27F89B0_0 .var/s "acc_out", 15 0;
v000001F5E27FA210_0 .net/s "in_val", 15 0, v000001F5E27F3680_0;  alias, 1 drivers
v000001F5E27F8A50_0 .net/s "product", 31 0, L_000001F5E2838DD0;  1 drivers
v000001F5E27FA350_0 .net/s "weight", 15 0, v000001F5E27FAF30_0;  1 drivers
E_000001F5E27765C0 .event anyedge, v000001F5E27F8550_0, v000001F5E27F8A50_0;
L_000001F5E2838330 .extend/s 32, v000001F5E27FAF30_0;
L_000001F5E2836CB0 .extend/s 32, v000001F5E27F3680_0;
L_000001F5E2838DD0 .arith/mult 32, L_000001F5E2838330, L_000001F5E2836CB0;
S_000001F5E27FD040 .scope generate, "gen_row[4]" "gen_row[4]" 3 22, 3 22 0, S_000001F5E23AEE10;
 .timescale -9 -12;
P_000001F5E27772C0 .param/l "r" 1 3 22, +C4<0100>;
L_000001F5E26DC7B0 .functor BUFZ 16, v000001F5E2800D70_0, C4<0000000000000000>, C4<0000000000000000>, C4<0000000000000000>;
v000001F5E28011D0_0 .net *"_ivl_7", 15 0, L_000001F5E26DC7B0;  1 drivers
S_000001F5E27FC230 .scope generate, "gen_col[0]" "gen_col[0]" 3 27, 3 27 0, S_000001F5E27FD040;
 .timescale -9 -12;
P_000001F5E2778700 .param/l "c" 1 3 27, +C4<00>;
S_000001F5E27FD810 .scope module, "pe_inst" "systolic_pe" 3 32, 4 3 0, S_000001F5E27FC230;
 .timescale -9 -12;
    .port_info 0 /INPUT 1 "clk";
    .port_info 1 /INPUT 1 "rst";
    .port_info 2 /INPUT 1 "load_weight";
    .port_info 3 /INPUT 16 "weight_in";
    .port_info 4 /INPUT 16 "in_val_in";
    .port_info 5 /INPUT 16 "acc_in";
    .port_info 6 /OUTPUT 16 "weight_out";
    .port_info 7 /OUTPUT 16 "in_val_out";
    .port_info 8 /OUTPUT 16 "acc_out";
v000001F5E27FAD50_0 .net/s "acc_in", 15 0, L_000001F5E283F068;  alias, 1 drivers
v000001F5E27FAFD0_0 .var/s "acc_out", 15 0;
v000001F5E27FB070_0 .net "clk", 0 0, v000001F5E283C070_0;  alias, 1 drivers
v000001F5E27FB250_0 .net/s "in_val_in", 15 0, v000001F5E27F4DA0_0;  alias, 1 drivers
v000001F5E27FB890_0 .var/s "in_val_out", 15 0;
v000001F5E27FAAD0_0 .net "load_weight", 0 0, v000001F5E283C890_0;  alias, 1 drivers
v000001F5E27FB390_0 .net/s "mac_result", 15 0, v000001F5E27FACB0_0;  1 drivers
v000001F5E27FB430_0 .net "rst", 0 0, v000001F5E283DAB0_0;  alias, 1 drivers
v000001F5E27FB4D0_0 .var/s "stationary_weight", 15 0;
v000001F5E27FA3F0_0 .net/s "weight_in", 15 0, L_000001F5E2837D90;  alias, 1 drivers
v000001F5E27FB750_0 .var/s "weight_out", 15 0;
S_000001F5E27FC3C0 .scope module, "core_mac" "mac_q4_12" 4 19, 5 1 0, S_000001F5E27FD810;
 .timescale -9 -12;
    .port_info 0 /INPUT 16 "weight";
    .port_info 1 /INPUT 16 "in_val";
    .port_info 2 /INPUT 16 "acc_in";
    .port_info 3 /OUTPUT 16 "acc_out";
v000001F5E27FA530_0 .net/s *"_ivl_0", 31 0, L_000001F5E28383D0;  1 drivers
v000001F5E27FAC10_0 .net/s *"_ivl_2", 31 0, L_000001F5E2836D50;  1 drivers
v000001F5E27FA5D0_0 .net/s "acc_in", 15 0, L_000001F5E283F068;  alias, 1 drivers
v000001F5E27FACB0_0 .var/s "acc_out", 15 0;
v000001F5E27FB930_0 .net/s "in_val", 15 0, v000001F5E27F4DA0_0;  alias, 1 drivers
v000001F5E27FB610_0 .net/s "product", 31 0, L_000001F5E2837890;  1 drivers
v000001F5E27FB6B0_0 .net/s "weight", 15 0, v000001F5E27FB4D0_0;  1 drivers
E_000001F5E2778400 .event anyedge, v000001F5E27FA5D0_0, v000001F5E27FB610_0;
L_000001F5E28383D0 .extend/s 32, v000001F5E27FB4D0_0;
L_000001F5E2836D50 .extend/s 32, v000001F5E27F4DA0_0;
L_000001F5E2837890 .arith/mult 32, L_000001F5E28383D0, L_000001F5E2836D50;
S_000001F5E27FD1D0 .scope generate, "gen_col[1]" "gen_col[1]" 3 27, 3 27 0, S_000001F5E27FD040;
 .timescale -9 -12;
P_000001F5E2778480 .param/l "c" 1 3 27, +C4<01>;
S_000001F5E27FD9A0 .scope module, "pe_inst" "systolic_pe" 3 32, 4 3 0, S_000001F5E27FD1D0;
 .timescale -9 -12;
    .port_info 0 /INPUT 1 "clk";
    .port_info 1 /INPUT 1 "rst";
    .port_info 2 /INPUT 1 "load_weight";
    .port_info 3 /INPUT 16 "weight_in";
    .port_info 4 /INPUT 16 "in_val_in";
    .port_info 5 /INPUT 16 "acc_in";
    .port_info 6 /OUTPUT 16 "weight_out";
    .port_info 7 /OUTPUT 16 "in_val_out";
    .port_info 8 /OUTPUT 16 "acc_out";
v000001F5E27FB9D0_0 .net/s "acc_in", 15 0, v000001F5E27FAFD0_0;  alias, 1 drivers
v000001F5E27FBA70_0 .var/s "acc_out", 15 0;
v000001F5E27FA7B0_0 .net "clk", 0 0, v000001F5E283C070_0;  alias, 1 drivers
v000001F5E27FA850_0 .net/s "in_val_in", 15 0, v000001F5E27F5200_0;  alias, 1 drivers
v000001F5E27FA990_0 .var/s "in_val_out", 15 0;
v000001F5E27FAA30_0 .net "load_weight", 0 0, v000001F5E283C890_0;  alias, 1 drivers
v000001F5E27FE4D0_0 .net/s "mac_result", 15 0, v000001F5E27FADF0_0;  1 drivers
v000001F5E27FE930_0 .net "rst", 0 0, v000001F5E283DAB0_0;  alias, 1 drivers
v000001F5E27FE610_0 .var/s "stationary_weight", 15 0;
v000001F5E27FE890_0 .net/s "weight_in", 15 0, v000001F5E27FB750_0;  alias, 1 drivers
v000001F5E27FDFD0_0 .var/s "weight_out", 15 0;
S_000001F5E27FBBF0 .scope module, "core_mac" "mac_q4_12" 4 19, 5 1 0, S_000001F5E27FD9A0;
 .timescale -9 -12;
    .port_info 0 /INPUT 16 "weight";
    .port_info 1 /INPUT 16 "in_val";
    .port_info 2 /INPUT 16 "acc_in";
    .port_info 3 /OUTPUT 16 "acc_out";
v000001F5E27FA670_0 .net/s *"_ivl_0", 31 0, L_000001F5E2836FD0;  1 drivers
v000001F5E27FAB70_0 .net/s *"_ivl_2", 31 0, L_000001F5E2837390;  1 drivers
v000001F5E27FAE90_0 .net/s "acc_in", 15 0, v000001F5E27FAFD0_0;  alias, 1 drivers
v000001F5E27FADF0_0 .var/s "acc_out", 15 0;
v000001F5E27FA710_0 .net/s "in_val", 15 0, v000001F5E27F5200_0;  alias, 1 drivers
v000001F5E27FB7F0_0 .net/s "product", 31 0, L_000001F5E28386F0;  1 drivers
v000001F5E27FA8F0_0 .net/s "weight", 15 0, v000001F5E27FE610_0;  1 drivers
E_000001F5E27784C0 .event anyedge, v000001F5E27FAFD0_0, v000001F5E27FB7F0_0;
L_000001F5E2836FD0 .extend/s 32, v000001F5E27FE610_0;
L_000001F5E2837390 .extend/s 32, v000001F5E27F5200_0;
L_000001F5E28386F0 .arith/mult 32, L_000001F5E2836FD0, L_000001F5E2837390;
S_000001F5E27FD360 .scope generate, "gen_col[2]" "gen_col[2]" 3 27, 3 27 0, S_000001F5E27FD040;
 .timescale -9 -12;
P_000001F5E2778640 .param/l "c" 1 3 27, +C4<010>;
S_000001F5E27FC6E0 .scope module, "pe_inst" "systolic_pe" 3 32, 4 3 0, S_000001F5E27FD360;
 .timescale -9 -12;
    .port_info 0 /INPUT 1 "clk";
    .port_info 1 /INPUT 1 "rst";
    .port_info 2 /INPUT 1 "load_weight";
    .port_info 3 /INPUT 16 "weight_in";
    .port_info 4 /INPUT 16 "in_val_in";
    .port_info 5 /INPUT 16 "acc_in";
    .port_info 6 /OUTPUT 16 "weight_out";
    .port_info 7 /OUTPUT 16 "in_val_out";
    .port_info 8 /OUTPUT 16 "acc_out";
v000001F5E27FF3D0_0 .net/s "acc_in", 15 0, v000001F5E27FBA70_0;  alias, 1 drivers
v000001F5E27FE390_0 .var/s "acc_out", 15 0;
v000001F5E27FE070_0 .net "clk", 0 0, v000001F5E283C070_0;  alias, 1 drivers
v000001F5E2800050_0 .net/s "in_val_in", 15 0, v000001F5E27F8E10_0;  alias, 1 drivers
v000001F5E27FEB10_0 .var/s "in_val_out", 15 0;
v000001F5E27FFE70_0 .net "load_weight", 0 0, v000001F5E283C890_0;  alias, 1 drivers
v000001F5E27FF650_0 .net/s "mac_result", 15 0, v000001F5E27FFA10_0;  1 drivers
v000001F5E27FE570_0 .net "rst", 0 0, v000001F5E283DAB0_0;  alias, 1 drivers
v000001F5E27FDD50_0 .var/s "stationary_weight", 15 0;
v000001F5E27FFF10_0 .net/s "weight_in", 15 0, v000001F5E27FDFD0_0;  alias, 1 drivers
v000001F5E27FF0B0_0 .var/s "weight_out", 15 0;
S_000001F5E27FBD80 .scope module, "core_mac" "mac_q4_12" 4 19, 5 1 0, S_000001F5E27FC6E0;
 .timescale -9 -12;
    .port_info 0 /INPUT 16 "weight";
    .port_info 1 /INPUT 16 "in_val";
    .port_info 2 /INPUT 16 "acc_in";
    .port_info 3 /OUTPUT 16 "acc_out";
v000001F5E27FDCB0_0 .net/s *"_ivl_0", 31 0, L_000001F5E2837E30;  1 drivers
v000001F5E27FDF30_0 .net/s *"_ivl_2", 31 0, L_000001F5E2837110;  1 drivers
v000001F5E27FFAB0_0 .net/s "acc_in", 15 0, v000001F5E27FBA70_0;  alias, 1 drivers
v000001F5E27FFA10_0 .var/s "acc_out", 15 0;
v000001F5E27FF150_0 .net/s "in_val", 15 0, v000001F5E27F8E10_0;  alias, 1 drivers
v000001F5E27FE6B0_0 .net/s "product", 31 0, L_000001F5E2838E70;  1 drivers
v000001F5E27FDC10_0 .net/s "weight", 15 0, v000001F5E27FDD50_0;  1 drivers
E_000001F5E27786C0 .event anyedge, v000001F5E27FBA70_0, v000001F5E27FE6B0_0;
L_000001F5E2837E30 .extend/s 32, v000001F5E27FDD50_0;
L_000001F5E2837110 .extend/s 32, v000001F5E27F8E10_0;
L_000001F5E2838E70 .arith/mult 32, L_000001F5E2837E30, L_000001F5E2837110;
S_000001F5E27FBF10 .scope generate, "gen_col[3]" "gen_col[3]" 3 27, 3 27 0, S_000001F5E27FD040;
 .timescale -9 -12;
P_000001F5E2778740 .param/l "c" 1 3 27, +C4<011>;
S_000001F5E27FCA00 .scope module, "pe_inst" "systolic_pe" 3 32, 4 3 0, S_000001F5E27FBF10;
 .timescale -9 -12;
    .port_info 0 /INPUT 1 "clk";
    .port_info 1 /INPUT 1 "rst";
    .port_info 2 /INPUT 1 "load_weight";
    .port_info 3 /INPUT 16 "weight_in";
    .port_info 4 /INPUT 16 "in_val_in";
    .port_info 5 /INPUT 16 "acc_in";
    .port_info 6 /OUTPUT 16 "weight_out";
    .port_info 7 /OUTPUT 16 "in_val_out";
    .port_info 8 /OUTPUT 16 "acc_out";
v000001F5E27FF8D0_0 .net/s "acc_in", 15 0, v000001F5E27FE390_0;  alias, 1 drivers
v000001F5E28000F0_0 .var/s "acc_out", 15 0;
v000001F5E27FF290_0 .net "clk", 0 0, v000001F5E283C070_0;  alias, 1 drivers
v000001F5E27FE430_0 .net/s "in_val_in", 15 0, v000001F5E27F8050_0;  alias, 1 drivers
v000001F5E27FF510_0 .var/s "in_val_out", 15 0;
v000001F5E27FE1B0_0 .net "load_weight", 0 0, v000001F5E283C890_0;  alias, 1 drivers
v000001F5E27FECF0_0 .net/s "mac_result", 15 0, v000001F5E27FF470_0;  1 drivers
v000001F5E27FE9D0_0 .net "rst", 0 0, v000001F5E283DAB0_0;  alias, 1 drivers
v000001F5E27FE250_0 .var/s "stationary_weight", 15 0;
v000001F5E27FF330_0 .net/s "weight_in", 15 0, v000001F5E27FF0B0_0;  alias, 1 drivers
v000001F5E27FF970_0 .var/s "weight_out", 15 0;
S_000001F5E27FC0A0 .scope module, "core_mac" "mac_q4_12" 4 19, 5 1 0, S_000001F5E27FCA00;
 .timescale -9 -12;
    .port_info 0 /INPUT 16 "weight";
    .port_info 1 /INPUT 16 "in_val";
    .port_info 2 /INPUT 16 "acc_in";
    .port_info 3 /OUTPUT 16 "acc_out";
v000001F5E27FEE30_0 .net/s *"_ivl_0", 31 0, L_000001F5E2838650;  1 drivers
v000001F5E27FF1F0_0 .net/s *"_ivl_2", 31 0, L_000001F5E28388D0;  1 drivers
v000001F5E27FFB50_0 .net/s "acc_in", 15 0, v000001F5E27FE390_0;  alias, 1 drivers
v000001F5E27FF470_0 .var/s "acc_out", 15 0;
v000001F5E27FE750_0 .net/s "in_val", 15 0, v000001F5E27F8050_0;  alias, 1 drivers
v000001F5E28002D0_0 .net/s "product", 31 0, L_000001F5E2837ED0;  1 drivers
v000001F5E27FFBF0_0 .net/s "weight", 15 0, v000001F5E27FE250_0;  1 drivers
E_000001F5E2778840 .event anyedge, v000001F5E27FE390_0, v000001F5E28002D0_0;
L_000001F5E2838650 .extend/s 32, v000001F5E27FE250_0;
L_000001F5E28388D0 .extend/s 32, v000001F5E27F8050_0;
L_000001F5E2837ED0 .arith/mult 32, L_000001F5E2838650, L_000001F5E28388D0;
S_000001F5E27FCD20 .scope generate, "gen_col[4]" "gen_col[4]" 3 27, 3 27 0, S_000001F5E27FD040;
 .timescale -9 -12;
P_000001F5E2778880 .param/l "c" 1 3 27, +C4<0100>;
S_000001F5E27FCB90 .scope module, "pe_inst" "systolic_pe" 3 32, 4 3 0, S_000001F5E27FCD20;
 .timescale -9 -12;
    .port_info 0 /INPUT 1 "clk";
    .port_info 1 /INPUT 1 "rst";
    .port_info 2 /INPUT 1 "load_weight";
    .port_info 3 /INPUT 16 "weight_in";
    .port_info 4 /INPUT 16 "in_val_in";
    .port_info 5 /INPUT 16 "acc_in";
    .port_info 6 /OUTPUT 16 "weight_out";
    .port_info 7 /OUTPUT 16 "in_val_out";
    .port_info 8 /OUTPUT 16 "acc_out";
v000001F5E27FFD30_0 .net/s "acc_in", 15 0, v000001F5E28000F0_0;  alias, 1 drivers
v000001F5E27FDE90_0 .var/s "acc_out", 15 0;
v000001F5E27FFDD0_0 .net "clk", 0 0, v000001F5E283C070_0;  alias, 1 drivers
v000001F5E27FF830_0 .net/s "in_val_in", 15 0, v000001F5E27F9770_0;  alias, 1 drivers
v000001F5E27FF790_0 .var/s "in_val_out", 15 0;
v000001F5E27FE110_0 .net "load_weight", 0 0, v000001F5E283C890_0;  alias, 1 drivers
v000001F5E27FE7F0_0 .net/s "mac_result", 15 0, v000001F5E27FFFB0_0;  1 drivers
v000001F5E27FE2F0_0 .net "rst", 0 0, v000001F5E283DAB0_0;  alias, 1 drivers
v000001F5E2800230_0 .var/s "stationary_weight", 15 0;
v000001F5E27FEBB0_0 .net/s "weight_in", 15 0, v000001F5E27FF970_0;  alias, 1 drivers
v000001F5E2800370_0 .var/s "weight_out", 15 0;
S_000001F5E27FC550 .scope module, "core_mac" "mac_q4_12" 4 19, 5 1 0, S_000001F5E27FCB90;
 .timescale -9 -12;
    .port_info 0 /INPUT 16 "weight";
    .port_info 1 /INPUT 16 "in_val";
    .port_info 2 /INPUT 16 "acc_in";
    .port_info 3 /OUTPUT 16 "acc_out";
v000001F5E27FEA70_0 .net/s *"_ivl_0", 31 0, L_000001F5E2839050;  1 drivers
v000001F5E27FDDF0_0 .net/s *"_ivl_2", 31 0, L_000001F5E2836E90;  1 drivers
v000001F5E27FFC90_0 .net/s "acc_in", 15 0, v000001F5E28000F0_0;  alias, 1 drivers
v000001F5E27FFFB0_0 .var/s "acc_out", 15 0;
v000001F5E2800190_0 .net/s "in_val", 15 0, v000001F5E27F9770_0;  alias, 1 drivers
v000001F5E27FF5B0_0 .net/s "product", 31 0, L_000001F5E2838F10;  1 drivers
v000001F5E27FF6F0_0 .net/s "weight", 15 0, v000001F5E2800230_0;  1 drivers
E_000001F5E27788C0 .event anyedge, v000001F5E28000F0_0, v000001F5E27FF5B0_0;
L_000001F5E2839050 .extend/s 32, v000001F5E2800230_0;
L_000001F5E2836E90 .extend/s 32, v000001F5E27F9770_0;
L_000001F5E2838F10 .arith/mult 32, L_000001F5E2839050, L_000001F5E2836E90;
S_000001F5E27FC870 .scope generate, "gen_col[5]" "gen_col[5]" 3 27, 3 27 0, S_000001F5E27FD040;
 .timescale -9 -12;
P_000001F5E2771E80 .param/l "c" 1 3 27, +C4<0101>;
S_000001F5E27FCEB0 .scope module, "pe_inst" "systolic_pe" 3 32, 4 3 0, S_000001F5E27FC870;
 .timescale -9 -12;
    .port_info 0 /INPUT 1 "clk";
    .port_info 1 /INPUT 1 "rst";
    .port_info 2 /INPUT 1 "load_weight";
    .port_info 3 /INPUT 16 "weight_in";
    .port_info 4 /INPUT 16 "in_val_in";
    .port_info 5 /INPUT 16 "acc_in";
    .port_info 6 /OUTPUT 16 "weight_out";
    .port_info 7 /OUTPUT 16 "in_val_out";
    .port_info 8 /OUTPUT 16 "acc_out";
v000001F5E2801630_0 .net/s "acc_in", 15 0, v000001F5E27FDE90_0;  alias, 1 drivers
v000001F5E2800D70_0 .var/s "acc_out", 15 0;
v000001F5E2800FF0_0 .net "clk", 0 0, v000001F5E283C070_0;  alias, 1 drivers
v000001F5E28018B0_0 .net/s "in_val_in", 15 0, v000001F5E27F8F50_0;  alias, 1 drivers
v000001F5E2800F50_0 .var/s "in_val_out", 15 0;
v000001F5E2801310_0 .net "load_weight", 0 0, v000001F5E283C890_0;  alias, 1 drivers
v000001F5E2801810_0 .net/s "mac_result", 15 0, v000001F5E27FEED0_0;  1 drivers
v000001F5E28013B0_0 .net "rst", 0 0, v000001F5E283DAB0_0;  alias, 1 drivers
v000001F5E28016D0_0 .var/s "stationary_weight", 15 0;
v000001F5E2800410_0 .net/s "weight_in", 15 0, v000001F5E2800370_0;  alias, 1 drivers
v000001F5E2801090_0 .var/s "weight_out", 15 0;
S_000001F5E27FD4F0 .scope module, "core_mac" "mac_q4_12" 4 19, 5 1 0, S_000001F5E27FCEB0;
 .timescale -9 -12;
    .port_info 0 /INPUT 16 "weight";
    .port_info 1 /INPUT 16 "in_val";
    .port_info 2 /INPUT 16 "acc_in";
    .port_info 3 /OUTPUT 16 "acc_out";
v000001F5E27FEC50_0 .net/s *"_ivl_0", 31 0, L_000001F5E2838970;  1 drivers
v000001F5E27FF010_0 .net/s *"_ivl_2", 31 0, L_000001F5E2837F70;  1 drivers
v000001F5E27FED90_0 .net/s "acc_in", 15 0, v000001F5E27FDE90_0;  alias, 1 drivers
v000001F5E27FEED0_0 .var/s "acc_out", 15 0;
v000001F5E27FEF70_0 .net/s "in_val", 15 0, v000001F5E27F8F50_0;  alias, 1 drivers
v000001F5E2801590_0 .net/s "product", 31 0, L_000001F5E2837070;  1 drivers
v000001F5E28014F0_0 .net/s "weight", 15 0, v000001F5E28016D0_0;  1 drivers
E_000001F5E2771200 .event anyedge, v000001F5E27FDE90_0, v000001F5E2801590_0;
L_000001F5E2838970 .extend/s 32, v000001F5E28016D0_0;
L_000001F5E2837F70 .extend/s 32, v000001F5E27F8F50_0;
L_000001F5E2837070 .arith/mult 32, L_000001F5E2838970, L_000001F5E2837F70;
S_000001F5E28128A0 .scope generate, "gen_row[5]" "gen_row[5]" 3 22, 3 22 0, S_000001F5E23AEE10;
 .timescale -9 -12;
P_000001F5E27720C0 .param/l "r" 1 3 22, +C4<0101>;
L_000001F5E26DCC10 .functor BUFZ 16, v000001F5E2816800_0, C4<0000000000000000>, C4<0000000000000000>, C4<0000000000000000>;
v000001F5E28166C0_0 .net *"_ivl_7", 15 0, L_000001F5E26DCC10;  1 drivers
S_000001F5E28136B0 .scope generate, "gen_col[0]" "gen_col[0]" 3 27, 3 27 0, S_000001F5E28128A0;
 .timescale -9 -12;
P_000001F5E2771500 .param/l "c" 1 3 27, +C4<00>;
S_000001F5E2813840 .scope module, "pe_inst" "systolic_pe" 3 32, 4 3 0, S_000001F5E28136B0;
 .timescale -9 -12;
    .port_info 0 /INPUT 1 "clk";
    .port_info 1 /INPUT 1 "rst";
    .port_info 2 /INPUT 1 "load_weight";
    .port_info 3 /INPUT 16 "weight_in";
    .port_info 4 /INPUT 16 "in_val_in";
    .port_info 5 /INPUT 16 "acc_in";
    .port_info 6 /OUTPUT 16 "weight_out";
    .port_info 7 /OUTPUT 16 "in_val_out";
    .port_info 8 /OUTPUT 16 "acc_out";
v000001F5E28019F0_0 .net/s "acc_in", 15 0, L_000001F5E283F0B0;  alias, 1 drivers
v000001F5E2800C30_0 .var/s "acc_out", 15 0;
v000001F5E2801A90_0 .net "clk", 0 0, v000001F5E283C070_0;  alias, 1 drivers
v000001F5E2801270_0 .net/s "in_val_in", 15 0, v000001F5E27FB890_0;  alias, 1 drivers
v000001F5E2800E10_0 .var/s "in_val_out", 15 0;
v000001F5E28004B0_0 .net "load_weight", 0 0, v000001F5E283C890_0;  alias, 1 drivers
v000001F5E2800550_0 .net/s "mac_result", 15 0, v000001F5E2801770_0;  1 drivers
v000001F5E28005F0_0 .net "rst", 0 0, v000001F5E283DAB0_0;  alias, 1 drivers
v000001F5E2800690_0 .var/s "stationary_weight", 15 0;
v000001F5E28007D0_0 .net/s "weight_in", 15 0, L_000001F5E2837430;  alias, 1 drivers
v000001F5E2800910_0 .var/s "weight_out", 15 0;
S_000001F5E2813520 .scope module, "core_mac" "mac_q4_12" 4 19, 5 1 0, S_000001F5E2813840;
 .timescale -9 -12;
    .port_info 0 /INPUT 16 "weight";
    .port_info 1 /INPUT 16 "in_val";
    .port_info 2 /INPUT 16 "acc_in";
    .port_info 3 /OUTPUT 16 "acc_out";
v000001F5E2800B90_0 .net/s *"_ivl_0", 31 0, L_000001F5E2837570;  1 drivers
v000001F5E2801450_0 .net/s *"_ivl_2", 31 0, L_000001F5E2837750;  1 drivers
v000001F5E2800730_0 .net/s "acc_in", 15 0, L_000001F5E283F0B0;  alias, 1 drivers
v000001F5E2801770_0 .var/s "acc_out", 15 0;
v000001F5E2800870_0 .net/s "in_val", 15 0, v000001F5E27FB890_0;  alias, 1 drivers
v000001F5E2801950_0 .net/s "product", 31 0, L_000001F5E2839A50;  1 drivers
v000001F5E2801130_0 .net/s "weight", 15 0, v000001F5E2800690_0;  1 drivers
E_000001F5E2771C00 .event anyedge, v000001F5E2800730_0, v000001F5E2801950_0;
L_000001F5E2837570 .extend/s 32, v000001F5E2800690_0;
L_000001F5E2837750 .extend/s 32, v000001F5E27FB890_0;
L_000001F5E2839A50 .arith/mult 32, L_000001F5E2837570, L_000001F5E2837750;
S_000001F5E2813390 .scope generate, "gen_col[1]" "gen_col[1]" 3 27, 3 27 0, S_000001F5E28128A0;
 .timescale -9 -12;
P_000001F5E27719C0 .param/l "c" 1 3 27, +C4<01>;
S_000001F5E2812A30 .scope module, "pe_inst" "systolic_pe" 3 32, 4 3 0, S_000001F5E2813390;
 .timescale -9 -12;
    .port_info 0 /INPUT 1 "clk";
    .port_info 1 /INPUT 1 "rst";
    .port_info 2 /INPUT 1 "load_weight";
    .port_info 3 /INPUT 16 "weight_in";
    .port_info 4 /INPUT 16 "in_val_in";
    .port_info 5 /INPUT 16 "acc_in";
    .port_info 6 /OUTPUT 16 "weight_out";
    .port_info 7 /OUTPUT 16 "in_val_out";
    .port_info 8 /OUTPUT 16 "acc_out";
v000001F5E2815AE0_0 .net/s "acc_in", 15 0, v000001F5E2800C30_0;  alias, 1 drivers
v000001F5E2814D20_0 .var/s "acc_out", 15 0;
v000001F5E28141E0_0 .net "clk", 0 0, v000001F5E283C070_0;  alias, 1 drivers
v000001F5E2815F40_0 .net/s "in_val_in", 15 0, v000001F5E27FA990_0;  alias, 1 drivers
v000001F5E2814DC0_0 .var/s "in_val_out", 15 0;
v000001F5E2815180_0 .net "load_weight", 0 0, v000001F5E283C890_0;  alias, 1 drivers
v000001F5E2815A40_0 .net/s "mac_result", 15 0, v000001F5E2800AF0_0;  1 drivers
v000001F5E28161C0_0 .net "rst", 0 0, v000001F5E283DAB0_0;  alias, 1 drivers
v000001F5E2814E60_0 .var/s "stationary_weight", 15 0;
v000001F5E2814640_0 .net/s "weight_in", 15 0, v000001F5E2800910_0;  alias, 1 drivers
v000001F5E2815EA0_0 .var/s "weight_out", 15 0;
S_000001F5E28139D0 .scope module, "core_mac" "mac_q4_12" 4 19, 5 1 0, S_000001F5E2812A30;
 .timescale -9 -12;
    .port_info 0 /INPUT 16 "weight";
    .port_info 1 /INPUT 16 "in_val";
    .port_info 2 /INPUT 16 "acc_in";
    .port_info 3 /OUTPUT 16 "acc_out";
v000001F5E28009B0_0 .net/s *"_ivl_0", 31 0, L_000001F5E283A1D0;  1 drivers
v000001F5E2800CD0_0 .net/s *"_ivl_2", 31 0, L_000001F5E283B670;  1 drivers
v000001F5E2800A50_0 .net/s "acc_in", 15 0, v000001F5E2800C30_0;  alias, 1 drivers
v000001F5E2800AF0_0 .var/s "acc_out", 15 0;
v000001F5E2800EB0_0 .net/s "in_val", 15 0, v000001F5E27FA990_0;  alias, 1 drivers
v000001F5E28155E0_0 .net/s "product", 31 0, L_000001F5E283B530;  1 drivers
v000001F5E2814140_0 .net/s "weight", 15 0, v000001F5E2814E60_0;  1 drivers
E_000001F5E2771640 .event anyedge, v000001F5E2800C30_0, v000001F5E28155E0_0;
L_000001F5E283A1D0 .extend/s 32, v000001F5E2814E60_0;
L_000001F5E283B670 .extend/s 32, v000001F5E27FA990_0;
L_000001F5E283B530 .arith/mult 32, L_000001F5E283A1D0, L_000001F5E283B670;
S_000001F5E28120D0 .scope generate, "gen_col[2]" "gen_col[2]" 3 27, 3 27 0, S_000001F5E28128A0;
 .timescale -9 -12;
P_000001F5E27716C0 .param/l "c" 1 3 27, +C4<010>;
S_000001F5E2812EE0 .scope module, "pe_inst" "systolic_pe" 3 32, 4 3 0, S_000001F5E28120D0;
 .timescale -9 -12;
    .port_info 0 /INPUT 1 "clk";
    .port_info 1 /INPUT 1 "rst";
    .port_info 2 /INPUT 1 "load_weight";
    .port_info 3 /INPUT 16 "weight_in";
    .port_info 4 /INPUT 16 "in_val_in";
    .port_info 5 /INPUT 16 "acc_in";
    .port_info 6 /OUTPUT 16 "weight_out";
    .port_info 7 /OUTPUT 16 "in_val_out";
    .port_info 8 /OUTPUT 16 "acc_out";
v000001F5E28157C0_0 .net/s "acc_in", 15 0, v000001F5E2814D20_0;  alias, 1 drivers
v000001F5E2815680_0 .var/s "acc_out", 15 0;
v000001F5E2815040_0 .net "clk", 0 0, v000001F5E283C070_0;  alias, 1 drivers
v000001F5E28146E0_0 .net/s "in_val_in", 15 0, v000001F5E27FEB10_0;  alias, 1 drivers
v000001F5E2813C40_0 .var/s "in_val_out", 15 0;
v000001F5E2813EC0_0 .net "load_weight", 0 0, v000001F5E283C890_0;  alias, 1 drivers
v000001F5E2813E20_0 .net/s "mac_result", 15 0, v000001F5E2814F00_0;  1 drivers
v000001F5E2815400_0 .net "rst", 0 0, v000001F5E283DAB0_0;  alias, 1 drivers
v000001F5E2813CE0_0 .var/s "stationary_weight", 15 0;
v000001F5E28150E0_0 .net/s "weight_in", 15 0, v000001F5E2815EA0_0;  alias, 1 drivers
v000001F5E2816300_0 .var/s "weight_out", 15 0;
S_000001F5E2811C20 .scope module, "core_mac" "mac_q4_12" 4 19, 5 1 0, S_000001F5E2812EE0;
 .timescale -9 -12;
    .port_info 0 /INPUT 16 "weight";
    .port_info 1 /INPUT 16 "in_val";
    .port_info 2 /INPUT 16 "acc_in";
    .port_info 3 /OUTPUT 16 "acc_out";
v000001F5E2815860_0 .net/s *"_ivl_0", 31 0, L_000001F5E2839EB0;  1 drivers
v000001F5E2814280_0 .net/s *"_ivl_2", 31 0, L_000001F5E283A8B0;  1 drivers
v000001F5E2814960_0 .net/s "acc_in", 15 0, v000001F5E2814D20_0;  alias, 1 drivers
v000001F5E2814F00_0 .var/s "acc_out", 15 0;
v000001F5E2815900_0 .net/s "in_val", 15 0, v000001F5E27FEB10_0;  alias, 1 drivers
v000001F5E2814320_0 .net/s "product", 31 0, L_000001F5E2839690;  1 drivers
v000001F5E2814FA0_0 .net/s "weight", 15 0, v000001F5E2813CE0_0;  1 drivers
E_000001F5E2771800 .event anyedge, v000001F5E2814D20_0, v000001F5E2814320_0;
L_000001F5E2839EB0 .extend/s 32, v000001F5E2813CE0_0;
L_000001F5E283A8B0 .extend/s 32, v000001F5E27FEB10_0;
L_000001F5E2839690 .arith/mult 32, L_000001F5E2839EB0, L_000001F5E283A8B0;
S_000001F5E28123F0 .scope generate, "gen_col[3]" "gen_col[3]" 3 27, 3 27 0, S_000001F5E28128A0;
 .timescale -9 -12;
P_000001F5E2771D80 .param/l "c" 1 3 27, +C4<011>;
S_000001F5E2811DB0 .scope module, "pe_inst" "systolic_pe" 3 32, 4 3 0, S_000001F5E28123F0;
 .timescale -9 -12;
    .port_info 0 /INPUT 1 "clk";
    .port_info 1 /INPUT 1 "rst";
    .port_info 2 /INPUT 1 "load_weight";
    .port_info 3 /INPUT 16 "weight_in";
    .port_info 4 /INPUT 16 "in_val_in";
    .port_info 5 /INPUT 16 "acc_in";
    .port_info 6 /OUTPUT 16 "weight_out";
    .port_info 7 /OUTPUT 16 "in_val_out";
    .port_info 8 /OUTPUT 16 "acc_out";
v000001F5E2815FE0_0 .net/s "acc_in", 15 0, v000001F5E2815680_0;  alias, 1 drivers
v000001F5E2814A00_0 .var/s "acc_out", 15 0;
v000001F5E2815220_0 .net "clk", 0 0, v000001F5E283C070_0;  alias, 1 drivers
v000001F5E2816080_0 .net/s "in_val_in", 15 0, v000001F5E27FF510_0;  alias, 1 drivers
v000001F5E2815E00_0 .var/s "in_val_out", 15 0;
v000001F5E2815360_0 .net "load_weight", 0 0, v000001F5E283C890_0;  alias, 1 drivers
v000001F5E2815CC0_0 .net/s "mac_result", 15 0, v000001F5E28143C0_0;  1 drivers
v000001F5E28163A0_0 .net "rst", 0 0, v000001F5E283DAB0_0;  alias, 1 drivers
v000001F5E2816120_0 .var/s "stationary_weight", 15 0;
v000001F5E2813D80_0 .net/s "weight_in", 15 0, v000001F5E2816300_0;  alias, 1 drivers
v000001F5E2816260_0 .var/s "weight_out", 15 0;
S_000001F5E2812BC0 .scope module, "core_mac" "mac_q4_12" 4 19, 5 1 0, S_000001F5E2811DB0;
 .timescale -9 -12;
    .port_info 0 /INPUT 16 "weight";
    .port_info 1 /INPUT 16 "in_val";
    .port_info 2 /INPUT 16 "acc_in";
    .port_info 3 /OUTPUT 16 "acc_out";
v000001F5E28140A0_0 .net/s *"_ivl_0", 31 0, L_000001F5E283B030;  1 drivers
v000001F5E2815720_0 .net/s *"_ivl_2", 31 0, L_000001F5E283A950;  1 drivers
v000001F5E28159A0_0 .net/s "acc_in", 15 0, v000001F5E2815680_0;  alias, 1 drivers
v000001F5E28143C0_0 .var/s "acc_out", 15 0;
v000001F5E2815B80_0 .net/s "in_val", 15 0, v000001F5E27FF510_0;  alias, 1 drivers
v000001F5E2815C20_0 .net/s "product", 31 0, L_000001F5E283B5D0;  1 drivers
v000001F5E2815D60_0 .net/s "weight", 15 0, v000001F5E2816120_0;  1 drivers
E_000001F5E2771340 .event anyedge, v000001F5E2815680_0, v000001F5E2815C20_0;
L_000001F5E283B030 .extend/s 32, v000001F5E2816120_0;
L_000001F5E283A950 .extend/s 32, v000001F5E27FF510_0;
L_000001F5E283B5D0 .arith/mult 32, L_000001F5E283B030, L_000001F5E283A950;
S_000001F5E2812D50 .scope generate, "gen_col[4]" "gen_col[4]" 3 27, 3 27 0, S_000001F5E28128A0;
 .timescale -9 -12;
P_000001F5E2771A00 .param/l "c" 1 3 27, +C4<0100>;
S_000001F5E2811F40 .scope module, "pe_inst" "systolic_pe" 3 32, 4 3 0, S_000001F5E2812D50;
 .timescale -9 -12;
    .port_info 0 /INPUT 1 "clk";
    .port_info 1 /INPUT 1 "rst";
    .port_info 2 /INPUT 1 "load_weight";
    .port_info 3 /INPUT 16 "weight_in";
    .port_info 4 /INPUT 16 "in_val_in";
    .port_info 5 /INPUT 16 "acc_in";
    .port_info 6 /OUTPUT 16 "weight_out";
    .port_info 7 /OUTPUT 16 "in_val_out";
    .port_info 8 /OUTPUT 16 "acc_out";
v000001F5E28148C0_0 .net/s "acc_in", 15 0, v000001F5E2814A00_0;  alias, 1 drivers
v000001F5E2814B40_0 .var/s "acc_out", 15 0;
v000001F5E2814780_0 .net "clk", 0 0, v000001F5E283C070_0;  alias, 1 drivers
v000001F5E2815540_0 .net/s "in_val_in", 15 0, v000001F5E27FF790_0;  alias, 1 drivers
v000001F5E2814820_0 .var/s "in_val_out", 15 0;
v000001F5E2814AA0_0 .net "load_weight", 0 0, v000001F5E283C890_0;  alias, 1 drivers
v000001F5E2814BE0_0 .net/s "mac_result", 15 0, v000001F5E2814000_0;  1 drivers
v000001F5E2814C80_0 .net "rst", 0 0, v000001F5E283DAB0_0;  alias, 1 drivers
v000001F5E2817840_0 .var/s "stationary_weight", 15 0;
v000001F5E2817480_0 .net/s "weight_in", 15 0, v000001F5E2816260_0;  alias, 1 drivers
v000001F5E28168A0_0 .var/s "weight_out", 15 0;
S_000001F5E2812260 .scope module, "core_mac" "mac_q4_12" 4 19, 5 1 0, S_000001F5E2811F40;
 .timescale -9 -12;
    .port_info 0 /INPUT 16 "weight";
    .port_info 1 /INPUT 16 "in_val";
    .port_info 2 /INPUT 16 "acc_in";
    .port_info 3 /OUTPUT 16 "acc_out";
v000001F5E28145A0_0 .net/s *"_ivl_0", 31 0, L_000001F5E283B710;  1 drivers
v000001F5E28152C0_0 .net/s *"_ivl_2", 31 0, L_000001F5E283AC70;  1 drivers
v000001F5E2813F60_0 .net/s "acc_in", 15 0, v000001F5E2814A00_0;  alias, 1 drivers
v000001F5E2814000_0 .var/s "acc_out", 15 0;
v000001F5E2814460_0 .net/s "in_val", 15 0, v000001F5E27FF790_0;  alias, 1 drivers
v000001F5E2814500_0 .net/s "product", 31 0, L_000001F5E283A810;  1 drivers
v000001F5E28154A0_0 .net/s "weight", 15 0, v000001F5E2817840_0;  1 drivers
E_000001F5E2771380 .event anyedge, v000001F5E2814A00_0, v000001F5E2814500_0;
L_000001F5E283B710 .extend/s 32, v000001F5E2817840_0;
L_000001F5E283AC70 .extend/s 32, v000001F5E27FF790_0;
L_000001F5E283A810 .arith/mult 32, L_000001F5E283B710, L_000001F5E283AC70;
S_000001F5E2813070 .scope generate, "gen_col[5]" "gen_col[5]" 3 27, 3 27 0, S_000001F5E28128A0;
 .timescale -9 -12;
P_000001F5E2771840 .param/l "c" 1 3 27, +C4<0101>;
S_000001F5E2813200 .scope module, "pe_inst" "systolic_pe" 3 32, 4 3 0, S_000001F5E2813070;
 .timescale -9 -12;
    .port_info 0 /INPUT 1 "clk";
    .port_info 1 /INPUT 1 "rst";
    .port_info 2 /INPUT 1 "load_weight";
    .port_info 3 /INPUT 16 "weight_in";
    .port_info 4 /INPUT 16 "in_val_in";
    .port_info 5 /INPUT 16 "acc_in";
    .port_info 6 /OUTPUT 16 "weight_out";
    .port_info 7 /OUTPUT 16 "in_val_out";
    .port_info 8 /OUTPUT 16 "acc_out";
v000001F5E2816580_0 .net/s "acc_in", 15 0, v000001F5E2814B40_0;  alias, 1 drivers
v000001F5E2816800_0 .var/s "acc_out", 15 0;
v000001F5E2817200_0 .net "clk", 0 0, v000001F5E283C070_0;  alias, 1 drivers
v000001F5E2816940_0 .net/s "in_val_in", 15 0, v000001F5E2800F50_0;  alias, 1 drivers
v000001F5E2817340_0 .var/s "in_val_out", 15 0;
v000001F5E28170C0_0 .net "load_weight", 0 0, v000001F5E283C890_0;  alias, 1 drivers
v000001F5E2816620_0 .net/s "mac_result", 15 0, v000001F5E2817020_0;  1 drivers
v000001F5E2816440_0 .net "rst", 0 0, v000001F5E283DAB0_0;  alias, 1 drivers
v000001F5E28169E0_0 .var/s "stationary_weight", 15 0;
v000001F5E28173E0_0 .net/s "weight_in", 15 0, v000001F5E28168A0_0;  alias, 1 drivers
v000001F5E2817520_0 .var/s "weight_out", 15 0;
S_000001F5E2812580 .scope module, "core_mac" "mac_q4_12" 4 19, 5 1 0, S_000001F5E2813200;
 .timescale -9 -12;
    .port_info 0 /INPUT 16 "weight";
    .port_info 1 /INPUT 16 "in_val";
    .port_info 2 /INPUT 16 "acc_in";
    .port_info 3 /OUTPUT 16 "acc_out";
v000001F5E28178E0_0 .net/s *"_ivl_0", 31 0, L_000001F5E283B3F0;  1 drivers
v000001F5E2816B20_0 .net/s *"_ivl_2", 31 0, L_000001F5E2839F50;  1 drivers
v000001F5E28172A0_0 .net/s "acc_in", 15 0, v000001F5E2814B40_0;  alias, 1 drivers
v000001F5E2817020_0 .var/s "acc_out", 15 0;
v000001F5E2817A20_0 .net/s "in_val", 15 0, v000001F5E2800F50_0;  alias, 1 drivers
v000001F5E2817660_0 .net/s "product", 31 0, L_000001F5E283B350;  1 drivers
v000001F5E2817160_0 .net/s "weight", 15 0, v000001F5E28169E0_0;  1 drivers
E_000001F5E2771940 .event anyedge, v000001F5E2814B40_0, v000001F5E2817660_0;
L_000001F5E283B3F0 .extend/s 32, v000001F5E28169E0_0;
L_000001F5E2839F50 .extend/s 32, v000001F5E2800F50_0;
L_000001F5E283B350 .arith/mult 32, L_000001F5E283B3F0, L_000001F5E2839F50;
S_000001F5E2812710 .scope generate, "gen_row[6]" "gen_row[6]" 3 22, 3 22 0, S_000001F5E23AEE10;
 .timescale -9 -12;
P_000001F5E2771880 .param/l "r" 1 3 22, +C4<0110>;
L_000001F5E26DCD60 .functor BUFZ 16, v000001F5E281A5C0_0, C4<0000000000000000>, C4<0000000000000000>, C4<0000000000000000>;
v000001F5E281C140_0 .net *"_ivl_7", 15 0, L_000001F5E26DCD60;  1 drivers
S_000001F5E281A210 .scope generate, "gen_col[0]" "gen_col[0]" 3 27, 3 27 0, S_000001F5E2812710;
 .timescale -9 -12;
P_000001F5E2771440 .param/l "c" 1 3 27, +C4<00>;
S_000001F5E2819400 .scope module, "pe_inst" "systolic_pe" 3 32, 4 3 0, S_000001F5E281A210;
 .timescale -9 -12;
    .port_info 0 /INPUT 1 "clk";
    .port_info 1 /INPUT 1 "rst";
    .port_info 2 /INPUT 1 "load_weight";
    .port_info 3 /INPUT 16 "weight_in";
    .port_info 4 /INPUT 16 "in_val_in";
    .port_info 5 /INPUT 16 "acc_in";
    .port_info 6 /OUTPUT 16 "weight_out";
    .port_info 7 /OUTPUT 16 "in_val_out";
    .port_info 8 /OUTPUT 16 "acc_out";
v000001F5E2816F80_0 .net/s "acc_in", 15 0, L_000001F5E283F0F8;  alias, 1 drivers
v000001F5E2817AC0_0 .var/s "acc_out", 15 0;
v000001F5E2817700_0 .net "clk", 0 0, v000001F5E283C070_0;  alias, 1 drivers
v000001F5E28177A0_0 .net/s "in_val_in", 15 0, v000001F5E2800E10_0;  alias, 1 drivers
v000001F5E2816BC0_0 .var/s "in_val_out", 15 0;
v000001F5E28164E0_0 .net "load_weight", 0 0, v000001F5E283C890_0;  alias, 1 drivers
v000001F5E2816C60_0 .net/s "mac_result", 15 0, v000001F5E2816A80_0;  1 drivers
v000001F5E2816E40_0 .net "rst", 0 0, v000001F5E283DAB0_0;  alias, 1 drivers
v000001F5E2820EC0_0 .var/s "stationary_weight", 15 0;
v000001F5E28211E0_0 .net/s "weight_in", 15 0, L_000001F5E283ABD0;  alias, 1 drivers
v000001F5E2820CE0_0 .var/s "weight_out", 15 0;
S_000001F5E28190E0 .scope module, "core_mac" "mac_q4_12" 4 19, 5 1 0, S_000001F5E2819400;
 .timescale -9 -12;
    .port_info 0 /INPUT 16 "weight";
    .port_info 1 /INPUT 16 "in_val";
    .port_info 2 /INPUT 16 "acc_in";
    .port_info 3 /OUTPUT 16 "acc_out";
v000001F5E2816760_0 .net/s *"_ivl_0", 31 0, L_000001F5E283A6D0;  1 drivers
v000001F5E2817980_0 .net/s *"_ivl_2", 31 0, L_000001F5E283AD10;  1 drivers
v000001F5E2816D00_0 .net/s "acc_in", 15 0, L_000001F5E283F0F8;  alias, 1 drivers
v000001F5E2816A80_0 .var/s "acc_out", 15 0;
v000001F5E28175C0_0 .net/s "in_val", 15 0, v000001F5E2800E10_0;  alias, 1 drivers
v000001F5E2816DA0_0 .net/s "product", 31 0, L_000001F5E283A9F0;  1 drivers
v000001F5E2816EE0_0 .net/s "weight", 15 0, v000001F5E2820EC0_0;  1 drivers
E_000001F5E2771680 .event anyedge, v000001F5E2816D00_0, v000001F5E2816DA0_0;
L_000001F5E283A6D0 .extend/s 32, v000001F5E2820EC0_0;
L_000001F5E283AD10 .extend/s 32, v000001F5E2800E10_0;
L_000001F5E283A9F0 .arith/mult 32, L_000001F5E283A6D0, L_000001F5E283AD10;
S_000001F5E28185F0 .scope generate, "gen_col[1]" "gen_col[1]" 3 27, 3 27 0, S_000001F5E2812710;
 .timescale -9 -12;
P_000001F5E2772100 .param/l "c" 1 3 27, +C4<01>;
S_000001F5E2819EF0 .scope module, "pe_inst" "systolic_pe" 3 32, 4 3 0, S_000001F5E28185F0;
 .timescale -9 -12;
    .port_info 0 /INPUT 1 "clk";
    .port_info 1 /INPUT 1 "rst";
    .port_info 2 /INPUT 1 "load_weight";
    .port_info 3 /INPUT 16 "weight_in";
    .port_info 4 /INPUT 16 "in_val_in";
    .port_info 5 /INPUT 16 "acc_in";
    .port_info 6 /OUTPUT 16 "weight_out";
    .port_info 7 /OUTPUT 16 "in_val_out";
    .port_info 8 /OUTPUT 16 "acc_out";
v000001F5E2820740_0 .net/s "acc_in", 15 0, v000001F5E2817AC0_0;  alias, 1 drivers
v000001F5E2821280_0 .var/s "acc_out", 15 0;
v000001F5E2821640_0 .net "clk", 0 0, v000001F5E283C070_0;  alias, 1 drivers
v000001F5E2820B00_0 .net/s "in_val_in", 15 0, v000001F5E2814DC0_0;  alias, 1 drivers
v000001F5E281F660_0 .var/s "in_val_out", 15 0;
v000001F5E2820060_0 .net "load_weight", 0 0, v000001F5E283C890_0;  alias, 1 drivers
v000001F5E281F980_0 .net/s "mac_result", 15 0, v000001F5E2820D80_0;  1 drivers
v000001F5E2820240_0 .net "rst", 0 0, v000001F5E283DAB0_0;  alias, 1 drivers
v000001F5E281FCA0_0 .var/s "stationary_weight", 15 0;
v000001F5E2821320_0 .net/s "weight_in", 15 0, v000001F5E2820CE0_0;  alias, 1 drivers
v000001F5E281FA20_0 .var/s "weight_out", 15 0;
S_000001F5E281A080 .scope module, "core_mac" "mac_q4_12" 4 19, 5 1 0, S_000001F5E2819EF0;
 .timescale -9 -12;
    .port_info 0 /INPUT 16 "weight";
    .port_info 1 /INPUT 16 "in_val";
    .port_info 2 /INPUT 16 "acc_in";
    .port_info 3 /OUTPUT 16 "acc_out";
v000001F5E28215A0_0 .net/s *"_ivl_0", 31 0, L_000001F5E283AF90;  1 drivers
v000001F5E2820920_0 .net/s *"_ivl_2", 31 0, L_000001F5E283B490;  1 drivers
v000001F5E2820100_0 .net/s "acc_in", 15 0, v000001F5E2817AC0_0;  alias, 1 drivers
v000001F5E2820D80_0 .var/s "acc_out", 15 0;
v000001F5E2820F60_0 .net/s "in_val", 15 0, v000001F5E2814DC0_0;  alias, 1 drivers
v000001F5E2821780_0 .net/s "product", 31 0, L_000001F5E28399B0;  1 drivers
v000001F5E281F7A0_0 .net/s "weight", 15 0, v000001F5E281FCA0_0;  1 drivers
E_000001F5E27711C0 .event anyedge, v000001F5E2817AC0_0, v000001F5E2821780_0;
L_000001F5E283AF90 .extend/s 32, v000001F5E281FCA0_0;
L_000001F5E283B490 .extend/s 32, v000001F5E2814DC0_0;
L_000001F5E28399B0 .arith/mult 32, L_000001F5E283AF90, L_000001F5E283B490;
S_000001F5E2818460 .scope generate, "gen_col[2]" "gen_col[2]" 3 27, 3 27 0, S_000001F5E2812710;
 .timescale -9 -12;
P_000001F5E27718C0 .param/l "c" 1 3 27, +C4<010>;
S_000001F5E2818DC0 .scope module, "pe_inst" "systolic_pe" 3 32, 4 3 0, S_000001F5E2818460;
 .timescale -9 -12;
    .port_info 0 /INPUT 1 "clk";
    .port_info 1 /INPUT 1 "rst";
    .port_info 2 /INPUT 1 "load_weight";
    .port_info 3 /INPUT 16 "weight_in";
    .port_info 4 /INPUT 16 "in_val_in";
    .port_info 5 /INPUT 16 "acc_in";
    .port_info 6 /OUTPUT 16 "weight_out";
    .port_info 7 /OUTPUT 16 "in_val_out";
    .port_info 8 /OUTPUT 16 "acc_out";
v000001F5E2821000_0 .net/s "acc_in", 15 0, v000001F5E2821280_0;  alias, 1 drivers
v000001F5E2820BA0_0 .var/s "acc_out", 15 0;
v000001F5E2821140_0 .net "clk", 0 0, v000001F5E283C070_0;  alias, 1 drivers
v000001F5E281FDE0_0 .net/s "in_val_in", 15 0, v000001F5E2813C40_0;  alias, 1 drivers
v000001F5E2821460_0 .var/s "in_val_out", 15 0;
v000001F5E28206A0_0 .net "load_weight", 0 0, v000001F5E283C890_0;  alias, 1 drivers
v000001F5E28207E0_0 .net/s "mac_result", 15 0, v000001F5E2820E20_0;  1 drivers
v000001F5E28210A0_0 .net "rst", 0 0, v000001F5E283DAB0_0;  alias, 1 drivers
v000001F5E2821500_0 .var/s "stationary_weight", 15 0;
v000001F5E28216E0_0 .net/s "weight_in", 15 0, v000001F5E281FA20_0;  alias, 1 drivers
v000001F5E281FE80_0 .var/s "weight_out", 15 0;
S_000001F5E2818AA0 .scope module, "core_mac" "mac_q4_12" 4 19, 5 1 0, S_000001F5E2818DC0;
 .timescale -9 -12;
    .port_info 0 /INPUT 16 "weight";
    .port_info 1 /INPUT 16 "in_val";
    .port_info 2 /INPUT 16 "acc_in";
    .port_info 3 /OUTPUT 16 "acc_out";
v000001F5E28202E0_0 .net/s *"_ivl_0", 31 0, L_000001F5E2839190;  1 drivers
v000001F5E281FB60_0 .net/s *"_ivl_2", 31 0, L_000001F5E283A4F0;  1 drivers
v000001F5E2820380_0 .net/s "acc_in", 15 0, v000001F5E2821280_0;  alias, 1 drivers
v000001F5E2820E20_0 .var/s "acc_out", 15 0;
v000001F5E281F480_0 .net/s "in_val", 15 0, v000001F5E2813C40_0;  alias, 1 drivers
v000001F5E28213C0_0 .net/s "product", 31 0, L_000001F5E283A630;  1 drivers
v000001F5E2820560_0 .net/s "weight", 15 0, v000001F5E2821500_0;  1 drivers
E_000001F5E27712C0 .event anyedge, v000001F5E2821280_0, v000001F5E28213C0_0;
L_000001F5E2839190 .extend/s 32, v000001F5E2821500_0;
L_000001F5E283A4F0 .extend/s 32, v000001F5E2813C40_0;
L_000001F5E283A630 .arith/mult 32, L_000001F5E2839190, L_000001F5E283A4F0;
S_000001F5E2818780 .scope generate, "gen_col[3]" "gen_col[3]" 3 27, 3 27 0, S_000001F5E2812710;
 .timescale -9 -12;
P_000001F5E2771400 .param/l "c" 1 3 27, +C4<011>;
S_000001F5E2819D60 .scope module, "pe_inst" "systolic_pe" 3 32, 4 3 0, S_000001F5E2818780;
 .timescale -9 -12;
    .port_info 0 /INPUT 1 "clk";
    .port_info 1 /INPUT 1 "rst";
    .port_info 2 /INPUT 1 "load_weight";
    .port_info 3 /INPUT 16 "weight_in";
    .port_info 4 /INPUT 16 "in_val_in";
    .port_info 5 /INPUT 16 "acc_in";
    .port_info 6 /OUTPUT 16 "weight_out";
    .port_info 7 /OUTPUT 16 "in_val_out";
    .port_info 8 /OUTPUT 16 "acc_out";
v000001F5E2821820_0 .net/s "acc_in", 15 0, v000001F5E2820BA0_0;  alias, 1 drivers
v000001F5E2820C40_0 .var/s "acc_out", 15 0;
v000001F5E28204C0_0 .net "clk", 0 0, v000001F5E283C070_0;  alias, 1 drivers
v000001F5E2821960_0 .net/s "in_val_in", 15 0, v000001F5E2815E00_0;  alias, 1 drivers
v000001F5E2821A00_0 .var/s "in_val_out", 15 0;
v000001F5E2821AA0_0 .net "load_weight", 0 0, v000001F5E283C890_0;  alias, 1 drivers
v000001F5E28209C0_0 .net/s "mac_result", 15 0, v000001F5E2820420_0;  1 drivers
v000001F5E2821B40_0 .net "rst", 0 0, v000001F5E283DAB0_0;  alias, 1 drivers
v000001F5E2821BE0_0 .var/s "stationary_weight", 15 0;
v000001F5E2820A60_0 .net/s "weight_in", 15 0, v000001F5E281FE80_0;  alias, 1 drivers
v000001F5E281F520_0 .var/s "weight_out", 15 0;
S_000001F5E2818910 .scope module, "core_mac" "mac_q4_12" 4 19, 5 1 0, S_000001F5E2819D60;
 .timescale -9 -12;
    .port_info 0 /INPUT 16 "weight";
    .port_info 1 /INPUT 16 "in_val";
    .port_info 2 /INPUT 16 "acc_in";
    .port_info 3 /OUTPUT 16 "acc_out";
v000001F5E281FC00_0 .net/s *"_ivl_0", 31 0, L_000001F5E2839910;  1 drivers
v000001F5E28218C0_0 .net/s *"_ivl_2", 31 0, L_000001F5E2839D70;  1 drivers
v000001F5E281F700_0 .net/s "acc_in", 15 0, v000001F5E2820BA0_0;  alias, 1 drivers
v000001F5E2820420_0 .var/s "acc_out", 15 0;
v000001F5E2820880_0 .net/s "in_val", 15 0, v000001F5E2815E00_0;  alias, 1 drivers
v000001F5E281F840_0 .net/s "product", 31 0, L_000001F5E28392D0;  1 drivers
v000001F5E281FAC0_0 .net/s "weight", 15 0, v000001F5E2821BE0_0;  1 drivers
E_000001F5E2771EC0 .event anyedge, v000001F5E2820BA0_0, v000001F5E281F840_0;
L_000001F5E2839910 .extend/s 32, v000001F5E2821BE0_0;
L_000001F5E2839D70 .extend/s 32, v000001F5E2815E00_0;
L_000001F5E28392D0 .arith/mult 32, L_000001F5E2839910, L_000001F5E2839D70;
S_000001F5E2818C30 .scope generate, "gen_col[4]" "gen_col[4]" 3 27, 3 27 0, S_000001F5E2812710;
 .timescale -9 -12;
P_000001F5E2771A40 .param/l "c" 1 3 27, +C4<0100>;
S_000001F5E2818F50 .scope module, "pe_inst" "systolic_pe" 3 32, 4 3 0, S_000001F5E2818C30;
 .timescale -9 -12;
    .port_info 0 /INPUT 1 "clk";
    .port_info 1 /INPUT 1 "rst";
    .port_info 2 /INPUT 1 "load_weight";
    .port_info 3 /INPUT 16 "weight_in";
    .port_info 4 /INPUT 16 "in_val_in";
    .port_info 5 /INPUT 16 "acc_in";
    .port_info 6 /OUTPUT 16 "weight_out";
    .port_info 7 /OUTPUT 16 "in_val_out";
    .port_info 8 /OUTPUT 16 "acc_out";
v000001F5E2822180_0 .net/s "acc_in", 15 0, v000001F5E2820C40_0;  alias, 1 drivers
v000001F5E28220E0_0 .var/s "acc_out", 15 0;
v000001F5E2822220_0 .net "clk", 0 0, v000001F5E283C070_0;  alias, 1 drivers
v000001F5E2821D20_0 .net/s "in_val_in", 15 0, v000001F5E2814820_0;  alias, 1 drivers
v000001F5E2821F00_0 .var/s "in_val_out", 15 0;
v000001F5E2821DC0_0 .net "load_weight", 0 0, v000001F5E283C890_0;  alias, 1 drivers
v000001F5E2821C80_0 .net/s "mac_result", 15 0, v000001F5E281FF20_0;  1 drivers
v000001F5E28222C0_0 .net "rst", 0 0, v000001F5E283DAB0_0;  alias, 1 drivers
v000001F5E2822360_0 .var/s "stationary_weight", 15 0;
v000001F5E2821E60_0 .net/s "weight_in", 15 0, v000001F5E281F520_0;  alias, 1 drivers
v000001F5E2821FA0_0 .var/s "weight_out", 15 0;
S_000001F5E2819720 .scope module, "core_mac" "mac_q4_12" 4 19, 5 1 0, S_000001F5E2818F50;
 .timescale -9 -12;
    .port_info 0 /INPUT 16 "weight";
    .port_info 1 /INPUT 16 "in_val";
    .port_info 2 /INPUT 16 "acc_in";
    .port_info 3 /OUTPUT 16 "acc_out";
v000001F5E281F5C0_0 .net/s *"_ivl_0", 31 0, L_000001F5E283AEF0;  1 drivers
v000001F5E281FD40_0 .net/s *"_ivl_2", 31 0, L_000001F5E283B0D0;  1 drivers
v000001F5E281F8E0_0 .net/s "acc_in", 15 0, v000001F5E2820C40_0;  alias, 1 drivers
v000001F5E281FF20_0 .var/s "acc_out", 15 0;
v000001F5E28201A0_0 .net/s "in_val", 15 0, v000001F5E2814820_0;  alias, 1 drivers
v000001F5E2820600_0 .net/s "product", 31 0, L_000001F5E28397D0;  1 drivers
v000001F5E281FFC0_0 .net/s "weight", 15 0, v000001F5E2822360_0;  1 drivers
E_000001F5E2771D40 .event anyedge, v000001F5E2820C40_0, v000001F5E2820600_0;
L_000001F5E283AEF0 .extend/s 32, v000001F5E2822360_0;
L_000001F5E283B0D0 .extend/s 32, v000001F5E2814820_0;
L_000001F5E28397D0 .arith/mult 32, L_000001F5E283AEF0, L_000001F5E283B0D0;
S_000001F5E2819590 .scope generate, "gen_col[5]" "gen_col[5]" 3 27, 3 27 0, S_000001F5E2812710;
 .timescale -9 -12;
P_000001F5E2771900 .param/l "c" 1 3 27, +C4<0101>;
S_000001F5E2819270 .scope module, "pe_inst" "systolic_pe" 3 32, 4 3 0, S_000001F5E2819590;
 .timescale -9 -12;
    .port_info 0 /INPUT 1 "clk";
    .port_info 1 /INPUT 1 "rst";
    .port_info 2 /INPUT 1 "load_weight";
    .port_info 3 /INPUT 16 "weight_in";
    .port_info 4 /INPUT 16 "in_val_in";
    .port_info 5 /INPUT 16 "acc_in";
    .port_info 6 /OUTPUT 16 "weight_out";
    .port_info 7 /OUTPUT 16 "in_val_out";
    .port_info 8 /OUTPUT 16 "acc_out";
v000001F5E281BEC0_0 .net/s "acc_in", 15 0, v000001F5E28220E0_0;  alias, 1 drivers
v000001F5E281A5C0_0 .var/s "acc_out", 15 0;
v000001F5E281C6E0_0 .net "clk", 0 0, v000001F5E283C070_0;  alias, 1 drivers
v000001F5E281C5A0_0 .net/s "in_val_in", 15 0, v000001F5E2817340_0;  alias, 1 drivers
v000001F5E281AB60_0 .var/s "in_val_out", 15 0;
v000001F5E281C8C0_0 .net "load_weight", 0 0, v000001F5E283C890_0;  alias, 1 drivers
v000001F5E281C780_0 .net/s "mac_result", 15 0, v000001F5E281BC40_0;  1 drivers
v000001F5E281A660_0 .net "rst", 0 0, v000001F5E283DAB0_0;  alias, 1 drivers
v000001F5E281BF60_0 .var/s "stationary_weight", 15 0;
v000001F5E281C960_0 .net/s "weight_in", 15 0, v000001F5E2821FA0_0;  alias, 1 drivers
v000001F5E281A7A0_0 .var/s "weight_out", 15 0;
S_000001F5E28198B0 .scope module, "core_mac" "mac_q4_12" 4 19, 5 1 0, S_000001F5E2819270;
 .timescale -9 -12;
    .port_info 0 /INPUT 16 "weight";
    .port_info 1 /INPUT 16 "in_val";
    .port_info 2 /INPUT 16 "acc_in";
    .port_info 3 /OUTPUT 16 "acc_out";
v000001F5E2822040_0 .net/s *"_ivl_0", 31 0, L_000001F5E283AE50;  1 drivers
v000001F5E281A480_0 .net/s *"_ivl_2", 31 0, L_000001F5E283AB30;  1 drivers
v000001F5E281A700_0 .net/s "acc_in", 15 0, v000001F5E28220E0_0;  alias, 1 drivers
v000001F5E281BC40_0 .var/s "acc_out", 15 0;
v000001F5E281C820_0 .net/s "in_val", 15 0, v000001F5E2817340_0;  alias, 1 drivers
v000001F5E281CBE0_0 .net/s "product", 31 0, L_000001F5E2839C30;  1 drivers
v000001F5E281B2E0_0 .net/s "weight", 15 0, v000001F5E281BF60_0;  1 drivers
E_000001F5E2771F80 .event anyedge, v000001F5E28220E0_0, v000001F5E281CBE0_0;
L_000001F5E283AE50 .extend/s 32, v000001F5E281BF60_0;
L_000001F5E283AB30 .extend/s 32, v000001F5E2817340_0;
L_000001F5E2839C30 .arith/mult 32, L_000001F5E283AE50, L_000001F5E283AB30;
S_000001F5E2819A40 .scope generate, "gen_row[7]" "gen_row[7]" 3 22, 3 22 0, S_000001F5E23AEE10;
 .timescale -9 -12;
P_000001F5E2771700 .param/l "r" 1 3 22, +C4<0111>;
L_000001F5E26DCC80 .functor BUFZ 16, v000001F5E281E3A0_0, C4<0000000000000000>, C4<0000000000000000>, C4<0000000000000000>;
v000001F5E281E260_0 .net *"_ivl_7", 15 0, L_000001F5E26DCC80;  1 drivers
S_000001F5E2819BD0 .scope generate, "gen_col[0]" "gen_col[0]" 3 27, 3 27 0, S_000001F5E2819A40;
 .timescale -9 -12;
P_000001F5E2771740 .param/l "c" 1 3 27, +C4<00>;
S_000001F5E2824F80 .scope module, "pe_inst" "systolic_pe" 3 32, 4 3 0, S_000001F5E2819BD0;
 .timescale -9 -12;
    .port_info 0 /INPUT 1 "clk";
    .port_info 1 /INPUT 1 "rst";
    .port_info 2 /INPUT 1 "load_weight";
    .port_info 3 /INPUT 16 "weight_in";
    .port_info 4 /INPUT 16 "in_val_in";
    .port_info 5 /INPUT 16 "acc_in";
    .port_info 6 /OUTPUT 16 "weight_out";
    .port_info 7 /OUTPUT 16 "in_val_out";
    .port_info 8 /OUTPUT 16 "acc_out";
v000001F5E281B100_0 .net/s "acc_in", 15 0, L_000001F5E283F140;  alias, 1 drivers
v000001F5E281A520_0 .var/s "acc_out", 15 0;
v000001F5E281A980_0 .net "clk", 0 0, v000001F5E283C070_0;  alias, 1 drivers
v000001F5E281A8E0_0 .net/s "in_val_in", 15 0, v000001F5E2816BC0_0;  alias, 1 drivers
v000001F5E281AC00_0 .var/s "in_val_out", 15 0;
v000001F5E281AA20_0 .net "load_weight", 0 0, v000001F5E283C890_0;  alias, 1 drivers
v000001F5E281C000_0 .net/s "mac_result", 15 0, v000001F5E281C320_0;  1 drivers
v000001F5E281AAC0_0 .net "rst", 0 0, v000001F5E283DAB0_0;  alias, 1 drivers
v000001F5E281ACA0_0 .var/s "stationary_weight", 15 0;
v000001F5E281AD40_0 .net/s "weight_in", 15 0, L_000001F5E283AA90;  alias, 1 drivers
v000001F5E281B240_0 .var/s "weight_out", 15 0;
S_000001F5E28258E0 .scope module, "core_mac" "mac_q4_12" 4 19, 5 1 0, S_000001F5E2824F80;
 .timescale -9 -12;
    .port_info 0 /INPUT 16 "weight";
    .port_info 1 /INPUT 16 "in_val";
    .port_info 2 /INPUT 16 "acc_in";
    .port_info 3 /OUTPUT 16 "acc_out";
v000001F5E281CA00_0 .net/s *"_ivl_0", 31 0, L_000001F5E28394B0;  1 drivers
v000001F5E281CB40_0 .net/s *"_ivl_2", 31 0, L_000001F5E283A130;  1 drivers
v000001F5E281C3C0_0 .net/s "acc_in", 15 0, L_000001F5E283F140;  alias, 1 drivers
v000001F5E281C320_0 .var/s "acc_out", 15 0;
v000001F5E281CAA0_0 .net/s "in_val", 15 0, v000001F5E2816BC0_0;  alias, 1 drivers
v000001F5E281A840_0 .net/s "product", 31 0, L_000001F5E28390F0;  1 drivers
v000001F5E281BBA0_0 .net/s "weight", 15 0, v000001F5E281ACA0_0;  1 drivers
E_000001F5E2771B80 .event anyedge, v000001F5E281C3C0_0, v000001F5E281A840_0;
L_000001F5E28394B0 .extend/s 32, v000001F5E281ACA0_0;
L_000001F5E283A130 .extend/s 32, v000001F5E2816BC0_0;
L_000001F5E28390F0 .arith/mult 32, L_000001F5E28394B0, L_000001F5E283A130;
S_000001F5E2825C00 .scope generate, "gen_col[1]" "gen_col[1]" 3 27, 3 27 0, S_000001F5E2819A40;
 .timescale -9 -12;
P_000001F5E2771AC0 .param/l "c" 1 3 27, +C4<01>;
S_000001F5E28247B0 .scope module, "pe_inst" "systolic_pe" 3 32, 4 3 0, S_000001F5E2825C00;
 .timescale -9 -12;
    .port_info 0 /INPUT 1 "clk";
    .port_info 1 /INPUT 1 "rst";
    .port_info 2 /INPUT 1 "load_weight";
    .port_info 3 /INPUT 16 "weight_in";
    .port_info 4 /INPUT 16 "in_val_in";
    .port_info 5 /INPUT 16 "acc_in";
    .port_info 6 /OUTPUT 16 "weight_out";
    .port_info 7 /OUTPUT 16 "in_val_out";
    .port_info 8 /OUTPUT 16 "acc_out";
v000001F5E281AF20_0 .net/s "acc_in", 15 0, v000001F5E281A520_0;  alias, 1 drivers
v000001F5E281AFC0_0 .var/s "acc_out", 15 0;
v000001F5E281C460_0 .net "clk", 0 0, v000001F5E283C070_0;  alias, 1 drivers
v000001F5E281C1E0_0 .net/s "in_val_in", 15 0, v000001F5E281F660_0;  alias, 1 drivers
v000001F5E281C280_0 .var/s "in_val_out", 15 0;
v000001F5E281B1A0_0 .net "load_weight", 0 0, v000001F5E283C890_0;  alias, 1 drivers
v000001F5E281C500_0 .net/s "mac_result", 15 0, v000001F5E281B060_0;  1 drivers
v000001F5E281BB00_0 .net "rst", 0 0, v000001F5E283DAB0_0;  alias, 1 drivers
v000001F5E281BCE0_0 .var/s "stationary_weight", 15 0;
v000001F5E281B4C0_0 .net/s "weight_in", 15 0, v000001F5E281B240_0;  alias, 1 drivers
v000001F5E281B560_0 .var/s "weight_out", 15 0;
S_000001F5E28252A0 .scope module, "core_mac" "mac_q4_12" 4 19, 5 1 0, S_000001F5E28247B0;
 .timescale -9 -12;
    .port_info 0 /INPUT 16 "weight";
    .port_info 1 /INPUT 16 "in_val";
    .port_info 2 /INPUT 16 "acc_in";
    .port_info 3 /OUTPUT 16 "acc_out";
v000001F5E281C640_0 .net/s *"_ivl_0", 31 0, L_000001F5E283ADB0;  1 drivers
v000001F5E281B380_0 .net/s *"_ivl_2", 31 0, L_000001F5E283A270;  1 drivers
v000001F5E281ADE0_0 .net/s "acc_in", 15 0, v000001F5E281A520_0;  alias, 1 drivers
v000001F5E281B060_0 .var/s "acc_out", 15 0;
v000001F5E281AE80_0 .net/s "in_val", 15 0, v000001F5E281F660_0;  alias, 1 drivers
v000001F5E281B420_0 .net/s "product", 31 0, L_000001F5E2839E10;  1 drivers
v000001F5E281C0A0_0 .net/s "weight", 15 0, v000001F5E281BCE0_0;  1 drivers
E_000001F5E2771CC0 .event anyedge, v000001F5E281A520_0, v000001F5E281B420_0;
L_000001F5E283ADB0 .extend/s 32, v000001F5E281BCE0_0;
L_000001F5E283A270 .extend/s 32, v000001F5E281F660_0;
L_000001F5E2839E10 .arith/mult 32, L_000001F5E283ADB0, L_000001F5E283A270;
S_000001F5E2825D90 .scope generate, "gen_col[2]" "gen_col[2]" 3 27, 3 27 0, S_000001F5E2819A40;
 .timescale -9 -12;
P_000001F5E2771780 .param/l "c" 1 3 27, +C4<010>;
S_000001F5E2825110 .scope module, "pe_inst" "systolic_pe" 3 32, 4 3 0, S_000001F5E2825D90;
 .timescale -9 -12;
    .port_info 0 /INPUT 1 "clk";
    .port_info 1 /INPUT 1 "rst";
    .port_info 2 /INPUT 1 "load_weight";
    .port_info 3 /INPUT 16 "weight_in";
    .port_info 4 /INPUT 16 "in_val_in";
    .port_info 5 /INPUT 16 "acc_in";
    .port_info 6 /OUTPUT 16 "weight_out";
    .port_info 7 /OUTPUT 16 "in_val_out";
    .port_info 8 /OUTPUT 16 "acc_out";
v000001F5E281BE20_0 .net/s "acc_in", 15 0, v000001F5E281AFC0_0;  alias, 1 drivers
v000001F5E281B9C0_0 .var/s "acc_out", 15 0;
v000001F5E281BA60_0 .net "clk", 0 0, v000001F5E283C070_0;  alias, 1 drivers
v000001F5E281DCC0_0 .net/s "in_val_in", 15 0, v000001F5E2821460_0;  alias, 1 drivers
v000001F5E281D360_0 .var/s "in_val_out", 15 0;
v000001F5E281DA40_0 .net "load_weight", 0 0, v000001F5E283C890_0;  alias, 1 drivers
v000001F5E281E760_0 .net/s "mac_result", 15 0, v000001F5E281B6A0_0;  1 drivers
v000001F5E281E4E0_0 .net "rst", 0 0, v000001F5E283DAB0_0;  alias, 1 drivers
v000001F5E281E580_0 .var/s "stationary_weight", 15 0;
v000001F5E281F3E0_0 .net/s "weight_in", 15 0, v000001F5E281B560_0;  alias, 1 drivers
v000001F5E281CDC0_0 .var/s "weight_out", 15 0;
S_000001F5E2824C60 .scope module, "core_mac" "mac_q4_12" 4 19, 5 1 0, S_000001F5E2825110;
 .timescale -9 -12;
    .port_info 0 /INPUT 16 "weight";
    .port_info 1 /INPUT 16 "in_val";
    .port_info 2 /INPUT 16 "acc_in";
    .port_info 3 /OUTPUT 16 "acc_out";
v000001F5E281BD80_0 .net/s *"_ivl_0", 31 0, L_000001F5E283B7B0;  1 drivers
v000001F5E281B600_0 .net/s *"_ivl_2", 31 0, L_000001F5E283A590;  1 drivers
v000001F5E281B880_0 .net/s "acc_in", 15 0, v000001F5E281AFC0_0;  alias, 1 drivers
v000001F5E281B6A0_0 .var/s "acc_out", 15 0;
v000001F5E281B740_0 .net/s "in_val", 15 0, v000001F5E2821460_0;  alias, 1 drivers
v000001F5E281B7E0_0 .net/s "product", 31 0, L_000001F5E2839230;  1 drivers
v000001F5E281B920_0 .net/s "weight", 15 0, v000001F5E281E580_0;  1 drivers
E_000001F5E2771480 .event anyedge, v000001F5E281AFC0_0, v000001F5E281B7E0_0;
L_000001F5E283B7B0 .extend/s 32, v000001F5E281E580_0;
L_000001F5E283A590 .extend/s 32, v000001F5E2821460_0;
L_000001F5E2839230 .arith/mult 32, L_000001F5E283B7B0, L_000001F5E283A590;
S_000001F5E2825430 .scope generate, "gen_col[3]" "gen_col[3]" 3 27, 3 27 0, S_000001F5E2819A40;
 .timescale -9 -12;
P_000001F5E2771BC0 .param/l "c" 1 3 27, +C4<011>;
S_000001F5E2824AD0 .scope module, "pe_inst" "systolic_pe" 3 32, 4 3 0, S_000001F5E2825430;
 .timescale -9 -12;
    .port_info 0 /INPUT 1 "clk";
    .port_info 1 /INPUT 1 "rst";
    .port_info 2 /INPUT 1 "load_weight";
    .port_info 3 /INPUT 16 "weight_in";
    .port_info 4 /INPUT 16 "in_val_in";
    .port_info 5 /INPUT 16 "acc_in";
    .port_info 6 /OUTPUT 16 "weight_out";
    .port_info 7 /OUTPUT 16 "in_val_out";
    .port_info 8 /OUTPUT 16 "acc_out";
v000001F5E281CFA0_0 .net/s "acc_in", 15 0, v000001F5E281B9C0_0;  alias, 1 drivers
v000001F5E281EEE0_0 .var/s "acc_out", 15 0;
v000001F5E281E800_0 .net "clk", 0 0, v000001F5E283C070_0;  alias, 1 drivers
v000001F5E281D040_0 .net/s "in_val_in", 15 0, v000001F5E2821A00_0;  alias, 1 drivers
v000001F5E281F0C0_0 .var/s "in_val_out", 15 0;
v000001F5E281D0E0_0 .net "load_weight", 0 0, v000001F5E283C890_0;  alias, 1 drivers
v000001F5E281E6C0_0 .net/s "mac_result", 15 0, v000001F5E281CE60_0;  1 drivers
v000001F5E281DAE0_0 .net "rst", 0 0, v000001F5E283DAB0_0;  alias, 1 drivers
v000001F5E281EF80_0 .var/s "stationary_weight", 15 0;
v000001F5E281E940_0 .net/s "weight_in", 15 0, v000001F5E281CDC0_0;  alias, 1 drivers
v000001F5E281EDA0_0 .var/s "weight_out", 15 0;
S_000001F5E2825A70 .scope module, "core_mac" "mac_q4_12" 4 19, 5 1 0, S_000001F5E2824AD0;
 .timescale -9 -12;
    .port_info 0 /INPUT 16 "weight";
    .port_info 1 /INPUT 16 "in_val";
    .port_info 2 /INPUT 16 "acc_in";
    .port_info 3 /OUTPUT 16 "acc_out";
v000001F5E281CC80_0 .net/s *"_ivl_0", 31 0, L_000001F5E283B170;  1 drivers
v000001F5E281CF00_0 .net/s *"_ivl_2", 31 0, L_000001F5E2839AF0;  1 drivers
v000001F5E281E440_0 .net/s "acc_in", 15 0, v000001F5E281B9C0_0;  alias, 1 drivers
v000001F5E281CE60_0 .var/s "acc_out", 15 0;
v000001F5E281CD20_0 .net/s "in_val", 15 0, v000001F5E2821A00_0;  alias, 1 drivers
v000001F5E281F160_0 .net/s "product", 31 0, L_000001F5E283B850;  1 drivers
v000001F5E281D400_0 .net/s "weight", 15 0, v000001F5E281EF80_0;  1 drivers
E_000001F5E2771580 .event anyedge, v000001F5E281B9C0_0, v000001F5E281F160_0;
L_000001F5E283B170 .extend/s 32, v000001F5E281EF80_0;
L_000001F5E2839AF0 .extend/s 32, v000001F5E2821A00_0;
L_000001F5E283B850 .arith/mult 32, L_000001F5E283B170, L_000001F5E2839AF0;
S_000001F5E2825F20 .scope generate, "gen_col[4]" "gen_col[4]" 3 27, 3 27 0, S_000001F5E2819A40;
 .timescale -9 -12;
P_000001F5E27717C0 .param/l "c" 1 3 27, +C4<0100>;
S_000001F5E28260B0 .scope module, "pe_inst" "systolic_pe" 3 32, 4 3 0, S_000001F5E2825F20;
 .timescale -9 -12;
    .port_info 0 /INPUT 1 "clk";
    .port_info 1 /INPUT 1 "rst";
    .port_info 2 /INPUT 1 "load_weight";
    .port_info 3 /INPUT 16 "weight_in";
    .port_info 4 /INPUT 16 "in_val_in";
    .port_info 5 /INPUT 16 "acc_in";
    .port_info 6 /OUTPUT 16 "weight_out";
    .port_info 7 /OUTPUT 16 "in_val_out";
    .port_info 8 /OUTPUT 16 "acc_out";
v000001F5E281D2C0_0 .net/s "acc_in", 15 0, v000001F5E281EEE0_0;  alias, 1 drivers
v000001F5E281D540_0 .var/s "acc_out", 15 0;
v000001F5E281EA80_0 .net "clk", 0 0, v000001F5E283C070_0;  alias, 1 drivers
v000001F5E281E080_0 .net/s "in_val_in", 15 0, v000001F5E2821F00_0;  alias, 1 drivers
v000001F5E281D5E0_0 .var/s "in_val_out", 15 0;
v000001F5E281D680_0 .net "load_weight", 0 0, v000001F5E283C890_0;  alias, 1 drivers
v000001F5E281D720_0 .net/s "mac_result", 15 0, v000001F5E281E1C0_0;  1 drivers
v000001F5E281D860_0 .net "rst", 0 0, v000001F5E283DAB0_0;  alias, 1 drivers
v000001F5E281D7C0_0 .var/s "stationary_weight", 15 0;
v000001F5E281D900_0 .net/s "weight_in", 15 0, v000001F5E281EDA0_0;  alias, 1 drivers
v000001F5E281E620_0 .var/s "weight_out", 15 0;
S_000001F5E2826240 .scope module, "core_mac" "mac_q4_12" 4 19, 5 1 0, S_000001F5E28260B0;
 .timescale -9 -12;
    .port_info 0 /INPUT 16 "weight";
    .port_info 1 /INPUT 16 "in_val";
    .port_info 2 /INPUT 16 "acc_in";
    .port_info 3 /OUTPUT 16 "acc_out";
v000001F5E281F340_0 .net/s *"_ivl_0", 31 0, L_000001F5E283B210;  1 drivers
v000001F5E281EBC0_0 .net/s *"_ivl_2", 31 0, L_000001F5E2839370;  1 drivers
v000001F5E281EB20_0 .net/s "acc_in", 15 0, v000001F5E281EEE0_0;  alias, 1 drivers
v000001F5E281E1C0_0 .var/s "acc_out", 15 0;
v000001F5E281D180_0 .net/s "in_val", 15 0, v000001F5E2821F00_0;  alias, 1 drivers
v000001F5E281D4A0_0 .net/s "product", 31 0, L_000001F5E2839410;  1 drivers
v000001F5E281D220_0 .net/s "weight", 15 0, v000001F5E281D7C0_0;  1 drivers
E_000001F5E2771A80 .event anyedge, v000001F5E281EEE0_0, v000001F5E281D4A0_0;
L_000001F5E283B210 .extend/s 32, v000001F5E281D7C0_0;
L_000001F5E2839370 .extend/s 32, v000001F5E2821F00_0;
L_000001F5E2839410 .arith/mult 32, L_000001F5E283B210, L_000001F5E2839370;
S_000001F5E2825750 .scope generate, "gen_col[5]" "gen_col[5]" 3 27, 3 27 0, S_000001F5E2819A40;
 .timescale -9 -12;
P_000001F5E2771D00 .param/l "c" 1 3 27, +C4<0101>;
S_000001F5E2824490 .scope module, "pe_inst" "systolic_pe" 3 32, 4 3 0, S_000001F5E2825750;
 .timescale -9 -12;
    .port_info 0 /INPUT 1 "clk";
    .port_info 1 /INPUT 1 "rst";
    .port_info 2 /INPUT 1 "load_weight";
    .port_info 3 /INPUT 16 "weight_in";
    .port_info 4 /INPUT 16 "in_val_in";
    .port_info 5 /INPUT 16 "acc_in";
    .port_info 6 /OUTPUT 16 "weight_out";
    .port_info 7 /OUTPUT 16 "in_val_out";
    .port_info 8 /OUTPUT 16 "acc_out";
v000001F5E281F2A0_0 .net/s "acc_in", 15 0, v000001F5E281D540_0;  alias, 1 drivers
v000001F5E281E3A0_0 .var/s "acc_out", 15 0;
v000001F5E281DFE0_0 .net "clk", 0 0, v000001F5E283C070_0;  alias, 1 drivers
v000001F5E281EC60_0 .net/s "in_val_in", 15 0, v000001F5E281AB60_0;  alias, 1 drivers
v000001F5E281F020_0 .var/s "in_val_out", 15 0;
v000001F5E281ED00_0 .net "load_weight", 0 0, v000001F5E283C890_0;  alias, 1 drivers
v000001F5E281DD60_0 .net/s "mac_result", 15 0, v000001F5E281EE40_0;  1 drivers
v000001F5E281DE00_0 .net "rst", 0 0, v000001F5E283DAB0_0;  alias, 1 drivers
v000001F5E281DEA0_0 .var/s "stationary_weight", 15 0;
v000001F5E281DF40_0 .net/s "weight_in", 15 0, v000001F5E281E620_0;  alias, 1 drivers
v000001F5E281E120_0 .var/s "weight_out", 15 0;
S_000001F5E28255C0 .scope module, "core_mac" "mac_q4_12" 4 19, 5 1 0, S_000001F5E2824490;
 .timescale -9 -12;
    .port_info 0 /INPUT 16 "weight";
    .port_info 1 /INPUT 16 "in_val";
    .port_info 2 /INPUT 16 "acc_in";
    .port_info 3 /OUTPUT 16 "acc_out";
v000001F5E281D9A0_0 .net/s *"_ivl_0", 31 0, L_000001F5E2839550;  1 drivers
v000001F5E281DB80_0 .net/s *"_ivl_2", 31 0, L_000001F5E283A310;  1 drivers
v000001F5E281F200_0 .net/s "acc_in", 15 0, v000001F5E281D540_0;  alias, 1 drivers
v000001F5E281EE40_0 .var/s "acc_out", 15 0;
v000001F5E281E8A0_0 .net/s "in_val", 15 0, v000001F5E281AB60_0;  alias, 1 drivers
v000001F5E281E9E0_0 .net/s "product", 31 0, L_000001F5E283A3B0;  1 drivers
v000001F5E281DC20_0 .net/s "weight", 15 0, v000001F5E281DEA0_0;  1 drivers
E_000001F5E2771B00 .event anyedge, v000001F5E281D540_0, v000001F5E281E9E0_0;
L_000001F5E2839550 .extend/s 32, v000001F5E281DEA0_0;
L_000001F5E283A310 .extend/s 32, v000001F5E281AB60_0;
L_000001F5E283A3B0 .arith/mult 32, L_000001F5E2839550, L_000001F5E283A310;
S_000001F5E2824620 .scope generate, "gen_row[8]" "gen_row[8]" 3 22, 3 22 0, S_000001F5E23AEE10;
 .timescale -9 -12;
P_000001F5E2771980 .param/l "r" 1 3 22, +C4<01000>;
L_000001F5E26DC970 .functor BUFZ 16, v000001F5E282F6C0_0, C4<0000000000000000>, C4<0000000000000000>, C4<0000000000000000>;
v000001F5E282E040_0 .net *"_ivl_7", 15 0, L_000001F5E26DC970;  1 drivers
S_000001F5E2824940 .scope generate, "gen_col[0]" "gen_col[0]" 3 27, 3 27 0, S_000001F5E2824620;
 .timescale -9 -12;
P_000001F5E27714C0 .param/l "c" 1 3 27, +C4<00>;
S_000001F5E2824DF0 .scope module, "pe_inst" "systolic_pe" 3 32, 4 3 0, S_000001F5E2824940;
 .timescale -9 -12;
    .port_info 0 /INPUT 1 "clk";
    .port_info 1 /INPUT 1 "rst";
    .port_info 2 /INPUT 1 "load_weight";
    .port_info 3 /INPUT 16 "weight_in";
    .port_info 4 /INPUT 16 "in_val_in";
    .port_info 5 /INPUT 16 "acc_in";
    .port_info 6 /OUTPUT 16 "weight_out";
    .port_info 7 /OUTPUT 16 "in_val_out";
    .port_info 8 /OUTPUT 16 "acc_out";
v000001F5E282BD40_0 .net/s "acc_in", 15 0, L_000001F5E283F188;  alias, 1 drivers
v000001F5E282B2A0_0 .var/s "acc_out", 15 0;
v000001F5E282D0A0_0 .net "clk", 0 0, v000001F5E283C070_0;  alias, 1 drivers
v000001F5E282B660_0 .net/s "in_val_in", 15 0, v000001F5E281AC00_0;  alias, 1 drivers
v000001F5E282D000_0 .var/s "in_val_out", 15 0;
v000001F5E282B7A0_0 .net "load_weight", 0 0, v000001F5E283C890_0;  alias, 1 drivers
v000001F5E282D140_0 .net/s "mac_result", 15 0, v000001F5E282D1E0_0;  1 drivers
v000001F5E282C1A0_0 .net "rst", 0 0, v000001F5E283DAB0_0;  alias, 1 drivers
v000001F5E282CE20_0 .var/s "stationary_weight", 15 0;
v000001F5E282CB00_0 .net/s "weight_in", 15 0, L_000001F5E2839870;  alias, 1 drivers
v000001F5E282B8E0_0 .var/s "weight_out", 15 0;
S_000001F5E2827C10 .scope module, "core_mac" "mac_q4_12" 4 19, 5 1 0, S_000001F5E2824DF0;
 .timescale -9 -12;
    .port_info 0 /INPUT 16 "weight";
    .port_info 1 /INPUT 16 "in_val";
    .port_info 2 /INPUT 16 "acc_in";
    .port_info 3 /OUTPUT 16 "acc_out";
v000001F5E281E300_0 .net/s *"_ivl_0", 31 0, L_000001F5E28395F0;  1 drivers
v000001F5E282B0C0_0 .net/s *"_ivl_2", 31 0, L_000001F5E2839730;  1 drivers
v000001F5E282C060_0 .net/s "acc_in", 15 0, L_000001F5E283F188;  alias, 1 drivers
v000001F5E282D1E0_0 .var/s "acc_out", 15 0;
v000001F5E282C380_0 .net/s "in_val", 15 0, v000001F5E281AC00_0;  alias, 1 drivers
v000001F5E282BDE0_0 .net/s "product", 31 0, L_000001F5E2839B90;  1 drivers
v000001F5E282D5A0_0 .net/s "weight", 15 0, v000001F5E282CE20_0;  1 drivers
E_000001F5E2771F00 .event anyedge, v000001F5E282C060_0, v000001F5E282BDE0_0;
L_000001F5E28395F0 .extend/s 32, v000001F5E282CE20_0;
L_000001F5E2839730 .extend/s 32, v000001F5E281AC00_0;
L_000001F5E2839B90 .arith/mult 32, L_000001F5E28395F0, L_000001F5E2839730;
S_000001F5E2826630 .scope generate, "gen_col[1]" "gen_col[1]" 3 27, 3 27 0, S_000001F5E2824620;
 .timescale -9 -12;
P_000001F5E2771B40 .param/l "c" 1 3 27, +C4<01>;
S_000001F5E28264A0 .scope module, "pe_inst" "systolic_pe" 3 32, 4 3 0, S_000001F5E2826630;
 .timescale -9 -12;
    .port_info 0 /INPUT 1 "clk";
    .port_info 1 /INPUT 1 "rst";
    .port_info 2 /INPUT 1 "load_weight";
    .port_info 3 /INPUT 16 "weight_in";
    .port_info 4 /INPUT 16 "in_val_in";
    .port_info 5 /INPUT 16 "acc_in";
    .port_info 6 /OUTPUT 16 "weight_out";
    .port_info 7 /OUTPUT 16 "in_val_out";
    .port_info 8 /OUTPUT 16 "acc_out";
v000001F5E282C420_0 .net/s "acc_in", 15 0, v000001F5E282B2A0_0;  alias, 1 drivers
v000001F5E282C920_0 .var/s "acc_out", 15 0;
v000001F5E282CC40_0 .net "clk", 0 0, v000001F5E283C070_0;  alias, 1 drivers
v000001F5E282B340_0 .net/s "in_val_in", 15 0, v000001F5E281C280_0;  alias, 1 drivers
v000001F5E282C880_0 .var/s "in_val_out", 15 0;
v000001F5E282B3E0_0 .net "load_weight", 0 0, v000001F5E283C890_0;  alias, 1 drivers
v000001F5E282C2E0_0 .net/s "mac_result", 15 0, v000001F5E282CA60_0;  1 drivers
v000001F5E282D780_0 .net "rst", 0 0, v000001F5E283DAB0_0;  alias, 1 drivers
v000001F5E282C100_0 .var/s "stationary_weight", 15 0;
v000001F5E282BFC0_0 .net/s "weight_in", 15 0, v000001F5E282B8E0_0;  alias, 1 drivers
v000001F5E282BAC0_0 .var/s "weight_out", 15 0;
S_000001F5E2827A80 .scope module, "core_mac" "mac_q4_12" 4 19, 5 1 0, S_000001F5E28264A0;
 .timescale -9 -12;
    .port_info 0 /INPUT 16 "weight";
    .port_info 1 /INPUT 16 "in_val";
    .port_info 2 /INPUT 16 "acc_in";
    .port_info 3 /OUTPUT 16 "acc_out";
v000001F5E282BE80_0 .net/s *"_ivl_0", 31 0, L_000001F5E2839CD0;  1 drivers
v000001F5E282C240_0 .net/s *"_ivl_2", 31 0, L_000001F5E2839FF0;  1 drivers
v000001F5E282D3C0_0 .net/s "acc_in", 15 0, v000001F5E282B2A0_0;  alias, 1 drivers
v000001F5E282CA60_0 .var/s "acc_out", 15 0;
v000001F5E282C560_0 .net/s "in_val", 15 0, v000001F5E281C280_0;  alias, 1 drivers
v000001F5E282D460_0 .net/s "product", 31 0, L_000001F5E283B2B0;  1 drivers
v000001F5E282BA20_0 .net/s "weight", 15 0, v000001F5E282C100_0;  1 drivers
E_000001F5E2771140 .event anyedge, v000001F5E282B2A0_0, v000001F5E282D460_0;
L_000001F5E2839CD0 .extend/s 32, v000001F5E282C100_0;
L_000001F5E2839FF0 .extend/s 32, v000001F5E281C280_0;
L_000001F5E283B2B0 .arith/mult 32, L_000001F5E2839CD0, L_000001F5E2839FF0;
S_000001F5E2827760 .scope generate, "gen_col[2]" "gen_col[2]" 3 27, 3 27 0, S_000001F5E2824620;
 .timescale -9 -12;
P_000001F5E2771C40 .param/l "c" 1 3 27, +C4<010>;
S_000001F5E2827DA0 .scope module, "pe_inst" "systolic_pe" 3 32, 4 3 0, S_000001F5E2827760;
 .timescale -9 -12;
    .port_info 0 /INPUT 1 "clk";
    .port_info 1 /INPUT 1 "rst";
    .port_info 2 /INPUT 1 "load_weight";
    .port_info 3 /INPUT 16 "weight_in";
    .port_info 4 /INPUT 16 "in_val_in";
    .port_info 5 /INPUT 16 "acc_in";
    .port_info 6 /OUTPUT 16 "weight_out";
    .port_info 7 /OUTPUT 16 "in_val_out";
    .port_info 8 /OUTPUT 16 "acc_out";
v000001F5E282C600_0 .net/s "acc_in", 15 0, v000001F5E282C920_0;  alias, 1 drivers
v000001F5E282D500_0 .var/s "acc_out", 15 0;
v000001F5E282C7E0_0 .net "clk", 0 0, v000001F5E283C070_0;  alias, 1 drivers
v000001F5E282CBA0_0 .net/s "in_val_in", 15 0, v000001F5E281D360_0;  alias, 1 drivers
v000001F5E282D6E0_0 .var/s "in_val_out", 15 0;
v000001F5E282D820_0 .net "load_weight", 0 0, v000001F5E283C890_0;  alias, 1 drivers
v000001F5E282CCE0_0 .net/s "mac_result", 15 0, v000001F5E282BF20_0;  1 drivers
v000001F5E282B160_0 .net "rst", 0 0, v000001F5E283DAB0_0;  alias, 1 drivers
v000001F5E282B480_0 .var/s "stationary_weight", 15 0;
v000001F5E282CEC0_0 .net/s "weight_in", 15 0, v000001F5E282BAC0_0;  alias, 1 drivers
v000001F5E282C6A0_0 .var/s "weight_out", 15 0;
S_000001F5E2827F30 .scope module, "core_mac" "mac_q4_12" 4 19, 5 1 0, S_000001F5E2827DA0;
 .timescale -9 -12;
    .port_info 0 /INPUT 16 "weight";
    .port_info 1 /INPUT 16 "in_val";
    .port_info 2 /INPUT 16 "acc_in";
    .port_info 3 /OUTPUT 16 "acc_out";
v000001F5E282BC00_0 .net/s *"_ivl_0", 31 0, L_000001F5E283A090;  1 drivers
v000001F5E282D640_0 .net/s *"_ivl_2", 31 0, L_000001F5E283A450;  1 drivers
v000001F5E282D280_0 .net/s "acc_in", 15 0, v000001F5E282C920_0;  alias, 1 drivers
v000001F5E282BF20_0 .var/s "acc_out", 15 0;
v000001F5E282C740_0 .net/s "in_val", 15 0, v000001F5E281D360_0;  alias, 1 drivers
v000001F5E282C4C0_0 .net/s "product", 31 0, L_000001F5E283A770;  1 drivers
v000001F5E282D320_0 .net/s "weight", 15 0, v000001F5E282B480_0;  1 drivers
E_000001F5E2771540 .event anyedge, v000001F5E282C920_0, v000001F5E282C4C0_0;
L_000001F5E283A090 .extend/s 32, v000001F5E282B480_0;
L_000001F5E283A450 .extend/s 32, v000001F5E281D360_0;
L_000001F5E283A770 .arith/mult 32, L_000001F5E283A090, L_000001F5E283A450;
S_000001F5E2826E00 .scope generate, "gen_col[3]" "gen_col[3]" 3 27, 3 27 0, S_000001F5E2824620;
 .timescale -9 -12;
P_000001F5E2771C80 .param/l "c" 1 3 27, +C4<011>;
S_000001F5E28278F0 .scope module, "pe_inst" "systolic_pe" 3 32, 4 3 0, S_000001F5E2826E00;
 .timescale -9 -12;
    .port_info 0 /INPUT 1 "clk";
    .port_info 1 /INPUT 1 "rst";
    .port_info 2 /INPUT 1 "load_weight";
    .port_info 3 /INPUT 16 "weight_in";
    .port_info 4 /INPUT 16 "in_val_in";
    .port_info 5 /INPUT 16 "acc_in";
    .port_info 6 /OUTPUT 16 "weight_out";
    .port_info 7 /OUTPUT 16 "in_val_out";
    .port_info 8 /OUTPUT 16 "acc_out";
v000001F5E282B700_0 .net/s "acc_in", 15 0, v000001F5E282D500_0;  alias, 1 drivers
v000001F5E282B840_0 .var/s "acc_out", 15 0;
v000001F5E282B980_0 .net "clk", 0 0, v000001F5E283C070_0;  alias, 1 drivers
v000001F5E282BCA0_0 .net/s "in_val_in", 15 0, v000001F5E281F0C0_0;  alias, 1 drivers
v000001F5E282FB20_0 .var/s "in_val_out", 15 0;
v000001F5E282EC20_0 .net "load_weight", 0 0, v000001F5E283C890_0;  alias, 1 drivers
v000001F5E282F620_0 .net/s "mac_result", 15 0, v000001F5E282CF60_0;  1 drivers
v000001F5E282F120_0 .net "rst", 0 0, v000001F5E283DAB0_0;  alias, 1 drivers
v000001F5E282D8C0_0 .var/s "stationary_weight", 15 0;
v000001F5E282DB40_0 .net/s "weight_in", 15 0, v000001F5E282C6A0_0;  alias, 1 drivers
v000001F5E282E4A0_0 .var/s "weight_out", 15 0;
S_000001F5E2826F90 .scope module, "core_mac" "mac_q4_12" 4 19, 5 1 0, S_000001F5E28278F0;
 .timescale -9 -12;
    .port_info 0 /INPUT 16 "weight";
    .port_info 1 /INPUT 16 "in_val";
    .port_info 2 /INPUT 16 "acc_in";
    .port_info 3 /OUTPUT 16 "acc_out";
v000001F5E282C9C0_0 .net/s *"_ivl_0", 31 0, L_000001F5E289F2B0;  1 drivers
v000001F5E282B200_0 .net/s *"_ivl_2", 31 0, L_000001F5E289E590;  1 drivers
v000001F5E282CD80_0 .net/s "acc_in", 15 0, v000001F5E282D500_0;  alias, 1 drivers
v000001F5E282CF60_0 .var/s "acc_out", 15 0;
v000001F5E282BB60_0 .net/s "in_val", 15 0, v000001F5E281F0C0_0;  alias, 1 drivers
v000001F5E282B520_0 .net/s "product", 31 0, L_000001F5E289FAD0;  1 drivers
v000001F5E282B5C0_0 .net/s "weight", 15 0, v000001F5E282D8C0_0;  1 drivers
E_000001F5E27715C0 .event anyedge, v000001F5E282D500_0, v000001F5E282B520_0;
L_000001F5E289F2B0 .extend/s 32, v000001F5E282D8C0_0;
L_000001F5E289E590 .extend/s 32, v000001F5E281F0C0_0;
L_000001F5E289FAD0 .arith/mult 32, L_000001F5E289F2B0, L_000001F5E289E590;
S_000001F5E2828250 .scope generate, "gen_col[4]" "gen_col[4]" 3 27, 3 27 0, S_000001F5E2824620;
 .timescale -9 -12;
P_000001F5E2771600 .param/l "c" 1 3 27, +C4<0100>;
S_000001F5E28267C0 .scope module, "pe_inst" "systolic_pe" 3 32, 4 3 0, S_000001F5E2828250;
 .timescale -9 -12;
    .port_info 0 /INPUT 1 "clk";
    .port_info 1 /INPUT 1 "rst";
    .port_info 2 /INPUT 1 "load_weight";
    .port_info 3 /INPUT 16 "weight_in";
    .port_info 4 /INPUT 16 "in_val_in";
    .port_info 5 /INPUT 16 "acc_in";
    .port_info 6 /OUTPUT 16 "weight_out";
    .port_info 7 /OUTPUT 16 "in_val_out";
    .port_info 8 /OUTPUT 16 "acc_out";
v000001F5E282FA80_0 .net/s "acc_in", 15 0, v000001F5E282B840_0;  alias, 1 drivers
v000001F5E282E680_0 .var/s "acc_out", 15 0;
v000001F5E282FBC0_0 .net "clk", 0 0, v000001F5E283C070_0;  alias, 1 drivers
v000001F5E282ED60_0 .net/s "in_val_in", 15 0, v000001F5E281D5E0_0;  alias, 1 drivers
v000001F5E282FC60_0 .var/s "in_val_out", 15 0;
v000001F5E282E7C0_0 .net "load_weight", 0 0, v000001F5E283C890_0;  alias, 1 drivers
v000001F5E282F440_0 .net/s "mac_result", 15 0, v000001F5E282F3A0_0;  1 drivers
v000001F5E282FD00_0 .net "rst", 0 0, v000001F5E283DAB0_0;  alias, 1 drivers
v000001F5E282F4E0_0 .var/s "stationary_weight", 15 0;
v000001F5E282F940_0 .net/s "weight_in", 15 0, v000001F5E282E4A0_0;  alias, 1 drivers
v000001F5E282FF80_0 .var/s "weight_out", 15 0;
S_000001F5E2826950 .scope module, "core_mac" "mac_q4_12" 4 19, 5 1 0, S_000001F5E28267C0;
 .timescale -9 -12;
    .port_info 0 /INPUT 16 "weight";
    .port_info 1 /INPUT 16 "in_val";
    .port_info 2 /INPUT 16 "acc_in";
    .port_info 3 /OUTPUT 16 "acc_out";
v000001F5E282EB80_0 .net/s *"_ivl_0", 31 0, L_000001F5E289FA30;  1 drivers
v000001F5E282F1C0_0 .net/s *"_ivl_2", 31 0, L_000001F5E289E6D0;  1 drivers
v000001F5E282DD20_0 .net/s "acc_in", 15 0, v000001F5E282B840_0;  alias, 1 drivers
v000001F5E282F3A0_0 .var/s "acc_out", 15 0;
v000001F5E282E860_0 .net/s "in_val", 15 0, v000001F5E281D5E0_0;  alias, 1 drivers
v000001F5E282F9E0_0 .net/s "product", 31 0, L_000001F5E289F8F0;  1 drivers
v000001F5E282ECC0_0 .net/s "weight", 15 0, v000001F5E282F4E0_0;  1 drivers
E_000001F5E2771180 .event anyedge, v000001F5E282B840_0, v000001F5E282F9E0_0;
L_000001F5E289FA30 .extend/s 32, v000001F5E282F4E0_0;
L_000001F5E289E6D0 .extend/s 32, v000001F5E281D5E0_0;
L_000001F5E289F8F0 .arith/mult 32, L_000001F5E289FA30, L_000001F5E289E6D0;
S_000001F5E2826AE0 .scope generate, "gen_col[5]" "gen_col[5]" 3 27, 3 27 0, S_000001F5E2824620;
 .timescale -9 -12;
P_000001F5E2772000 .param/l "c" 1 3 27, +C4<0101>;
S_000001F5E2827120 .scope module, "pe_inst" "systolic_pe" 3 32, 4 3 0, S_000001F5E2826AE0;
 .timescale -9 -12;
    .port_info 0 /INPUT 1 "clk";
    .port_info 1 /INPUT 1 "rst";
    .port_info 2 /INPUT 1 "load_weight";
    .port_info 3 /INPUT 16 "weight_in";
    .port_info 4 /INPUT 16 "in_val_in";
    .port_info 5 /INPUT 16 "acc_in";
    .port_info 6 /OUTPUT 16 "weight_out";
    .port_info 7 /OUTPUT 16 "in_val_out";
    .port_info 8 /OUTPUT 16 "acc_out";
v000001F5E2830020_0 .net/s "acc_in", 15 0, v000001F5E282E680_0;  alias, 1 drivers
v000001F5E282F6C0_0 .var/s "acc_out", 15 0;
v000001F5E282F800_0 .net "clk", 0 0, v000001F5E283C070_0;  alias, 1 drivers
v000001F5E282F8A0_0 .net/s "in_val_in", 15 0, v000001F5E281F020_0;  alias, 1 drivers
v000001F5E282FE40_0 .var/s "in_val_out", 15 0;
v000001F5E282F760_0 .net "load_weight", 0 0, v000001F5E283C890_0;  alias, 1 drivers
v000001F5E282FEE0_0 .net/s "mac_result", 15 0, v000001F5E282EEA0_0;  1 drivers
v000001F5E282F300_0 .net "rst", 0 0, v000001F5E283DAB0_0;  alias, 1 drivers
v000001F5E282EAE0_0 .var/s "stationary_weight", 15 0;
v000001F5E282EA40_0 .net/s "weight_in", 15 0, v000001F5E282FF80_0;  alias, 1 drivers
v000001F5E282DA00_0 .var/s "weight_out", 15 0;
S_000001F5E28280C0 .scope module, "core_mac" "mac_q4_12" 4 19, 5 1 0, S_000001F5E2827120;
 .timescale -9 -12;
    .port_info 0 /INPUT 16 "weight";
    .port_info 1 /INPUT 16 "in_val";
    .port_info 2 /INPUT 16 "acc_in";
    .port_info 3 /OUTPUT 16 "acc_out";
v000001F5E282F260_0 .net/s *"_ivl_0", 31 0, L_000001F5E289F850;  1 drivers
v000001F5E282EE00_0 .net/s *"_ivl_2", 31 0, L_000001F5E289EB30;  1 drivers
v000001F5E282D960_0 .net/s "acc_in", 15 0, v000001F5E282E680_0;  alias, 1 drivers
v000001F5E282EEA0_0 .var/s "acc_out", 15 0;
v000001F5E282DDC0_0 .net/s "in_val", 15 0, v000001F5E281F020_0;  alias, 1 drivers
v000001F5E282DAA0_0 .net/s "product", 31 0, L_000001F5E289F210;  1 drivers
v000001F5E282FDA0_0 .net/s "weight", 15 0, v000001F5E282EAE0_0;  1 drivers
E_000001F5E2771DC0 .event anyedge, v000001F5E282E680_0, v000001F5E282DAA0_0;
L_000001F5E289F850 .extend/s 32, v000001F5E282EAE0_0;
L_000001F5E289EB30 .extend/s 32, v000001F5E281F020_0;
L_000001F5E289F210 .arith/mult 32, L_000001F5E289F850, L_000001F5E289EB30;
S_000001F5E28272B0 .scope generate, "gen_row[9]" "gen_row[9]" 3 22, 3 22 0, S_000001F5E23AEE10;
 .timescale -9 -12;
P_000001F5E2771300 .param/l "r" 1 3 22, +C4<01001>;
L_000001F5E26DCF90 .functor BUFZ 16, v000001F5E283E050_0, C4<0000000000000000>, C4<0000000000000000>, C4<0000000000000000>;
v000001F5E283D830_0 .net *"_ivl_7", 15 0, L_000001F5E26DCF90;  1 drivers
S_000001F5E2826C70 .scope generate, "gen_col[0]" "gen_col[0]" 3 27, 3 27 0, S_000001F5E28272B0;
 .timescale -9 -12;
P_000001F5E2771E00 .param/l "c" 1 3 27, +C4<00>;
S_000001F5E2827440 .scope module, "pe_inst" "systolic_pe" 3 32, 4 3 0, S_000001F5E2826C70;
 .timescale -9 -12;
    .port_info 0 /INPUT 1 "clk";
    .port_info 1 /INPUT 1 "rst";
    .port_info 2 /INPUT 1 "load_weight";
    .port_info 3 /INPUT 16 "weight_in";
    .port_info 4 /INPUT 16 "in_val_in";
    .port_info 5 /INPUT 16 "acc_in";
    .port_info 6 /OUTPUT 16 "weight_out";
    .port_info 7 /OUTPUT 16 "in_val_out";
    .port_info 8 /OUTPUT 16 "acc_out";
v000001F5E282DF00_0 .net/s "acc_in", 15 0, L_000001F5E283F1D0;  alias, 1 drivers
v000001F5E282DFA0_0 .var/s "acc_out", 15 0;
v000001F5E282F080_0 .net "clk", 0 0, v000001F5E283C070_0;  alias, 1 drivers
v000001F5E282E180_0 .net/s "in_val_in", 15 0, v000001F5E282D000_0;  alias, 1 drivers
v000001F5E282E220_0 .var/s "in_val_out", 15 0;
v000001F5E282E2C0_0 .net "load_weight", 0 0, v000001F5E283C890_0;  alias, 1 drivers
v000001F5E282E360_0 .net/s "mac_result", 15 0, v000001F5E282DC80_0;  1 drivers
v000001F5E282E400_0 .net "rst", 0 0, v000001F5E283DAB0_0;  alias, 1 drivers
v000001F5E282E540_0 .var/s "stationary_weight", 15 0;
v000001F5E282E5E0_0 .net/s "weight_in", 15 0, L_000001F5E289F170;  alias, 1 drivers
v000001F5E282E720_0 .var/s "weight_out", 15 0;
S_000001F5E28275D0 .scope module, "core_mac" "mac_q4_12" 4 19, 5 1 0, S_000001F5E2827440;
 .timescale -9 -12;
    .port_info 0 /INPUT 16 "weight";
    .port_info 1 /INPUT 16 "in_val";
    .port_info 2 /INPUT 16 "acc_in";
    .port_info 3 /OUTPUT 16 "acc_out";
v000001F5E282EF40_0 .net/s *"_ivl_0", 31 0, L_000001F5E289EF90;  1 drivers
v000001F5E282E0E0_0 .net/s *"_ivl_2", 31 0, L_000001F5E289D9B0;  1 drivers
v000001F5E282DBE0_0 .net/s "acc_in", 15 0, L_000001F5E283F1D0;  alias, 1 drivers
v000001F5E282DC80_0 .var/s "acc_out", 15 0;
v000001F5E282F580_0 .net/s "in_val", 15 0, v000001F5E282D000_0;  alias, 1 drivers
v000001F5E282DE60_0 .net/s "product", 31 0, L_000001F5E289FE90;  1 drivers
v000001F5E282EFE0_0 .net/s "weight", 15 0, v000001F5E282E540_0;  1 drivers
E_000001F5E2771F40 .event anyedge, v000001F5E282DBE0_0, v000001F5E282DE60_0;
L_000001F5E289EF90 .extend/s 32, v000001F5E282E540_0;
L_000001F5E289D9B0 .extend/s 32, v000001F5E282D000_0;
L_000001F5E289FE90 .arith/mult 32, L_000001F5E289EF90, L_000001F5E289D9B0;
S_000001F5E2832350 .scope generate, "gen_col[1]" "gen_col[1]" 3 27, 3 27 0, S_000001F5E28272B0;
 .timescale -9 -12;
P_000001F5E2772040 .param/l "c" 1 3 27, +C4<01>;
S_000001F5E2834100 .scope module, "pe_inst" "systolic_pe" 3 32, 4 3 0, S_000001F5E2832350;
 .timescale -9 -12;
    .port_info 0 /INPUT 1 "clk";
    .port_info 1 /INPUT 1 "rst";
    .port_info 2 /INPUT 1 "load_weight";
    .port_info 3 /INPUT 16 "weight_in";
    .port_info 4 /INPUT 16 "in_val_in";
    .port_info 5 /INPUT 16 "acc_in";
    .port_info 6 /OUTPUT 16 "weight_out";
    .port_info 7 /OUTPUT 16 "in_val_out";
    .port_info 8 /OUTPUT 16 "acc_out";
v000001F5E28300C0_0 .net/s "acc_in", 15 0, v000001F5E282DFA0_0;  alias, 1 drivers
v000001F5E2830160_0 .var/s "acc_out", 15 0;
v000001F5E28302A0_0 .net "clk", 0 0, v000001F5E283C070_0;  alias, 1 drivers
v000001F5E2830340_0 .net/s "in_val_in", 15 0, v000001F5E282C880_0;  alias, 1 drivers
v000001F5E28303E0_0 .var/s "in_val_out", 15 0;
v000001F5E2830480_0 .net "load_weight", 0 0, v000001F5E283C890_0;  alias, 1 drivers
v000001F5E2830520_0 .net/s "mac_result", 15 0, v000001F5E28305C0_0;  1 drivers
v000001F5E2829360_0 .net "rst", 0 0, v000001F5E283DAB0_0;  alias, 1 drivers
v000001F5E282B020_0 .var/s "stationary_weight", 15 0;
v000001F5E2829180_0 .net/s "weight_in", 15 0, v000001F5E282E720_0;  alias, 1 drivers
v000001F5E282AEE0_0 .var/s "weight_out", 15 0;
S_000001F5E2831EA0 .scope module, "core_mac" "mac_q4_12" 4 19, 5 1 0, S_000001F5E2834100;
 .timescale -9 -12;
    .port_info 0 /INPUT 16 "weight";
    .port_info 1 /INPUT 16 "in_val";
    .port_info 2 /INPUT 16 "acc_in";
    .port_info 3 /OUTPUT 16 "acc_out";
v000001F5E282E900_0 .net/s *"_ivl_0", 31 0, L_000001F5E289E770;  1 drivers
v000001F5E282E9A0_0 .net/s *"_ivl_2", 31 0, L_000001F5E289FB70;  1 drivers
v000001F5E2830660_0 .net/s "acc_in", 15 0, v000001F5E282DFA0_0;  alias, 1 drivers
v000001F5E28305C0_0 .var/s "acc_out", 15 0;
v000001F5E2830700_0 .net/s "in_val", 15 0, v000001F5E282C880_0;  alias, 1 drivers
v000001F5E2830200_0 .net/s "product", 31 0, L_000001F5E289E090;  1 drivers
v000001F5E28307A0_0 .net/s "weight", 15 0, v000001F5E282B020_0;  1 drivers
E_000001F5E2771E40 .event anyedge, v000001F5E282DFA0_0, v000001F5E2830200_0;
L_000001F5E289E770 .extend/s 32, v000001F5E282B020_0;
L_000001F5E289FB70 .extend/s 32, v000001F5E282C880_0;
L_000001F5E289E090 .arith/mult 32, L_000001F5E289E770, L_000001F5E289FB70;
S_000001F5E2833F70 .scope generate, "gen_col[2]" "gen_col[2]" 3 27, 3 27 0, S_000001F5E28272B0;
 .timescale -9 -12;
P_000001F5E2771FC0 .param/l "c" 1 3 27, +C4<010>;
S_000001F5E2833160 .scope module, "pe_inst" "systolic_pe" 3 32, 4 3 0, S_000001F5E2833F70;
 .timescale -9 -12;
    .port_info 0 /INPUT 1 "clk";
    .port_info 1 /INPUT 1 "rst";
    .port_info 2 /INPUT 1 "load_weight";
    .port_info 3 /INPUT 16 "weight_in";
    .port_info 4 /INPUT 16 "in_val_in";
    .port_info 5 /INPUT 16 "acc_in";
    .port_info 6 /OUTPUT 16 "weight_out";
    .port_info 7 /OUTPUT 16 "in_val_out";
    .port_info 8 /OUTPUT 16 "acc_out";
v000001F5E28292C0_0 .net/s "acc_in", 15 0, v000001F5E2830160_0;  alias, 1 drivers
v000001F5E282A3A0_0 .var/s "acc_out", 15 0;
v000001F5E282A440_0 .net "clk", 0 0, v000001F5E283C070_0;  alias, 1 drivers
v000001F5E2829D60_0 .net/s "in_val_in", 15 0, v000001F5E282D6E0_0;  alias, 1 drivers
v000001F5E282A260_0 .var/s "in_val_out", 15 0;
v000001F5E2829E00_0 .net "load_weight", 0 0, v000001F5E283C890_0;  alias, 1 drivers
v000001F5E2828960_0 .net/s "mac_result", 15 0, v000001F5E2829900_0;  1 drivers
v000001F5E282A4E0_0 .net "rst", 0 0, v000001F5E283DAB0_0;  alias, 1 drivers
v000001F5E2828BE0_0 .var/s "stationary_weight", 15 0;
v000001F5E282A620_0 .net/s "weight_in", 15 0, v000001F5E282AEE0_0;  alias, 1 drivers
v000001F5E282A6C0_0 .var/s "weight_out", 15 0;
S_000001F5E2831860 .scope module, "core_mac" "mac_q4_12" 4 19, 5 1 0, S_000001F5E2833160;
 .timescale -9 -12;
    .port_info 0 /INPUT 16 "weight";
    .port_info 1 /INPUT 16 "in_val";
    .port_info 2 /INPUT 16 "acc_in";
    .port_info 3 /OUTPUT 16 "acc_out";
v000001F5E2828AA0_0 .net/s *"_ivl_0", 31 0, L_000001F5E289FC10;  1 drivers
v000001F5E28288C0_0 .net/s *"_ivl_2", 31 0, L_000001F5E289D870;  1 drivers
v000001F5E28299A0_0 .net/s "acc_in", 15 0, v000001F5E2830160_0;  alias, 1 drivers
v000001F5E2829900_0 .var/s "acc_out", 15 0;
v000001F5E282ABC0_0 .net/s "in_val", 15 0, v000001F5E282D6E0_0;  alias, 1 drivers
v000001F5E2829220_0 .net/s "product", 31 0, L_000001F5E289DE10;  1 drivers
v000001F5E2828B40_0 .net/s "weight", 15 0, v000001F5E2828BE0_0;  1 drivers
E_000001F5E2771240 .event anyedge, v000001F5E2830160_0, v000001F5E2829220_0;
L_000001F5E289FC10 .extend/s 32, v000001F5E2828BE0_0;
L_000001F5E289D870 .extend/s 32, v000001F5E282D6E0_0;
L_000001F5E289DE10 .arith/mult 32, L_000001F5E289FC10, L_000001F5E289D870;
S_000001F5E2834420 .scope generate, "gen_col[3]" "gen_col[3]" 3 27, 3 27 0, S_000001F5E28272B0;
 .timescale -9 -12;
P_000001F5E2772080 .param/l "c" 1 3 27, +C4<011>;
S_000001F5E28308C0 .scope module, "pe_inst" "systolic_pe" 3 32, 4 3 0, S_000001F5E2834420;
 .timescale -9 -12;
    .port_info 0 /INPUT 1 "clk";
    .port_info 1 /INPUT 1 "rst";
    .port_info 2 /INPUT 1 "load_weight";
    .port_info 3 /INPUT 16 "weight_in";
    .port_info 4 /INPUT 16 "in_val_in";
    .port_info 5 /INPUT 16 "acc_in";
    .port_info 6 /OUTPUT 16 "weight_out";
    .port_info 7 /OUTPUT 16 "in_val_out";
    .port_info 8 /OUTPUT 16 "acc_out";
v000001F5E282A080_0 .net/s "acc_in", 15 0, v000001F5E282A3A0_0;  alias, 1 drivers
v000001F5E282ADA0_0 .var/s "acc_out", 15 0;
v000001F5E2829B80_0 .net "clk", 0 0, v000001F5E283C070_0;  alias, 1 drivers
v000001F5E28290E0_0 .net/s "in_val_in", 15 0, v000001F5E282FB20_0;  alias, 1 drivers
v000001F5E282A580_0 .var/s "in_val_out", 15 0;
v000001F5E2829FE0_0 .net "load_weight", 0 0, v000001F5E283C890_0;  alias, 1 drivers
v000001F5E2828DC0_0 .net/s "mac_result", 15 0, v000001F5E2829EA0_0;  1 drivers
v000001F5E282A760_0 .net "rst", 0 0, v000001F5E283DAB0_0;  alias, 1 drivers
v000001F5E282AC60_0 .var/s "stationary_weight", 15 0;
v000001F5E2829720_0 .net/s "weight_in", 15 0, v000001F5E282A6C0_0;  alias, 1 drivers
v000001F5E282A9E0_0 .var/s "weight_out", 15 0;
S_000001F5E2831220 .scope module, "core_mac" "mac_q4_12" 4 19, 5 1 0, S_000001F5E28308C0;
 .timescale -9 -12;
    .port_info 0 /INPUT 16 "weight";
    .port_info 1 /INPUT 16 "in_val";
    .port_info 2 /INPUT 16 "acc_in";
    .port_info 3 /OUTPUT 16 "acc_out";
v000001F5E2829A40_0 .net/s *"_ivl_0", 31 0, L_000001F5E289DA50;  1 drivers
v000001F5E282AE40_0 .net/s *"_ivl_2", 31 0, L_000001F5E289F990;  1 drivers
v000001F5E282AD00_0 .net/s "acc_in", 15 0, v000001F5E282A3A0_0;  alias, 1 drivers
v000001F5E2829EA0_0 .var/s "acc_out", 15 0;
v000001F5E2828C80_0 .net/s "in_val", 15 0, v000001F5E282FB20_0;  alias, 1 drivers
v000001F5E282A8A0_0 .net/s "product", 31 0, L_000001F5E289E1D0;  1 drivers
v000001F5E2829AE0_0 .net/s "weight", 15 0, v000001F5E282AC60_0;  1 drivers
E_000001F5E2771280 .event anyedge, v000001F5E282A3A0_0, v000001F5E282A8A0_0;
L_000001F5E289DA50 .extend/s 32, v000001F5E282AC60_0;
L_000001F5E289F990 .extend/s 32, v000001F5E282FB20_0;
L_000001F5E289E1D0 .arith/mult 32, L_000001F5E289DA50, L_000001F5E289F990;
S_000001F5E2831B80 .scope generate, "gen_col[4]" "gen_col[4]" 3 27, 3 27 0, S_000001F5E28272B0;
 .timescale -9 -12;
P_000001F5E27713C0 .param/l "c" 1 3 27, +C4<0100>;
S_000001F5E28345B0 .scope module, "pe_inst" "systolic_pe" 3 32, 4 3 0, S_000001F5E2831B80;
 .timescale -9 -12;
    .port_info 0 /INPUT 1 "clk";
    .port_info 1 /INPUT 1 "rst";
    .port_info 2 /INPUT 1 "load_weight";
    .port_info 3 /INPUT 16 "weight_in";
    .port_info 4 /INPUT 16 "in_val_in";
    .port_info 5 /INPUT 16 "acc_in";
    .port_info 6 /OUTPUT 16 "weight_out";
    .port_info 7 /OUTPUT 16 "in_val_out";
    .port_info 8 /OUTPUT 16 "acc_out";
v000001F5E2829F40_0 .net/s "acc_in", 15 0, v000001F5E282ADA0_0;  alias, 1 drivers
v000001F5E28297C0_0 .var/s "acc_out", 15 0;
v000001F5E2828FA0_0 .net "clk", 0 0, v000001F5E283C070_0;  alias, 1 drivers
v000001F5E28294A0_0 .net/s "in_val_in", 15 0, v000001F5E282FC60_0;  alias, 1 drivers
v000001F5E2828D20_0 .var/s "in_val_out", 15 0;
v000001F5E2828A00_0 .net "load_weight", 0 0, v000001F5E283C890_0;  alias, 1 drivers
v000001F5E282AB20_0 .net/s "mac_result", 15 0, v000001F5E282A940_0;  1 drivers
v000001F5E2829540_0 .net "rst", 0 0, v000001F5E283DAB0_0;  alias, 1 drivers
v000001F5E28295E0_0 .var/s "stationary_weight", 15 0;
v000001F5E282A1C0_0 .net/s "weight_in", 15 0, v000001F5E282A9E0_0;  alias, 1 drivers
v000001F5E2828E60_0 .var/s "weight_out", 15 0;
S_000001F5E28313B0 .scope module, "core_mac" "mac_q4_12" 4 19, 5 1 0, S_000001F5E28345B0;
 .timescale -9 -12;
    .port_info 0 /INPUT 16 "weight";
    .port_info 1 /INPUT 16 "in_val";
    .port_info 2 /INPUT 16 "acc_in";
    .port_info 3 /OUTPUT 16 "acc_out";
v000001F5E282AF80_0 .net/s *"_ivl_0", 31 0, L_000001F5E289FF30;  1 drivers
v000001F5E282A300_0 .net/s *"_ivl_2", 31 0, L_000001F5E289ED10;  1 drivers
v000001F5E282A800_0 .net/s "acc_in", 15 0, v000001F5E282ADA0_0;  alias, 1 drivers
v000001F5E282A940_0 .var/s "acc_out", 15 0;
v000001F5E282A120_0 .net/s "in_val", 15 0, v000001F5E282FC60_0;  alias, 1 drivers
v000001F5E282AA80_0 .net/s "product", 31 0, L_000001F5E289DD70;  1 drivers
v000001F5E2829400_0 .net/s "weight", 15 0, v000001F5E28295E0_0;  1 drivers
E_000001F5E2772A80 .event anyedge, v000001F5E282ADA0_0, v000001F5E282AA80_0;
L_000001F5E289FF30 .extend/s 32, v000001F5E28295E0_0;
L_000001F5E289ED10 .extend/s 32, v000001F5E282FC60_0;
L_000001F5E289DD70 .arith/mult 32, L_000001F5E289FF30, L_000001F5E289ED10;
S_000001F5E28319F0 .scope generate, "gen_col[5]" "gen_col[5]" 3 27, 3 27 0, S_000001F5E28272B0;
 .timescale -9 -12;
P_000001F5E2772E80 .param/l "c" 1 3 27, +C4<0101>;
S_000001F5E2833930 .scope module, "pe_inst" "systolic_pe" 3 32, 4 3 0, S_000001F5E28319F0;
 .timescale -9 -12;
    .port_info 0 /INPUT 1 "clk";
    .port_info 1 /INPUT 1 "rst";
    .port_info 2 /INPUT 1 "load_weight";
    .port_info 3 /INPUT 16 "weight_in";
    .port_info 4 /INPUT 16 "in_val_in";
    .port_info 5 /INPUT 16 "acc_in";
    .port_info 6 /OUTPUT 16 "weight_out";
    .port_info 7 /OUTPUT 16 "in_val_out";
    .port_info 8 /OUTPUT 16 "acc_out";
v000001F5E283C570_0 .net/s "acc_in", 15 0, v000001F5E28297C0_0;  alias, 1 drivers
v000001F5E283E050_0 .var/s "acc_out", 15 0;
v000001F5E283BDF0_0 .net "clk", 0 0, v000001F5E283C070_0;  alias, 1 drivers
v000001F5E283B990_0 .net/s "in_val_in", 15 0, v000001F5E282FE40_0;  alias, 1 drivers
v000001F5E283BFD0_0 .var/s "in_val_out", 15 0;
v000001F5E283C6B0_0 .net "load_weight", 0 0, v000001F5E283C890_0;  alias, 1 drivers
v000001F5E283CE30_0 .net/s "mac_result", 15 0, v000001F5E2828F00_0;  1 drivers
v000001F5E283BE90_0 .net "rst", 0 0, v000001F5E283DAB0_0;  alias, 1 drivers
v000001F5E283C250_0 .var/s "stationary_weight", 15 0;
v000001F5E283BF30_0 .net/s "weight_in", 15 0, v000001F5E2828E60_0;  alias, 1 drivers
v000001F5E283C750_0 .var/s "weight_out", 15 0;
S_000001F5E2833AC0 .scope module, "core_mac" "mac_q4_12" 4 19, 5 1 0, S_000001F5E2833930;
 .timescale -9 -12;
    .port_info 0 /INPUT 16 "weight";
    .port_info 1 /INPUT 16 "in_val";
    .port_info 2 /INPUT 16 "acc_in";
    .port_info 3 /OUTPUT 16 "acc_out";
v000001F5E2829680_0 .net/s *"_ivl_0", 31 0, L_000001F5E289F530;  1 drivers
v000001F5E2829CC0_0 .net/s *"_ivl_2", 31 0, L_000001F5E289E630;  1 drivers
v000001F5E2829860_0 .net/s "acc_in", 15 0, v000001F5E28297C0_0;  alias, 1 drivers
v000001F5E2828F00_0 .var/s "acc_out", 15 0;
v000001F5E2829040_0 .net/s "in_val", 15 0, v000001F5E282FE40_0;  alias, 1 drivers
v000001F5E2829C20_0 .net/s "product", 31 0, L_000001F5E289EBD0;  1 drivers
v000001F5E283D150_0 .net/s "weight", 15 0, v000001F5E283C250_0;  1 drivers
E_000001F5E2772940 .event anyedge, v000001F5E28297C0_0, v000001F5E2829C20_0;
L_000001F5E289F530 .extend/s 32, v000001F5E283C250_0;
L_000001F5E289E630 .extend/s 32, v000001F5E282FE40_0;
L_000001F5E289EBD0 .arith/mult 32, L_000001F5E289F530, L_000001F5E289E630;
    .scope S_000001F5E22DE3E0;
T_0 ;
    %wait E_000001F5E2773FC0;
    %load/vec4 v000001F5E27861C0_0;
    %load/vec4 v000001F5E2785D60_0;
    %parti/s 16, 12, 5;
    %add;
    %store/vec4 v000001F5E2787020_0, 0, 16;
    %jmp T_0;
    .thread T_0, $push;
    .scope S_000001F5E22DE250;
T_1 ;
    %wait E_000001F5E2773540;
    %load/vec4 v000001F5E2786760_0;
    %flag_set/vec4 8;
    %jmp/0xz  T_1.0, 8;
    %pushi/vec4 0, 0, 16;
    %assign/vec4 v000001F5E2786BC0_0, 0;
    %pushi/vec4 0, 0, 16;
    %assign/vec4 v000001F5E2785FE0_0, 0;
    %pushi/vec4 0, 0, 16;
    %assign/vec4 v000001F5E2786940_0, 0;
    %pushi/vec4 0, 0, 16;
    %assign/vec4 v000001F5E2785720_0, 0;
    %jmp T_1.1;
T_1.0 ;
    %load/vec4 v000001F5E27857C0_0;
    %flag_set/vec4 8;
    %jmp/0xz  T_1.2, 8;
    %load/vec4 v000001F5E2786C60_0;
    %assign/vec4 v000001F5E2786BC0_0, 0;
    %load/vec4 v000001F5E2786C60_0;
    %assign/vec4 v000001F5E2785FE0_0, 0;
    %pushi/vec4 0, 0, 16;
    %assign/vec4 v000001F5E2786940_0, 0;
    %pushi/vec4 0, 0, 16;
    %assign/vec4 v000001F5E2785720_0, 0;
    %jmp T_1.3;
T_1.2 ;
    %load/vec4 v000001F5E27864E0_0;
    %assign/vec4 v000001F5E2786940_0, 0;
    %load/vec4 v000001F5E2786300_0;
    %assign/vec4 v000001F5E2785720_0, 0;
T_1.3 ;
T_1.1 ;
    %jmp T_1;
    .thread T_1;
    .scope S_000001F5E232EC50;
T_2 ;
    %wait E_000001F5E2773240;
    %load/vec4 v000001F5E2787200_0;
    %load/vec4 v000001F5E2787340_0;
    %parti/s 16, 12, 5;
    %add;
    %store/vec4 v000001F5E2785860_0, 0, 16;
    %jmp T_2;
    .thread T_2, $push;
    .scope S_000001F5E232EAC0;
T_3 ;
    %wait E_000001F5E2773540;
    %load/vec4 v000001F5E2785B80_0;
    %flag_set/vec4 8;
    %jmp/0xz  T_3.0, 8;
    %pushi/vec4 0, 0, 16;
    %assign/vec4 v000001F5E27873E0_0, 0;
    %pushi/vec4 0, 0, 16;
    %assign/vec4 v000001F5E2786A80_0, 0;
    %pushi/vec4 0, 0, 16;
    %assign/vec4 v000001F5E27855E0_0, 0;
    %pushi/vec4 0, 0, 16;
    %assign/vec4 v000001F5E2786580_0, 0;
    %jmp T_3.1;
T_3.0 ;
    %load/vec4 v000001F5E2785EA0_0;
    %flag_set/vec4 8;
    %jmp/0xz  T_3.2, 8;
    %load/vec4 v000001F5E2786D00_0;
    %assign/vec4 v000001F5E27873E0_0, 0;
    %load/vec4 v000001F5E2786D00_0;
    %assign/vec4 v000001F5E2786A80_0, 0;
    %pushi/vec4 0, 0, 16;
    %assign/vec4 v000001F5E27855E0_0, 0;
    %pushi/vec4 0, 0, 16;
    %assign/vec4 v000001F5E2786580_0, 0;
    %jmp T_3.3;
T_3.2 ;
    %load/vec4 v000001F5E2786440_0;
    %assign/vec4 v000001F5E27855E0_0, 0;
    %load/vec4 v000001F5E2785F40_0;
    %assign/vec4 v000001F5E2786580_0, 0;
T_3.3 ;
T_3.1 ;
    %jmp T_3;
    .thread T_3;
    .scope S_000001F5E27DD420;
T_4 ;
    %wait E_000001F5E2773800;
    %load/vec4 v000001F5E27868A0_0;
    %load/vec4 v000001F5E27872A0_0;
    %parti/s 16, 12, 5;
    %add;
    %store/vec4 v000001F5E27869E0_0, 0, 16;
    %jmp T_4;
    .thread T_4, $push;
    .scope S_000001F5E27DD5B0;
T_5 ;
    %wait E_000001F5E2773540;
    %load/vec4 v000001F5E26AB6A0_0;
    %flag_set/vec4 8;
    %jmp/0xz  T_5.0, 8;
    %pushi/vec4 0, 0, 16;
    %assign/vec4 v000001F5E26ABCE0_0, 0;
    %pushi/vec4 0, 0, 16;
    %assign/vec4 v000001F5E26ACA00_0, 0;
    %pushi/vec4 0, 0, 16;
    %assign/vec4 v000001F5E26AC3C0_0, 0;
    %pushi/vec4 0, 0, 16;
    %assign/vec4 v000001F5E2785900_0, 0;
    %jmp T_5.1;
T_5.0 ;
    %load/vec4 v000001F5E26AC780_0;
    %flag_set/vec4 8;
    %jmp/0xz  T_5.2, 8;
    %load/vec4 v000001F5E26AC960_0;
    %assign/vec4 v000001F5E26ABCE0_0, 0;
    %load/vec4 v000001F5E26AC960_0;
    %assign/vec4 v000001F5E26ACA00_0, 0;
    %pushi/vec4 0, 0, 16;
    %assign/vec4 v000001F5E26AC3C0_0, 0;
    %pushi/vec4 0, 0, 16;
    %assign/vec4 v000001F5E2785900_0, 0;
    %jmp T_5.3;
T_5.2 ;
    %load/vec4 v000001F5E2785A40_0;
    %assign/vec4 v000001F5E26AC3C0_0, 0;
    %load/vec4 v000001F5E26AC500_0;
    %assign/vec4 v000001F5E2785900_0, 0;
T_5.3 ;
T_5.1 ;
    %jmp T_5;
    .thread T_5;
    .scope S_000001F5E27DCAC0;
T_6 ;
    %wait E_000001F5E2773480;
    %load/vec4 v000001F5E26ABD80_0;
    %load/vec4 v000001F5E26ACD20_0;
    %parti/s 16, 12, 5;
    %add;
    %store/vec4 v000001F5E26ABE20_0, 0, 16;
    %jmp T_6;
    .thread T_6, $push;
    .scope S_000001F5E27DC930;
T_7 ;
    %wait E_000001F5E2773540;
    %load/vec4 v000001F5E26AB7E0_0;
    %flag_set/vec4 8;
    %jmp/0xz  T_7.0, 8;
    %pushi/vec4 0, 0, 16;
    %assign/vec4 v000001F5E26AB880_0, 0;
    %pushi/vec4 0, 0, 16;
    %assign/vec4 v000001F5E26DAA20_0, 0;
    %pushi/vec4 0, 0, 16;
    %assign/vec4 v000001F5E26AB4C0_0, 0;
    %pushi/vec4 0, 0, 16;
    %assign/vec4 v000001F5E26AC000_0, 0;
    %jmp T_7.1;
T_7.0 ;
    %load/vec4 v000001F5E26ACDC0_0;
    %flag_set/vec4 8;
    %jmp/0xz  T_7.2, 8;
    %load/vec4 v000001F5E26ABEC0_0;
    %assign/vec4 v000001F5E26AB880_0, 0;
    %load/vec4 v000001F5E26ABEC0_0;
    %assign/vec4 v000001F5E26DAA20_0, 0;
    %pushi/vec4 0, 0, 16;
    %assign/vec4 v000001F5E26AB4C0_0, 0;
    %pushi/vec4 0, 0, 16;
    %assign/vec4 v000001F5E26AC000_0, 0;
    %jmp T_7.3;
T_7.2 ;
    %load/vec4 v000001F5E26AB420_0;
    %assign/vec4 v000001F5E26AB4C0_0, 0;
    %load/vec4 v000001F5E26AB740_0;
    %assign/vec4 v000001F5E26AC000_0, 0;
T_7.3 ;
T_7.1 ;
    %jmp T_7;
    .thread T_7;
    .scope S_000001F5E27DD100;
T_8 ;
    %wait E_000001F5E27738C0;
    %load/vec4 v000001F5E26DB920_0;
    %load/vec4 v000001F5E26DB9C0_0;
    %parti/s 16, 12, 5;
    %add;
    %store/vec4 v000001F5E26DC320_0, 0, 16;
    %jmp T_8;
    .thread T_8, $push;
    .scope S_000001F5E27DCF70;
T_9 ;
    %wait E_000001F5E2773540;
    %load/vec4 v000001F5E26DAE80_0;
    %flag_set/vec4 8;
    %jmp/0xz  T_9.0, 8;
    %pushi/vec4 0, 0, 16;
    %assign/vec4 v000001F5E26DBF60_0, 0;
    %pushi/vec4 0, 0, 16;
    %assign/vec4 v000001F5E26DA7A0_0, 0;
    %pushi/vec4 0, 0, 16;
    %assign/vec4 v000001F5E26DB560_0, 0;
    %pushi/vec4 0, 0, 16;
    %assign/vec4 v000001F5E26DB600_0, 0;
    %jmp T_9.1;
T_9.0 ;
    %load/vec4 v000001F5E26DBEC0_0;
    %flag_set/vec4 8;
    %jmp/0xz  T_9.2, 8;
    %load/vec4 v000001F5E26DC3C0_0;
    %assign/vec4 v000001F5E26DBF60_0, 0;
    %load/vec4 v000001F5E26DC3C0_0;
    %assign/vec4 v000001F5E26DA7A0_0, 0;
    %pushi/vec4 0, 0, 16;
    %assign/vec4 v000001F5E26DB560_0, 0;
    %pushi/vec4 0, 0, 16;
    %assign/vec4 v000001F5E26DB600_0, 0;
    %jmp T_9.3;
T_9.2 ;
    %load/vec4 v000001F5E26DB4C0_0;
    %assign/vec4 v000001F5E26DB560_0, 0;
    %load/vec4 v000001F5E26DC5A0_0;
    %assign/vec4 v000001F5E26DB600_0, 0;
T_9.3 ;
T_9.1 ;
    %jmp T_9;
    .thread T_9;
    .scope S_000001F5E27E1C80;
T_10 ;
    %wait E_000001F5E2774800;
    %load/vec4 v000001F5E26DAB60_0;
    %load/vec4 v000001F5E26F8370_0;
    %parti/s 16, 12, 5;
    %add;
    %store/vec4 v000001F5E26DADE0_0, 0, 16;
    %jmp T_10;
    .thread T_10, $push;
    .scope S_000001F5E27E3710;
T_11 ;
    %wait E_000001F5E2773540;
    %load/vec4 v000001F5E26F9450_0;
    %flag_set/vec4 8;
    %jmp/0xz  T_11.0, 8;
    %pushi/vec4 0, 0, 16;
    %assign/vec4 v000001F5E26F8730_0, 0;
    %pushi/vec4 0, 0, 16;
    %assign/vec4 v000001F5E26F7DD0_0, 0;
    %pushi/vec4 0, 0, 16;
    %assign/vec4 v000001F5E26F8EB0_0, 0;
    %pushi/vec4 0, 0, 16;
    %assign/vec4 v000001F5E26F9590_0, 0;
    %jmp T_11.1;
T_11.0 ;
    %load/vec4 v000001F5E26F8CD0_0;
    %flag_set/vec4 8;
    %jmp/0xz  T_11.2, 8;
    %load/vec4 v000001F5E26F8F50_0;
    %assign/vec4 v000001F5E26F8730_0, 0;
    %load/vec4 v000001F5E26F8F50_0;
    %assign/vec4 v000001F5E26F7DD0_0, 0;
    %pushi/vec4 0, 0, 16;
    %assign/vec4 v000001F5E26F8EB0_0, 0;
    %pushi/vec4 0, 0, 16;
    %assign/vec4 v000001F5E26F9590_0, 0;
    %jmp T_11.3;
T_11.2 ;
    %load/vec4 v000001F5E26F8C30_0;
    %assign/vec4 v000001F5E26F8EB0_0, 0;
    %load/vec4 v000001F5E26F7970_0;
    %assign/vec4 v000001F5E26F9590_0, 0;
T_11.3 ;
T_11.1 ;
    %jmp T_11;
    .thread T_11;
    .scope S_000001F5E27E2130;
T_12 ;
    %wait E_000001F5E2774340;
    %load/vec4 v000001F5E26F8FF0_0;
    %load/vec4 v000001F5E26F9630_0;
    %parti/s 16, 12, 5;
    %add;
    %store/vec4 v000001F5E26F87D0_0, 0, 16;
    %jmp T_12;
    .thread T_12, $push;
    .scope S_000001F5E27E2F40;
T_13 ;
    %wait E_000001F5E2773540;
    %load/vec4 v000001F5E2725940_0;
    %flag_set/vec4 8;
    %jmp/0xz  T_13.0, 8;
    %pushi/vec4 0, 0, 16;
    %assign/vec4 v000001F5E27262A0_0, 0;
    %pushi/vec4 0, 0, 16;
    %assign/vec4 v000001F5E27259E0_0, 0;
    %pushi/vec4 0, 0, 16;
    %assign/vec4 v000001F5E2725800_0, 0;
    %pushi/vec4 0, 0, 16;
    %assign/vec4 v000001F5E2725120_0, 0;
    %jmp T_13.1;
T_13.0 ;
    %load/vec4 v000001F5E2725620_0;
    %flag_set/vec4 8;
    %jmp/0xz  T_13.2, 8;
    %load/vec4 v000001F5E27260C0_0;
    %assign/vec4 v000001F5E27262A0_0, 0;
    %load/vec4 v000001F5E27260C0_0;
    %assign/vec4 v000001F5E27259E0_0, 0;
    %pushi/vec4 0, 0, 16;
    %assign/vec4 v000001F5E2725800_0, 0;
    %pushi/vec4 0, 0, 16;
    %assign/vec4 v000001F5E2725120_0, 0;
    %jmp T_13.3;
T_13.2 ;
    %load/vec4 v000001F5E2725DA0_0;
    %assign/vec4 v000001F5E2725800_0, 0;
    %load/vec4 v000001F5E2724CC0_0;
    %assign/vec4 v000001F5E2725120_0, 0;
T_13.3 ;
T_13.1 ;
    %jmp T_13;
    .thread T_13;
    .scope S_000001F5E27E22C0;
T_14 ;
    %wait E_000001F5E2774EC0;
    %load/vec4 v000001F5E2725EE0_0;
    %load/vec4 v000001F5E2726200_0;
    %parti/s 16, 12, 5;
    %add;
    %store/vec4 v000001F5E2724E00_0, 0, 16;
    %jmp T_14;
    .thread T_14, $push;
    .scope S_000001F5E27E33F0;
T_15 ;
    %wait E_000001F5E2773540;
    %load/vec4 v000001F5E268A6C0_0;
    %flag_set/vec4 8;
    %jmp/0xz  T_15.0, 8;
    %pushi/vec4 0, 0, 16;
    %assign/vec4 v000001F5E2689720_0, 0;
    %pushi/vec4 0, 0, 16;
    %assign/vec4 v000001F5E2689A40_0, 0;
    %pushi/vec4 0, 0, 16;
    %assign/vec4 v000001F5E2689540_0, 0;
    %pushi/vec4 0, 0, 16;
    %assign/vec4 v000001F5E2726020_0, 0;
    %jmp T_15.1;
T_15.0 ;
    %load/vec4 v000001F5E268ADA0_0;
    %flag_set/vec4 8;
    %jmp/0xz  T_15.2, 8;
    %load/vec4 v000001F5E268A760_0;
    %assign/vec4 v000001F5E2689720_0, 0;
    %load/vec4 v000001F5E268A760_0;
    %assign/vec4 v000001F5E2689A40_0, 0;
    %pushi/vec4 0, 0, 16;
    %assign/vec4 v000001F5E2689540_0, 0;
    %pushi/vec4 0, 0, 16;
    %assign/vec4 v000001F5E2726020_0, 0;
    %jmp T_15.3;
T_15.2 ;
    %load/vec4 v000001F5E2726980_0;
    %assign/vec4 v000001F5E2689540_0, 0;
    %load/vec4 v000001F5E268A620_0;
    %assign/vec4 v000001F5E2726020_0, 0;
T_15.3 ;
T_15.1 ;
    %jmp T_15;
    .thread T_15;
    .scope S_000001F5E27E1960;
T_16 ;
    %wait E_000001F5E27750C0;
    %load/vec4 v000001F5E2689AE0_0;
    %load/vec4 v000001F5E268A940_0;
    %parti/s 16, 12, 5;
    %add;
    %store/vec4 v000001F5E2689360_0, 0, 16;
    %jmp T_16;
    .thread T_16, $push;
    .scope S_000001F5E27E3580;
T_17 ;
    %wait E_000001F5E2773540;
    %load/vec4 v000001F5E267F4F0_0;
    %flag_set/vec4 8;
    %jmp/0xz  T_17.0, 8;
    %pushi/vec4 0, 0, 16;
    %assign/vec4 v000001F5E267F590_0, 0;
    %pushi/vec4 0, 0, 16;
    %assign/vec4 v000001F5E267F8B0_0, 0;
    %pushi/vec4 0, 0, 16;
    %assign/vec4 v000001F5E268A260_0, 0;
    %pushi/vec4 0, 0, 16;
    %assign/vec4 v000001F5E2689400_0, 0;
    %jmp T_17.1;
T_17.0 ;
    %load/vec4 v000001F5E268A4E0_0;
    %flag_set/vec4 8;
    %jmp/0xz  T_17.2, 8;
    %load/vec4 v000001F5E267F630_0;
    %assign/vec4 v000001F5E267F590_0, 0;
    %load/vec4 v000001F5E267F630_0;
    %assign/vec4 v000001F5E267F8B0_0, 0;
    %pushi/vec4 0, 0, 16;
    %assign/vec4 v000001F5E268A260_0, 0;
    %pushi/vec4 0, 0, 16;
    %assign/vec4 v000001F5E2689400_0, 0;
    %jmp T_17.3;
T_17.2 ;
    %load/vec4 v000001F5E268A1C0_0;
    %assign/vec4 v000001F5E268A260_0, 0;
    %load/vec4 v000001F5E26800D0_0;
    %assign/vec4 v000001F5E2689400_0, 0;
T_17.3 ;
T_17.1 ;
    %jmp T_17;
    .thread T_17;
    .scope S_000001F5E27E2770;
T_18 ;
    %wait E_000001F5E2774180;
    %load/vec4 v000001F5E27E5810_0;
    %load/vec4 v000001F5E27E5450_0;
    %parti/s 16, 12, 5;
    %add;
    %store/vec4 v000001F5E27E4050_0, 0, 16;
    %jmp T_18;
    .thread T_18, $push;
    .scope S_000001F5E27E25E0;
T_19 ;
    %wait E_000001F5E2773540;
    %load/vec4 v000001F5E27E53B0_0;
    %flag_set/vec4 8;
    %jmp/0xz  T_19.0, 8;
    %pushi/vec4 0, 0, 16;
    %assign/vec4 v000001F5E27E5770_0, 0;
    %pushi/vec4 0, 0, 16;
    %assign/vec4 v000001F5E27E5590_0, 0;
    %pushi/vec4 0, 0, 16;
    %assign/vec4 v000001F5E27E4EB0_0, 0;
    %pushi/vec4 0, 0, 16;
    %assign/vec4 v000001F5E27E3FB0_0, 0;
    %jmp T_19.1;
T_19.0 ;
    %load/vec4 v000001F5E27E4E10_0;
    %flag_set/vec4 8;
    %jmp/0xz  T_19.2, 8;
    %load/vec4 v000001F5E27E4690_0;
    %assign/vec4 v000001F5E27E5770_0, 0;
    %load/vec4 v000001F5E27E4690_0;
    %assign/vec4 v000001F5E27E5590_0, 0;
    %pushi/vec4 0, 0, 16;
    %assign/vec4 v000001F5E27E4EB0_0, 0;
    %pushi/vec4 0, 0, 16;
    %assign/vec4 v000001F5E27E3FB0_0, 0;
    %jmp T_19.3;
T_19.2 ;
    %load/vec4 v000001F5E27E5090_0;
    %assign/vec4 v000001F5E27E4EB0_0, 0;
    %load/vec4 v000001F5E27E4D70_0;
    %assign/vec4 v000001F5E27E3FB0_0, 0;
T_19.3 ;
T_19.1 ;
    %jmp T_19;
    .thread T_19;
    .scope S_000001F5E27E2C20;
T_20 ;
    %wait E_000001F5E2774540;
    %load/vec4 v000001F5E27E4FF0_0;
    %load/vec4 v000001F5E27E4F50_0;
    %parti/s 16, 12, 5;
    %add;
    %store/vec4 v000001F5E27E3DD0_0, 0, 16;
    %jmp T_20;
    .thread T_20, $push;
    .scope S_000001F5E27E2900;
T_21 ;
    %wait E_000001F5E2773540;
    %load/vec4 v000001F5E27E3C90_0;
    %flag_set/vec4 8;
    %jmp/0xz  T_21.0, 8;
    %pushi/vec4 0, 0, 16;
    %assign/vec4 v000001F5E27E54F0_0, 0;
    %pushi/vec4 0, 0, 16;
    %assign/vec4 v000001F5E27E4550_0, 0;
    %pushi/vec4 0, 0, 16;
    %assign/vec4 v000001F5E27E4C30_0, 0;
    %pushi/vec4 0, 0, 16;
    %assign/vec4 v000001F5E27E5270_0, 0;
    %jmp T_21.1;
T_21.0 ;
    %load/vec4 v000001F5E27E4190_0;
    %flag_set/vec4 8;
    %jmp/0xz  T_21.2, 8;
    %load/vec4 v000001F5E27E5630_0;
    %assign/vec4 v000001F5E27E54F0_0, 0;
    %load/vec4 v000001F5E27E5630_0;
    %assign/vec4 v000001F5E27E4550_0, 0;
    %pushi/vec4 0, 0, 16;
    %assign/vec4 v000001F5E27E4C30_0, 0;
    %pushi/vec4 0, 0, 16;
    %assign/vec4 v000001F5E27E5270_0, 0;
    %jmp T_21.3;
T_21.2 ;
    %load/vec4 v000001F5E27E3B50_0;
    %assign/vec4 v000001F5E27E4C30_0, 0;
    %load/vec4 v000001F5E27E45F0_0;
    %assign/vec4 v000001F5E27E5270_0, 0;
T_21.3 ;
T_21.1 ;
    %jmp T_21;
    .thread T_21;
    .scope S_000001F5E27EE480;
T_22 ;
    %wait E_000001F5E2775F40;
    %load/vec4 v000001F5E27E3A10_0;
    %load/vec4 v000001F5E27E3E70_0;
    %parti/s 16, 12, 5;
    %add;
    %store/vec4 v000001F5E27E3AB0_0, 0, 16;
    %jmp T_22;
    .thread T_22, $push;
    .scope S_000001F5E27EEF70;
T_23 ;
    %wait E_000001F5E2773540;
    %load/vec4 v000001F5E27E47D0_0;
    %flag_set/vec4 8;
    %jmp/0xz  T_23.0, 8;
    %pushi/vec4 0, 0, 16;
    %assign/vec4 v000001F5E27E4B90_0, 0;
    %pushi/vec4 0, 0, 16;
    %assign/vec4 v000001F5E27F0940_0, 0;
    %pushi/vec4 0, 0, 16;
    %assign/vec4 v000001F5E27E4410_0, 0;
    %pushi/vec4 0, 0, 16;
    %assign/vec4 v000001F5E27E4230_0, 0;
    %jmp T_23.1;
T_23.0 ;
    %load/vec4 v000001F5E27E44B0_0;
    %flag_set/vec4 8;
    %jmp/0xz  T_23.2, 8;
    %load/vec4 v000001F5E27F0080_0;
    %assign/vec4 v000001F5E27E4B90_0, 0;
    %load/vec4 v000001F5E27F0080_0;
    %assign/vec4 v000001F5E27F0940_0, 0;
    %pushi/vec4 0, 0, 16;
    %assign/vec4 v000001F5E27E4410_0, 0;
    %pushi/vec4 0, 0, 16;
    %assign/vec4 v000001F5E27E4230_0, 0;
    %jmp T_23.3;
T_23.2 ;
    %load/vec4 v000001F5E27E4370_0;
    %assign/vec4 v000001F5E27E4410_0, 0;
    %load/vec4 v000001F5E27E4730_0;
    %assign/vec4 v000001F5E27E4230_0, 0;
T_23.3 ;
T_23.1 ;
    %jmp T_23;
    .thread T_23;
    .scope S_000001F5E27EE610;
T_24 ;
    %wait E_000001F5E2775240;
    %load/vec4 v000001F5E27F10C0_0;
    %load/vec4 v000001F5E27F0C60_0;
    %parti/s 16, 12, 5;
    %add;
    %store/vec4 v000001F5E27F04E0_0, 0, 16;
    %jmp T_24;
    .thread T_24, $push;
    .scope S_000001F5E27EF420;
T_25 ;
    %wait E_000001F5E2773540;
    %load/vec4 v000001F5E27F1160_0;
    %flag_set/vec4 8;
    %jmp/0xz  T_25.0, 8;
    %pushi/vec4 0, 0, 16;
    %assign/vec4 v000001F5E27F0EE0_0, 0;
    %pushi/vec4 0, 0, 16;
    %assign/vec4 v000001F5E27F0F80_0, 0;
    %pushi/vec4 0, 0, 16;
    %assign/vec4 v000001F5E27EFA40_0, 0;
    %pushi/vec4 0, 0, 16;
    %assign/vec4 v000001F5E27F06C0_0, 0;
    %jmp T_25.1;
T_25.0 ;
    %load/vec4 v000001F5E27EFC20_0;
    %flag_set/vec4 8;
    %jmp/0xz  T_25.2, 8;
    %load/vec4 v000001F5E27F0DA0_0;
    %assign/vec4 v000001F5E27F0EE0_0, 0;
    %load/vec4 v000001F5E27F0DA0_0;
    %assign/vec4 v000001F5E27F0F80_0, 0;
    %pushi/vec4 0, 0, 16;
    %assign/vec4 v000001F5E27EFA40_0, 0;
    %pushi/vec4 0, 0, 16;
    %assign/vec4 v000001F5E27F06C0_0, 0;
    %jmp T_25.3;
T_25.2 ;
    %load/vec4 v000001F5E27F0BC0_0;
    %assign/vec4 v000001F5E27EFA40_0, 0;
    %load/vec4 v000001F5E27F0E40_0;
    %assign/vec4 v000001F5E27F06C0_0, 0;
T_25.3 ;
T_25.1 ;
    %jmp T_25;
    .thread T_25;
    .scope S_000001F5E27EF5B0;
T_26 ;
    %wait E_000001F5E27752C0;
    %load/vec4 v000001F5E27F13E0_0;
    %load/vec4 v000001F5E27F09E0_0;
    %parti/s 16, 12, 5;
    %add;
    %store/vec4 v000001F5E27EFB80_0, 0, 16;
    %jmp T_26;
    .thread T_26, $push;
    .scope S_000001F5E27EDE40;
T_27 ;
    %wait E_000001F5E2773540;
    %load/vec4 v000001F5E27F0260_0;
    %flag_set/vec4 8;
    %jmp/0xz  T_27.0, 8;
    %pushi/vec4 0, 0, 16;
    %assign/vec4 v000001F5E27EF9A0_0, 0;
    %pushi/vec4 0, 0, 16;
    %assign/vec4 v000001F5E27F08A0_0, 0;
    %pushi/vec4 0, 0, 16;
    %assign/vec4 v000001F5E27F1840_0, 0;
    %pushi/vec4 0, 0, 16;
    %assign/vec4 v000001F5E27F0B20_0, 0;
    %jmp T_27.1;
T_27.0 ;
    %load/vec4 v000001F5E27F1020_0;
    %flag_set/vec4 8;
    %jmp/0xz  T_27.2, 8;
    %load/vec4 v000001F5E27F0440_0;
    %assign/vec4 v000001F5E27EF9A0_0, 0;
    %load/vec4 v000001F5E27F0440_0;
    %assign/vec4 v000001F5E27F08A0_0, 0;
    %pushi/vec4 0, 0, 16;
    %assign/vec4 v000001F5E27F1840_0, 0;
    %pushi/vec4 0, 0, 16;
    %assign/vec4 v000001F5E27F0B20_0, 0;
    %jmp T_27.3;
T_27.2 ;
    %load/vec4 v000001F5E27F0A80_0;
    %assign/vec4 v000001F5E27F1840_0, 0;
    %load/vec4 v000001F5E27F01C0_0;
    %assign/vec4 v000001F5E27F0B20_0, 0;
T_27.3 ;
T_27.1 ;
    %jmp T_27;
    .thread T_27;
    .scope S_000001F5E27EF290;
T_28 ;
    %wait E_000001F5E27755C0;
    %load/vec4 v000001F5E27EFAE0_0;
    %load/vec4 v000001F5E27EFE00_0;
    %parti/s 16, 12, 5;
    %add;
    %store/vec4 v000001F5E27EFCC0_0, 0, 16;
    %jmp T_28;
    .thread T_28, $push;
    .scope S_000001F5E27EE2F0;
T_29 ;
    %wait E_000001F5E2773540;
    %load/vec4 v000001F5E27F20A0_0;
    %flag_set/vec4 8;
    %jmp/0xz  T_29.0, 8;
    %pushi/vec4 0, 0, 16;
    %assign/vec4 v000001F5E27F19C0_0, 0;
    %pushi/vec4 0, 0, 16;
    %assign/vec4 v000001F5E27F3220_0, 0;
    %pushi/vec4 0, 0, 16;
    %assign/vec4 v000001F5E27F3CC0_0, 0;
    %pushi/vec4 0, 0, 16;
    %assign/vec4 v000001F5E27F0580_0, 0;
    %jmp T_29.1;
T_29.0 ;
    %load/vec4 v000001F5E27F2820_0;
    %flag_set/vec4 8;
    %jmp/0xz  T_29.2, 8;
    %load/vec4 v000001F5E27F34A0_0;
    %assign/vec4 v000001F5E27F19C0_0, 0;
    %load/vec4 v000001F5E27F34A0_0;
    %assign/vec4 v000001F5E27F3220_0, 0;
    %pushi/vec4 0, 0, 16;
    %assign/vec4 v000001F5E27F3CC0_0, 0;
    %pushi/vec4 0, 0, 16;
    %assign/vec4 v000001F5E27F0580_0, 0;
    %jmp T_29.3;
T_29.2 ;
    %load/vec4 v000001F5E27F0800_0;
    %assign/vec4 v000001F5E27F3CC0_0, 0;
    %load/vec4 v000001F5E27F2A00_0;
    %assign/vec4 v000001F5E27F0580_0, 0;
T_29.3 ;
T_29.1 ;
    %jmp T_29;
    .thread T_29;
    .scope S_000001F5E27EDCB0;
T_30 ;
    %wait E_000001F5E2775600;
    %load/vec4 v000001F5E27F1B00_0;
    %load/vec4 v000001F5E27F2320_0;
    %parti/s 16, 12, 5;
    %add;
    %store/vec4 v000001F5E27F1C40_0, 0, 16;
    %jmp T_30;
    .thread T_30, $push;
    .scope S_000001F5E27EEAC0;
T_31 ;
    %wait E_000001F5E2773540;
    %load/vec4 v000001F5E27F3E00_0;
    %flag_set/vec4 8;
    %jmp/0xz  T_31.0, 8;
    %pushi/vec4 0, 0, 16;
    %assign/vec4 v000001F5E27F3C20_0, 0;
    %pushi/vec4 0, 0, 16;
    %assign/vec4 v000001F5E27F2960_0, 0;
    %pushi/vec4 0, 0, 16;
    %assign/vec4 v000001F5E27F3A40_0, 0;
    %pushi/vec4 0, 0, 16;
    %assign/vec4 v000001F5E27F3400_0, 0;
    %jmp T_31.1;
T_31.0 ;
    %load/vec4 v000001F5E27F21E0_0;
    %flag_set/vec4 8;
    %jmp/0xz  T_31.2, 8;
    %load/vec4 v000001F5E27F3540_0;
    %assign/vec4 v000001F5E27F3C20_0, 0;
    %load/vec4 v000001F5E27F3540_0;
    %assign/vec4 v000001F5E27F2960_0, 0;
    %pushi/vec4 0, 0, 16;
    %assign/vec4 v000001F5E27F3A40_0, 0;
    %pushi/vec4 0, 0, 16;
    %assign/vec4 v000001F5E27F3400_0, 0;
    %jmp T_31.3;
T_31.2 ;
    %load/vec4 v000001F5E27F3860_0;
    %assign/vec4 v000001F5E27F3A40_0, 0;
    %load/vec4 v000001F5E27F1CE0_0;
    %assign/vec4 v000001F5E27F3400_0, 0;
T_31.3 ;
T_31.1 ;
    %jmp T_31;
    .thread T_31;
    .scope S_000001F5E27EEC50;
T_32 ;
    %wait E_000001F5E2775440;
    %load/vec4 v000001F5E27F2BE0_0;
    %load/vec4 v000001F5E27F3040_0;
    %parti/s 16, 12, 5;
    %add;
    %store/vec4 v000001F5E27F2FA0_0, 0, 16;
    %jmp T_32;
    .thread T_32, $push;
    .scope S_000001F5E27EE930;
T_33 ;
    %wait E_000001F5E2773540;
    %load/vec4 v000001F5E27F2C80_0;
    %flag_set/vec4 8;
    %jmp/0xz  T_33.0, 8;
    %pushi/vec4 0, 0, 16;
    %assign/vec4 v000001F5E27F3F40_0, 0;
    %pushi/vec4 0, 0, 16;
    %assign/vec4 v000001F5E27F1EC0_0, 0;
    %pushi/vec4 0, 0, 16;
    %assign/vec4 v000001F5E27F3180_0, 0;
    %pushi/vec4 0, 0, 16;
    %assign/vec4 v000001F5E27F2E60_0, 0;
    %jmp T_33.1;
T_33.0 ;
    %load/vec4 v000001F5E27F3900_0;
    %flag_set/vec4 8;
    %jmp/0xz  T_33.2, 8;
    %load/vec4 v000001F5E27F3360_0;
    %assign/vec4 v000001F5E27F3F40_0, 0;
    %load/vec4 v000001F5E27F3360_0;
    %assign/vec4 v000001F5E27F1EC0_0, 0;
    %pushi/vec4 0, 0, 16;
    %assign/vec4 v000001F5E27F3180_0, 0;
    %pushi/vec4 0, 0, 16;
    %assign/vec4 v000001F5E27F2E60_0, 0;
    %jmp T_33.3;
T_33.2 ;
    %load/vec4 v000001F5E27F37C0_0;
    %assign/vec4 v000001F5E27F3180_0, 0;
    %load/vec4 v000001F5E27F3EA0_0;
    %assign/vec4 v000001F5E27F2E60_0, 0;
T_33.3 ;
T_33.1 ;
    %jmp T_33;
    .thread T_33;
    .scope S_000001F5E27F7980;
T_34 ;
    %wait E_000001F5E2777000;
    %load/vec4 v000001F5E27F2AA0_0;
    %load/vec4 v000001F5E27F35E0_0;
    %parti/s 16, 12, 5;
    %add;
    %store/vec4 v000001F5E27F2280_0, 0, 16;
    %jmp T_34;
    .thread T_34, $push;
    .scope S_000001F5E27F7340;
T_35 ;
    %wait E_000001F5E2773540;
    %load/vec4 v000001F5E27F3B80_0;
    %flag_set/vec4 8;
    %jmp/0xz  T_35.0, 8;
    %pushi/vec4 0, 0, 16;
    %assign/vec4 v000001F5E27F26E0_0, 0;
    %pushi/vec4 0, 0, 16;
    %assign/vec4 v000001F5E27F4080_0, 0;
    %pushi/vec4 0, 0, 16;
    %assign/vec4 v000001F5E27F3680_0, 0;
    %pushi/vec4 0, 0, 16;
    %assign/vec4 v000001F5E27F2DC0_0, 0;
    %jmp T_35.1;
T_35.0 ;
    %load/vec4 v000001F5E27F39A0_0;
    %flag_set/vec4 8;
    %jmp/0xz  T_35.2, 8;
    %load/vec4 v000001F5E27F3FE0_0;
    %assign/vec4 v000001F5E27F26E0_0, 0;
    %load/vec4 v000001F5E27F3FE0_0;
    %assign/vec4 v000001F5E27F4080_0, 0;
    %pushi/vec4 0, 0, 16;
    %assign/vec4 v000001F5E27F3680_0, 0;
    %pushi/vec4 0, 0, 16;
    %assign/vec4 v000001F5E27F2DC0_0, 0;
    %jmp T_35.3;
T_35.2 ;
    %load/vec4 v000001F5E27F2F00_0;
    %assign/vec4 v000001F5E27F3680_0, 0;
    %load/vec4 v000001F5E27F3AE0_0;
    %assign/vec4 v000001F5E27F2DC0_0, 0;
T_35.3 ;
T_35.1 ;
    %jmp T_35;
    .thread T_35;
    .scope S_000001F5E27F74D0;
T_36 ;
    %wait E_000001F5E2776B00;
    %load/vec4 v000001F5E27F55C0_0;
    %load/vec4 v000001F5E27F4C60_0;
    %parti/s 16, 12, 5;
    %add;
    %store/vec4 v000001F5E27F4580_0, 0, 16;
    %jmp T_36;
    .thread T_36, $push;
    .scope S_000001F5E27F77F0;
T_37 ;
    %wait E_000001F5E2773540;
    %load/vec4 v000001F5E27F4E40_0;
    %flag_set/vec4 8;
    %jmp/0xz  T_37.0, 8;
    %pushi/vec4 0, 0, 16;
    %assign/vec4 v000001F5E27F4800_0, 0;
    %pushi/vec4 0, 0, 16;
    %assign/vec4 v000001F5E27F4A80_0, 0;
    %pushi/vec4 0, 0, 16;
    %assign/vec4 v000001F5E27F4DA0_0, 0;
    %pushi/vec4 0, 0, 16;
    %assign/vec4 v000001F5E27F4620_0, 0;
    %jmp T_37.1;
T_37.0 ;
    %load/vec4 v000001F5E27F5160_0;
    %flag_set/vec4 8;
    %jmp/0xz  T_37.2, 8;
    %load/vec4 v000001F5E27F46C0_0;
    %assign/vec4 v000001F5E27F4800_0, 0;
    %load/vec4 v000001F5E27F46C0_0;
    %assign/vec4 v000001F5E27F4A80_0, 0;
    %pushi/vec4 0, 0, 16;
    %assign/vec4 v000001F5E27F4DA0_0, 0;
    %pushi/vec4 0, 0, 16;
    %assign/vec4 v000001F5E27F4620_0, 0;
    %jmp T_37.3;
T_37.2 ;
    %load/vec4 v000001F5E27F4B20_0;
    %assign/vec4 v000001F5E27F4DA0_0, 0;
    %load/vec4 v000001F5E27F5480_0;
    %assign/vec4 v000001F5E27F4620_0, 0;
T_37.3 ;
T_37.1 ;
    %jmp T_37;
    .thread T_37;
    .scope S_000001F5E27F6210;
T_38 ;
    %wait E_000001F5E2776B80;
    %load/vec4 v000001F5E27F4760_0;
    %load/vec4 v000001F5E27F53E0_0;
    %parti/s 16, 12, 5;
    %add;
    %store/vec4 v000001F5E27F5700_0, 0, 16;
    %jmp T_38;
    .thread T_38, $push;
    .scope S_000001F5E27F5BD0;
T_39 ;
    %wait E_000001F5E2773540;
    %load/vec4 v000001F5E27F41C0_0;
    %flag_set/vec4 8;
    %jmp/0xz  T_39.0, 8;
    %pushi/vec4 0, 0, 16;
    %assign/vec4 v000001F5E27F4260_0, 0;
    %pushi/vec4 0, 0, 16;
    %assign/vec4 v000001F5E27F4BC0_0, 0;
    %pushi/vec4 0, 0, 16;
    %assign/vec4 v000001F5E27F5200_0, 0;
    %pushi/vec4 0, 0, 16;
    %assign/vec4 v000001F5E27F57A0_0, 0;
    %jmp T_39.1;
T_39.0 ;
    %load/vec4 v000001F5E27F52A0_0;
    %flag_set/vec4 8;
    %jmp/0xz  T_39.2, 8;
    %load/vec4 v000001F5E27F4300_0;
    %assign/vec4 v000001F5E27F4260_0, 0;
    %load/vec4 v000001F5E27F4300_0;
    %assign/vec4 v000001F5E27F4BC0_0, 0;
    %pushi/vec4 0, 0, 16;
    %assign/vec4 v000001F5E27F5200_0, 0;
    %pushi/vec4 0, 0, 16;
    %assign/vec4 v000001F5E27F57A0_0, 0;
    %jmp T_39.3;
T_39.2 ;
    %load/vec4 v000001F5E27F5020_0;
    %assign/vec4 v000001F5E27F5200_0, 0;
    %load/vec4 v000001F5E27F5840_0;
    %assign/vec4 v000001F5E27F57A0_0, 0;
T_39.3 ;
T_39.1 ;
    %jmp T_39;
    .thread T_39;
    .scope S_000001F5E27F6080;
T_40 ;
    %wait E_000001F5E27763C0;
    %load/vec4 v000001F5E27F44E0_0;
    %load/vec4 v000001F5E27F8410_0;
    %parti/s 16, 12, 5;
    %add;
    %store/vec4 v000001F5E27F8B90_0, 0, 16;
    %jmp T_40;
    .thread T_40, $push;
    .scope S_000001F5E27F71B0;
T_41 ;
    %wait E_000001F5E2773540;
    %load/vec4 v000001F5E27F9EF0_0;
    %flag_set/vec4 8;
    %jmp/0xz  T_41.0, 8;
    %pushi/vec4 0, 0, 16;
    %assign/vec4 v000001F5E27F7E70_0, 0;
    %pushi/vec4 0, 0, 16;
    %assign/vec4 v000001F5E27F8370_0, 0;
    %pushi/vec4 0, 0, 16;
    %assign/vec4 v000001F5E27F8E10_0, 0;
    %pushi/vec4 0, 0, 16;
    %assign/vec4 v000001F5E27F99F0_0, 0;
    %jmp T_41.1;
T_41.0 ;
    %load/vec4 v000001F5E27F7FB0_0;
    %flag_set/vec4 8;
    %jmp/0xz  T_41.2, 8;
    %load/vec4 v000001F5E27F9810_0;
    %assign/vec4 v000001F5E27F7E70_0, 0;
    %load/vec4 v000001F5E27F9810_0;
    %assign/vec4 v000001F5E27F8370_0, 0;
    %pushi/vec4 0, 0, 16;
    %assign/vec4 v000001F5E27F8E10_0, 0;
    %pushi/vec4 0, 0, 16;
    %assign/vec4 v000001F5E27F99F0_0, 0;
    %jmp T_41.3;
T_41.2 ;
    %load/vec4 v000001F5E27F9130_0;
    %assign/vec4 v000001F5E27F8E10_0, 0;
    %load/vec4 v000001F5E27F84B0_0;
    %assign/vec4 v000001F5E27F99F0_0, 0;
T_41.3 ;
T_41.1 ;
    %jmp T_41;
    .thread T_41;
    .scope S_000001F5E27F6530;
T_42 ;
    %wait E_000001F5E2776C00;
    %load/vec4 v000001F5E27F9A90_0;
    %load/vec4 v000001F5E27F8690_0;
    %parti/s 16, 12, 5;
    %add;
    %store/vec4 v000001F5E27F9B30_0, 0, 16;
    %jmp T_42;
    .thread T_42, $push;
    .scope S_000001F5E27F6E90;
T_43 ;
    %wait E_000001F5E2773540;
    %load/vec4 v000001F5E27F9630_0;
    %flag_set/vec4 8;
    %jmp/0xz  T_43.0, 8;
    %pushi/vec4 0, 0, 16;
    %assign/vec4 v000001F5E27F8190_0, 0;
    %pushi/vec4 0, 0, 16;
    %assign/vec4 v000001F5E27F8230_0, 0;
    %pushi/vec4 0, 0, 16;
    %assign/vec4 v000001F5E27F8050_0, 0;
    %pushi/vec4 0, 0, 16;
    %assign/vec4 v000001F5E27FA170_0, 0;
    %jmp T_43.1;
T_43.0 ;
    %load/vec4 v000001F5E27F9E50_0;
    %flag_set/vec4 8;
    %jmp/0xz  T_43.2, 8;
    %load/vec4 v000001F5E27F96D0_0;
    %assign/vec4 v000001F5E27F8190_0, 0;
    %load/vec4 v000001F5E27F96D0_0;
    %assign/vec4 v000001F5E27F8230_0, 0;
    %pushi/vec4 0, 0, 16;
    %assign/vec4 v000001F5E27F8050_0, 0;
    %pushi/vec4 0, 0, 16;
    %assign/vec4 v000001F5E27FA170_0, 0;
    %jmp T_43.3;
T_43.2 ;
    %load/vec4 v000001F5E27F9090_0;
    %assign/vec4 v000001F5E27F8050_0, 0;
    %load/vec4 v000001F5E27F94F0_0;
    %assign/vec4 v000001F5E27FA170_0, 0;
T_43.3 ;
T_43.1 ;
    %jmp T_43;
    .thread T_43;
    .scope S_000001F5E27F69E0;
T_44 ;
    %wait E_000001F5E2776EC0;
    %load/vec4 v000001F5E27F9590_0;
    %load/vec4 v000001F5E27F9310_0;
    %parti/s 16, 12, 5;
    %add;
    %store/vec4 v000001F5E27F9270_0, 0, 16;
    %jmp T_44;
    .thread T_44, $push;
    .scope S_000001F5E27F6850;
T_45 ;
    %wait E_000001F5E2773540;
    %load/vec4 v000001F5E27F7D30_0;
    %flag_set/vec4 8;
    %jmp/0xz  T_45.0, 8;
    %pushi/vec4 0, 0, 16;
    %assign/vec4 v000001F5E27F87D0_0, 0;
    %pushi/vec4 0, 0, 16;
    %assign/vec4 v000001F5E27F9DB0_0, 0;
    %pushi/vec4 0, 0, 16;
    %assign/vec4 v000001F5E27F9770_0, 0;
    %pushi/vec4 0, 0, 16;
    %assign/vec4 v000001F5E27F8550_0, 0;
    %jmp T_45.1;
T_45.0 ;
    %load/vec4 v000001F5E27F98B0_0;
    %flag_set/vec4 8;
    %jmp/0xz  T_45.2, 8;
    %load/vec4 v000001F5E27F9D10_0;
    %assign/vec4 v000001F5E27F87D0_0, 0;
    %load/vec4 v000001F5E27F9D10_0;
    %assign/vec4 v000001F5E27F9DB0_0, 0;
    %pushi/vec4 0, 0, 16;
    %assign/vec4 v000001F5E27F9770_0, 0;
    %pushi/vec4 0, 0, 16;
    %assign/vec4 v000001F5E27F8550_0, 0;
    %jmp T_45.3;
T_45.2 ;
    %load/vec4 v000001F5E27F85F0_0;
    %assign/vec4 v000001F5E27F9770_0, 0;
    %load/vec4 v000001F5E27F8730_0;
    %assign/vec4 v000001F5E27F8550_0, 0;
T_45.3 ;
T_45.1 ;
    %jmp T_45;
    .thread T_45;
    .scope S_000001F5E27FD680;
T_46 ;
    %wait E_000001F5E27765C0;
    %load/vec4 v000001F5E27F8910_0;
    %load/vec4 v000001F5E27F8A50_0;
    %parti/s 16, 12, 5;
    %add;
    %store/vec4 v000001F5E27F89B0_0, 0, 16;
    %jmp T_46;
    .thread T_46, $push;
    .scope S_000001F5E27F6B70;
T_47 ;
    %wait E_000001F5E2773540;
    %load/vec4 v000001F5E27FA490_0;
    %flag_set/vec4 8;
    %jmp/0xz  T_47.0, 8;
    %pushi/vec4 0, 0, 16;
    %assign/vec4 v000001F5E27FAF30_0, 0;
    %pushi/vec4 0, 0, 16;
    %assign/vec4 v000001F5E27FB570_0, 0;
    %pushi/vec4 0, 0, 16;
    %assign/vec4 v000001F5E27F8F50_0, 0;
    %pushi/vec4 0, 0, 16;
    %assign/vec4 v000001F5E27F8D70_0, 0;
    %jmp T_47.1;
T_47.0 ;
    %load/vec4 v000001F5E27F8FF0_0;
    %flag_set/vec4 8;
    %jmp/0xz  T_47.2, 8;
    %load/vec4 v000001F5E27FB2F0_0;
    %assign/vec4 v000001F5E27FAF30_0, 0;
    %load/vec4 v000001F5E27FB2F0_0;
    %assign/vec4 v000001F5E27FB570_0, 0;
    %pushi/vec4 0, 0, 16;
    %assign/vec4 v000001F5E27F8F50_0, 0;
    %pushi/vec4 0, 0, 16;
    %assign/vec4 v000001F5E27F8D70_0, 0;
    %jmp T_47.3;
T_47.2 ;
    %load/vec4 v000001F5E27F8CD0_0;
    %assign/vec4 v000001F5E27F8F50_0, 0;
    %load/vec4 v000001F5E27FB110_0;
    %assign/vec4 v000001F5E27F8D70_0, 0;
T_47.3 ;
T_47.1 ;
    %jmp T_47;
    .thread T_47;
    .scope S_000001F5E27FC3C0;
T_48 ;
    %wait E_000001F5E2778400;
    %load/vec4 v000001F5E27FA5D0_0;
    %load/vec4 v000001F5E27FB610_0;
    %parti/s 16, 12, 5;
    %add;
    %store/vec4 v000001F5E27FACB0_0, 0, 16;
    %jmp T_48;
    .thread T_48, $push;
    .scope S_000001F5E27FD810;
T_49 ;
    %wait E_000001F5E2773540;
    %load/vec4 v000001F5E27FB430_0;
    %flag_set/vec4 8;
    %jmp/0xz  T_49.0, 8;
    %pushi/vec4 0, 0, 16;
    %assign/vec4 v000001F5E27FB4D0_0, 0;
    %pushi/vec4 0, 0, 16;
    %assign/vec4 v000001F5E27FB750_0, 0;
    %pushi/vec4 0, 0, 16;
    %assign/vec4 v000001F5E27FB890_0, 0;
    %pushi/vec4 0, 0, 16;
    %assign/vec4 v000001F5E27FAFD0_0, 0;
    %jmp T_49.1;
T_49.0 ;
    %load/vec4 v000001F5E27FAAD0_0;
    %flag_set/vec4 8;
    %jmp/0xz  T_49.2, 8;
    %load/vec4 v000001F5E27FA3F0_0;
    %assign/vec4 v000001F5E27FB4D0_0, 0;
    %load/vec4 v000001F5E27FA3F0_0;
    %assign/vec4 v000001F5E27FB750_0, 0;
    %pushi/vec4 0, 0, 16;
    %assign/vec4 v000001F5E27FB890_0, 0;
    %pushi/vec4 0, 0, 16;
    %assign/vec4 v000001F5E27FAFD0_0, 0;
    %jmp T_49.3;
T_49.2 ;
    %load/vec4 v000001F5E27FB250_0;
    %assign/vec4 v000001F5E27FB890_0, 0;
    %load/vec4 v000001F5E27FB390_0;
    %assign/vec4 v000001F5E27FAFD0_0, 0;
T_49.3 ;
T_49.1 ;
    %jmp T_49;
    .thread T_49;
    .scope S_000001F5E27FBBF0;
T_50 ;
    %wait E_000001F5E27784C0;
    %load/vec4 v000001F5E27FAE90_0;
    %load/vec4 v000001F5E27FB7F0_0;
    %parti/s 16, 12, 5;
    %add;
    %store/vec4 v000001F5E27FADF0_0, 0, 16;
    %jmp T_50;
    .thread T_50, $push;
    .scope S_000001F5E27FD9A0;
T_51 ;
    %wait E_000001F5E2773540;
    %load/vec4 v000001F5E27FE930_0;
    %flag_set/vec4 8;
    %jmp/0xz  T_51.0, 8;
    %pushi/vec4 0, 0, 16;
    %assign/vec4 v000001F5E27FE610_0, 0;
    %pushi/vec4 0, 0, 16;
    %assign/vec4 v000001F5E27FDFD0_0, 0;
    %pushi/vec4 0, 0, 16;
    %assign/vec4 v000001F5E27FA990_0, 0;
    %pushi/vec4 0, 0, 16;
    %assign/vec4 v000001F5E27FBA70_0, 0;
    %jmp T_51.1;
T_51.0 ;
    %load/vec4 v000001F5E27FAA30_0;
    %flag_set/vec4 8;
    %jmp/0xz  T_51.2, 8;
    %load/vec4 v000001F5E27FE890_0;
    %assign/vec4 v000001F5E27FE610_0, 0;
    %load/vec4 v000001F5E27FE890_0;
    %assign/vec4 v000001F5E27FDFD0_0, 0;
    %pushi/vec4 0, 0, 16;
    %assign/vec4 v000001F5E27FA990_0, 0;
    %pushi/vec4 0, 0, 16;
    %assign/vec4 v000001F5E27FBA70_0, 0;
    %jmp T_51.3;
T_51.2 ;
    %load/vec4 v000001F5E27FA850_0;
    %assign/vec4 v000001F5E27FA990_0, 0;
    %load/vec4 v000001F5E27FE4D0_0;
    %assign/vec4 v000001F5E27FBA70_0, 0;
T_51.3 ;
T_51.1 ;
    %jmp T_51;
    .thread T_51;
    .scope S_000001F5E27FBD80;
T_52 ;
    %wait E_000001F5E27786C0;
    %load/vec4 v000001F5E27FFAB0_0;
    %load/vec4 v000001F5E27FE6B0_0;
    %parti/s 16, 12, 5;
    %add;
    %store/vec4 v000001F5E27FFA10_0, 0, 16;
    %jmp T_52;
    .thread T_52, $push;
    .scope S_000001F5E27FC6E0;
T_53 ;
    %wait E_000001F5E2773540;
    %load/vec4 v000001F5E27FE570_0;
    %flag_set/vec4 8;
    %jmp/0xz  T_53.0, 8;
    %pushi/vec4 0, 0, 16;
    %assign/vec4 v000001F5E27FDD50_0, 0;
    %pushi/vec4 0, 0, 16;
    %assign/vec4 v000001F5E27FF0B0_0, 0;
    %pushi/vec4 0, 0, 16;
    %assign/vec4 v000001F5E27FEB10_0, 0;
    %pushi/vec4 0, 0, 16;
    %assign/vec4 v000001F5E27FE390_0, 0;
    %jmp T_53.1;
T_53.0 ;
    %load/vec4 v000001F5E27FFE70_0;
    %flag_set/vec4 8;
    %jmp/0xz  T_53.2, 8;
    %load/vec4 v000001F5E27FFF10_0;
    %assign/vec4 v000001F5E27FDD50_0, 0;
    %load/vec4 v000001F5E27FFF10_0;
    %assign/vec4 v000001F5E27FF0B0_0, 0;
    %pushi/vec4 0, 0, 16;
    %assign/vec4 v000001F5E27FEB10_0, 0;
    %pushi/vec4 0, 0, 16;
    %assign/vec4 v000001F5E27FE390_0, 0;
    %jmp T_53.3;
T_53.2 ;
    %load/vec4 v000001F5E2800050_0;
    %assign/vec4 v000001F5E27FEB10_0, 0;
    %load/vec4 v000001F5E27FF650_0;
    %assign/vec4 v000001F5E27FE390_0, 0;
T_53.3 ;
T_53.1 ;
    %jmp T_53;
    .thread T_53;
    .scope S_000001F5E27FC0A0;
T_54 ;
    %wait E_000001F5E2778840;
    %load/vec4 v000001F5E27FFB50_0;
    %load/vec4 v000001F5E28002D0_0;
    %parti/s 16, 12, 5;
    %add;
    %store/vec4 v000001F5E27FF470_0, 0, 16;
    %jmp T_54;
    .thread T_54, $push;
    .scope S_000001F5E27FCA00;
T_55 ;
    %wait E_000001F5E2773540;
    %load/vec4 v000001F5E27FE9D0_0;
    %flag_set/vec4 8;
    %jmp/0xz  T_55.0, 8;
    %pushi/vec4 0, 0, 16;
    %assign/vec4 v000001F5E27FE250_0, 0;
    %pushi/vec4 0, 0, 16;
    %assign/vec4 v000001F5E27FF970_0, 0;
    %pushi/vec4 0, 0, 16;
    %assign/vec4 v000001F5E27FF510_0, 0;
    %pushi/vec4 0, 0, 16;
    %assign/vec4 v000001F5E28000F0_0, 0;
    %jmp T_55.1;
T_55.0 ;
    %load/vec4 v000001F5E27FE1B0_0;
    %flag_set/vec4 8;
    %jmp/0xz  T_55.2, 8;
    %load/vec4 v000001F5E27FF330_0;
    %assign/vec4 v000001F5E27FE250_0, 0;
    %load/vec4 v000001F5E27FF330_0;
    %assign/vec4 v000001F5E27FF970_0, 0;
    %pushi/vec4 0, 0, 16;
    %assign/vec4 v000001F5E27FF510_0, 0;
    %pushi/vec4 0, 0, 16;
    %assign/vec4 v000001F5E28000F0_0, 0;
    %jmp T_55.3;
T_55.2 ;
    %load/vec4 v000001F5E27FE430_0;
    %assign/vec4 v000001F5E27FF510_0, 0;
    %load/vec4 v000001F5E27FECF0_0;
    %assign/vec4 v000001F5E28000F0_0, 0;
T_55.3 ;
T_55.1 ;
    %jmp T_55;
    .thread T_55;
    .scope S_000001F5E27FC550;
T_56 ;
    %wait E_000001F5E27788C0;
    %load/vec4 v000001F5E27FFC90_0;
    %load/vec4 v000001F5E27FF5B0_0;
    %parti/s 16, 12, 5;
    %add;
    %store/vec4 v000001F5E27FFFB0_0, 0, 16;
    %jmp T_56;
    .thread T_56, $push;
    .scope S_000001F5E27FCB90;
T_57 ;
    %wait E_000001F5E2773540;
    %load/vec4 v000001F5E27FE2F0_0;
    %flag_set/vec4 8;
    %jmp/0xz  T_57.0, 8;
    %pushi/vec4 0, 0, 16;
    %assign/vec4 v000001F5E2800230_0, 0;
    %pushi/vec4 0, 0, 16;
    %assign/vec4 v000001F5E2800370_0, 0;
    %pushi/vec4 0, 0, 16;
    %assign/vec4 v000001F5E27FF790_0, 0;
    %pushi/vec4 0, 0, 16;
    %assign/vec4 v000001F5E27FDE90_0, 0;
    %jmp T_57.1;
T_57.0 ;
    %load/vec4 v000001F5E27FE110_0;
    %flag_set/vec4 8;
    %jmp/0xz  T_57.2, 8;
    %load/vec4 v000001F5E27FEBB0_0;
    %assign/vec4 v000001F5E2800230_0, 0;
    %load/vec4 v000001F5E27FEBB0_0;
    %assign/vec4 v000001F5E2800370_0, 0;
    %pushi/vec4 0, 0, 16;
    %assign/vec4 v000001F5E27FF790_0, 0;
    %pushi/vec4 0, 0, 16;
    %assign/vec4 v000001F5E27FDE90_0, 0;
    %jmp T_57.3;
T_57.2 ;
    %load/vec4 v000001F5E27FF830_0;
    %assign/vec4 v000001F5E27FF790_0, 0;
    %load/vec4 v000001F5E27FE7F0_0;
    %assign/vec4 v000001F5E27FDE90_0, 0;
T_57.3 ;
T_57.1 ;
    %jmp T_57;
    .thread T_57;
    .scope S_000001F5E27FD4F0;
T_58 ;
    %wait E_000001F5E2771200;
    %load/vec4 v000001F5E27FED90_0;
    %load/vec4 v000001F5E2801590_0;
    %parti/s 16, 12, 5;
    %add;
    %store/vec4 v000001F5E27FEED0_0, 0, 16;
    %jmp T_58;
    .thread T_58, $push;
    .scope S_000001F5E27FCEB0;
T_59 ;
    %wait E_000001F5E2773540;
    %load/vec4 v000001F5E28013B0_0;
    %flag_set/vec4 8;
    %jmp/0xz  T_59.0, 8;
    %pushi/vec4 0, 0, 16;
    %assign/vec4 v000001F5E28016D0_0, 0;
    %pushi/vec4 0, 0, 16;
    %assign/vec4 v000001F5E2801090_0, 0;
    %pushi/vec4 0, 0, 16;
    %assign/vec4 v000001F5E2800F50_0, 0;
    %pushi/vec4 0, 0, 16;
    %assign/vec4 v000001F5E2800D70_0, 0;
    %jmp T_59.1;
T_59.0 ;
    %load/vec4 v000001F5E2801310_0;
    %flag_set/vec4 8;
    %jmp/0xz  T_59.2, 8;
    %load/vec4 v000001F5E2800410_0;
    %assign/vec4 v000001F5E28016D0_0, 0;
    %load/vec4 v000001F5E2800410_0;
    %assign/vec4 v000001F5E2801090_0, 0;
    %pushi/vec4 0, 0, 16;
    %assign/vec4 v000001F5E2800F50_0, 0;
    %pushi/vec4 0, 0, 16;
    %assign/vec4 v000001F5E2800D70_0, 0;
    %jmp T_59.3;
T_59.2 ;
    %load/vec4 v000001F5E28018B0_0;
    %assign/vec4 v000001F5E2800F50_0, 0;
    %load/vec4 v000001F5E2801810_0;
    %assign/vec4 v000001F5E2800D70_0, 0;
T_59.3 ;
T_59.1 ;
    %jmp T_59;
    .thread T_59;
    .scope S_000001F5E2813520;
T_60 ;
    %wait E_000001F5E2771C00;
    %load/vec4 v000001F5E2800730_0;
    %load/vec4 v000001F5E2801950_0;
    %parti/s 16, 12, 5;
    %add;
    %store/vec4 v000001F5E2801770_0, 0, 16;
    %jmp T_60;
    .thread T_60, $push;
    .scope S_000001F5E2813840;
T_61 ;
    %wait E_000001F5E2773540;
    %load/vec4 v000001F5E28005F0_0;
    %flag_set/vec4 8;
    %jmp/0xz  T_61.0, 8;
    %pushi/vec4 0, 0, 16;
    %assign/vec4 v000001F5E2800690_0, 0;
    %pushi/vec4 0, 0, 16;
    %assign/vec4 v000001F5E2800910_0, 0;
    %pushi/vec4 0, 0, 16;
    %assign/vec4 v000001F5E2800E10_0, 0;
    %pushi/vec4 0, 0, 16;
    %assign/vec4 v000001F5E2800C30_0, 0;
    %jmp T_61.1;
T_61.0 ;
    %load/vec4 v000001F5E28004B0_0;
    %flag_set/vec4 8;
    %jmp/0xz  T_61.2, 8;
    %load/vec4 v000001F5E28007D0_0;
    %assign/vec4 v000001F5E2800690_0, 0;
    %load/vec4 v000001F5E28007D0_0;
    %assign/vec4 v000001F5E2800910_0, 0;
    %pushi/vec4 0, 0, 16;
    %assign/vec4 v000001F5E2800E10_0, 0;
    %pushi/vec4 0, 0, 16;
    %assign/vec4 v000001F5E2800C30_0, 0;
    %jmp T_61.3;
T_61.2 ;
    %load/vec4 v000001F5E2801270_0;
    %assign/vec4 v000001F5E2800E10_0, 0;
    %load/vec4 v000001F5E2800550_0;
    %assign/vec4 v000001F5E2800C30_0, 0;
T_61.3 ;
T_61.1 ;
    %jmp T_61;
    .thread T_61;
    .scope S_000001F5E28139D0;
T_62 ;
    %wait E_000001F5E2771640;
    %load/vec4 v000001F5E2800A50_0;
    %load/vec4 v000001F5E28155E0_0;
    %parti/s 16, 12, 5;
    %add;
    %store/vec4 v000001F5E2800AF0_0, 0, 16;
    %jmp T_62;
    .thread T_62, $push;
    .scope S_000001F5E2812A30;
T_63 ;
    %wait E_000001F5E2773540;
    %load/vec4 v000001F5E28161C0_0;
    %flag_set/vec4 8;
    %jmp/0xz  T_63.0, 8;
    %pushi/vec4 0, 0, 16;
    %assign/vec4 v000001F5E2814E60_0, 0;
    %pushi/vec4 0, 0, 16;
    %assign/vec4 v000001F5E2815EA0_0, 0;
    %pushi/vec4 0, 0, 16;
    %assign/vec4 v000001F5E2814DC0_0, 0;
    %pushi/vec4 0, 0, 16;
    %assign/vec4 v000001F5E2814D20_0, 0;
    %jmp T_63.1;
T_63.0 ;
    %load/vec4 v000001F5E2815180_0;
    %flag_set/vec4 8;
    %jmp/0xz  T_63.2, 8;
    %load/vec4 v000001F5E2814640_0;
    %assign/vec4 v000001F5E2814E60_0, 0;
    %load/vec4 v000001F5E2814640_0;
    %assign/vec4 v000001F5E2815EA0_0, 0;
    %pushi/vec4 0, 0, 16;
    %assign/vec4 v000001F5E2814DC0_0, 0;
    %pushi/vec4 0, 0, 16;
    %assign/vec4 v000001F5E2814D20_0, 0;
    %jmp T_63.3;
T_63.2 ;
    %load/vec4 v000001F5E2815F40_0;
    %assign/vec4 v000001F5E2814DC0_0, 0;
    %load/vec4 v000001F5E2815A40_0;
    %assign/vec4 v000001F5E2814D20_0, 0;
T_63.3 ;
T_63.1 ;
    %jmp T_63;
    .thread T_63;
    .scope S_000001F5E2811C20;
T_64 ;
    %wait E_000001F5E2771800;
    %load/vec4 v000001F5E2814960_0;
    %load/vec4 v000001F5E2814320_0;
    %parti/s 16, 12, 5;
    %add;
    %store/vec4 v000001F5E2814F00_0, 0, 16;
    %jmp T_64;
    .thread T_64, $push;
    .scope S_000001F5E2812EE0;
T_65 ;
    %wait E_000001F5E2773540;
    %load/vec4 v000001F5E2815400_0;
    %flag_set/vec4 8;
    %jmp/0xz  T_65.0, 8;
    %pushi/vec4 0, 0, 16;
    %assign/vec4 v000001F5E2813CE0_0, 0;
    %pushi/vec4 0, 0, 16;
    %assign/vec4 v000001F5E2816300_0, 0;
    %pushi/vec4 0, 0, 16;
    %assign/vec4 v000001F5E2813C40_0, 0;
    %pushi/vec4 0, 0, 16;
    %assign/vec4 v000001F5E2815680_0, 0;
    %jmp T_65.1;
T_65.0 ;
    %load/vec4 v000001F5E2813EC0_0;
    %flag_set/vec4 8;
    %jmp/0xz  T_65.2, 8;
    %load/vec4 v000001F5E28150E0_0;
    %assign/vec4 v000001F5E2813CE0_0, 0;
    %load/vec4 v000001F5E28150E0_0;
    %assign/vec4 v000001F5E2816300_0, 0;
    %pushi/vec4 0, 0, 16;
    %assign/vec4 v000001F5E2813C40_0, 0;
    %pushi/vec4 0, 0, 16;
    %assign/vec4 v000001F5E2815680_0, 0;
    %jmp T_65.3;
T_65.2 ;
    %load/vec4 v000001F5E28146E0_0;
    %assign/vec4 v000001F5E2813C40_0, 0;
    %load/vec4 v000001F5E2813E20_0;
    %assign/vec4 v000001F5E2815680_0, 0;
T_65.3 ;
T_65.1 ;
    %jmp T_65;
    .thread T_65;
    .scope S_000001F5E2812BC0;
T_66 ;
    %wait E_000001F5E2771340;
    %load/vec4 v000001F5E28159A0_0;
    %load/vec4 v000001F5E2815C20_0;
    %parti/s 16, 12, 5;
    %add;
    %store/vec4 v000001F5E28143C0_0, 0, 16;
    %jmp T_66;
    .thread T_66, $push;
    .scope S_000001F5E2811DB0;
T_67 ;
    %wait E_000001F5E2773540;
    %load/vec4 v000001F5E28163A0_0;
    %flag_set/vec4 8;
    %jmp/0xz  T_67.0, 8;
    %pushi/vec4 0, 0, 16;
    %assign/vec4 v000001F5E2816120_0, 0;
    %pushi/vec4 0, 0, 16;
    %assign/vec4 v000001F5E2816260_0, 0;
    %pushi/vec4 0, 0, 16;
    %assign/vec4 v000001F5E2815E00_0, 0;
    %pushi/vec4 0, 0, 16;
    %assign/vec4 v000001F5E2814A00_0, 0;
    %jmp T_67.1;
T_67.0 ;
    %load/vec4 v000001F5E2815360_0;
    %flag_set/vec4 8;
    %jmp/0xz  T_67.2, 8;
    %load/vec4 v000001F5E2813D80_0;
    %assign/vec4 v000001F5E2816120_0, 0;
    %load/vec4 v000001F5E2813D80_0;
    %assign/vec4 v000001F5E2816260_0, 0;
    %pushi/vec4 0, 0, 16;
    %assign/vec4 v000001F5E2815E00_0, 0;
    %pushi/vec4 0, 0, 16;
    %assign/vec4 v000001F5E2814A00_0, 0;
    %jmp T_67.3;
T_67.2 ;
    %load/vec4 v000001F5E2816080_0;
    %assign/vec4 v000001F5E2815E00_0, 0;
    %load/vec4 v000001F5E2815CC0_0;
    %assign/vec4 v000001F5E2814A00_0, 0;
T_67.3 ;
T_67.1 ;
    %jmp T_67;
    .thread T_67;
    .scope S_000001F5E2812260;
T_68 ;
    %wait E_000001F5E2771380;
    %load/vec4 v000001F5E2813F60_0;
    %load/vec4 v000001F5E2814500_0;
    %parti/s 16, 12, 5;
    %add;
    %store/vec4 v000001F5E2814000_0, 0, 16;
    %jmp T_68;
    .thread T_68, $push;
    .scope S_000001F5E2811F40;
T_69 ;
    %wait E_000001F5E2773540;
    %load/vec4 v000001F5E2814C80_0;
    %flag_set/vec4 8;
    %jmp/0xz  T_69.0, 8;
    %pushi/vec4 0, 0, 16;
    %assign/vec4 v000001F5E2817840_0, 0;
    %pushi/vec4 0, 0, 16;
    %assign/vec4 v000001F5E28168A0_0, 0;
    %pushi/vec4 0, 0, 16;
    %assign/vec4 v000001F5E2814820_0, 0;
    %pushi/vec4 0, 0, 16;
    %assign/vec4 v000001F5E2814B40_0, 0;
    %jmp T_69.1;
T_69.0 ;
    %load/vec4 v000001F5E2814AA0_0;
    %flag_set/vec4 8;
    %jmp/0xz  T_69.2, 8;
    %load/vec4 v000001F5E2817480_0;
    %assign/vec4 v000001F5E2817840_0, 0;
    %load/vec4 v000001F5E2817480_0;
    %assign/vec4 v000001F5E28168A0_0, 0;
    %pushi/vec4 0, 0, 16;
    %assign/vec4 v000001F5E2814820_0, 0;
    %pushi/vec4 0, 0, 16;
    %assign/vec4 v000001F5E2814B40_0, 0;
    %jmp T_69.3;
T_69.2 ;
    %load/vec4 v000001F5E2815540_0;
    %assign/vec4 v000001F5E2814820_0, 0;
    %load/vec4 v000001F5E2814BE0_0;
    %assign/vec4 v000001F5E2814B40_0, 0;
T_69.3 ;
T_69.1 ;
    %jmp T_69;
    .thread T_69;
    .scope S_000001F5E2812580;
T_70 ;
    %wait E_000001F5E2771940;
    %load/vec4 v000001F5E28172A0_0;
    %load/vec4 v000001F5E2817660_0;
    %parti/s 16, 12, 5;
    %add;
    %store/vec4 v000001F5E2817020_0, 0, 16;
    %jmp T_70;
    .thread T_70, $push;
    .scope S_000001F5E2813200;
T_71 ;
    %wait E_000001F5E2773540;
    %load/vec4 v000001F5E2816440_0;
    %flag_set/vec4 8;
    %jmp/0xz  T_71.0, 8;
    %pushi/vec4 0, 0, 16;
    %assign/vec4 v000001F5E28169E0_0, 0;
    %pushi/vec4 0, 0, 16;
    %assign/vec4 v000001F5E2817520_0, 0;
    %pushi/vec4 0, 0, 16;
    %assign/vec4 v000001F5E2817340_0, 0;
    %pushi/vec4 0, 0, 16;
    %assign/vec4 v000001F5E2816800_0, 0;
    %jmp T_71.1;
T_71.0 ;
    %load/vec4 v000001F5E28170C0_0;
    %flag_set/vec4 8;
    %jmp/0xz  T_71.2, 8;
    %load/vec4 v000001F5E28173E0_0;
    %assign/vec4 v000001F5E28169E0_0, 0;
    %load/vec4 v000001F5E28173E0_0;
    %assign/vec4 v000001F5E2817520_0, 0;
    %pushi/vec4 0, 0, 16;
    %assign/vec4 v000001F5E2817340_0, 0;
    %pushi/vec4 0, 0, 16;
    %assign/vec4 v000001F5E2816800_0, 0;
    %jmp T_71.3;
T_71.2 ;
    %load/vec4 v000001F5E2816940_0;
    %assign/vec4 v000001F5E2817340_0, 0;
    %load/vec4 v000001F5E2816620_0;
    %assign/vec4 v000001F5E2816800_0, 0;
T_71.3 ;
T_71.1 ;
    %jmp T_71;
    .thread T_71;
    .scope S_000001F5E28190E0;
T_72 ;
    %wait E_000001F5E2771680;
    %load/vec4 v000001F5E2816D00_0;
    %load/vec4 v000001F5E2816DA0_0;
    %parti/s 16, 12, 5;
    %add;
    %store/vec4 v000001F5E2816A80_0, 0, 16;
    %jmp T_72;
    .thread T_72, $push;
    .scope S_000001F5E2819400;
T_73 ;
    %wait E_000001F5E2773540;
    %load/vec4 v000001F5E2816E40_0;
    %flag_set/vec4 8;
    %jmp/0xz  T_73.0, 8;
    %pushi/vec4 0, 0, 16;
    %assign/vec4 v000001F5E2820EC0_0, 0;
    %pushi/vec4 0, 0, 16;
    %assign/vec4 v000001F5E2820CE0_0, 0;
    %pushi/vec4 0, 0, 16;
    %assign/vec4 v000001F5E2816BC0_0, 0;
    %pushi/vec4 0, 0, 16;
    %assign/vec4 v000001F5E2817AC0_0, 0;
    %jmp T_73.1;
T_73.0 ;
    %load/vec4 v000001F5E28164E0_0;
    %flag_set/vec4 8;
    %jmp/0xz  T_73.2, 8;
    %load/vec4 v000001F5E28211E0_0;
    %assign/vec4 v000001F5E2820EC0_0, 0;
    %load/vec4 v000001F5E28211E0_0;
    %assign/vec4 v000001F5E2820CE0_0, 0;
    %pushi/vec4 0, 0, 16;
    %assign/vec4 v000001F5E2816BC0_0, 0;
    %pushi/vec4 0, 0, 16;
    %assign/vec4 v000001F5E2817AC0_0, 0;
    %jmp T_73.3;
T_73.2 ;
    %load/vec4 v000001F5E28177A0_0;
    %assign/vec4 v000001F5E2816BC0_0, 0;
    %load/vec4 v000001F5E2816C60_0;
    %assign/vec4 v000001F5E2817AC0_0, 0;
T_73.3 ;
T_73.1 ;
    %jmp T_73;
    .thread T_73;
    .scope S_000001F5E281A080;
T_74 ;
    %wait E_000001F5E27711C0;
    %load/vec4 v000001F5E2820100_0;
    %load/vec4 v000001F5E2821780_0;
    %parti/s 16, 12, 5;
    %add;
    %store/vec4 v000001F5E2820D80_0, 0, 16;
    %jmp T_74;
    .thread T_74, $push;
    .scope S_000001F5E2819EF0;
T_75 ;
    %wait E_000001F5E2773540;
    %load/vec4 v000001F5E2820240_0;
    %flag_set/vec4 8;
    %jmp/0xz  T_75.0, 8;
    %pushi/vec4 0, 0, 16;
    %assign/vec4 v000001F5E281FCA0_0, 0;
    %pushi/vec4 0, 0, 16;
    %assign/vec4 v000001F5E281FA20_0, 0;
    %pushi/vec4 0, 0, 16;
    %assign/vec4 v000001F5E281F660_0, 0;
    %pushi/vec4 0, 0, 16;
    %assign/vec4 v000001F5E2821280_0, 0;
    %jmp T_75.1;
T_75.0 ;
    %load/vec4 v000001F5E2820060_0;
    %flag_set/vec4 8;
    %jmp/0xz  T_75.2, 8;
    %load/vec4 v000001F5E2821320_0;
    %assign/vec4 v000001F5E281FCA0_0, 0;
    %load/vec4 v000001F5E2821320_0;
    %assign/vec4 v000001F5E281FA20_0, 0;
    %pushi/vec4 0, 0, 16;
    %assign/vec4 v000001F5E281F660_0, 0;
    %pushi/vec4 0, 0, 16;
    %assign/vec4 v000001F5E2821280_0, 0;
    %jmp T_75.3;
T_75.2 ;
    %load/vec4 v000001F5E2820B00_0;
    %assign/vec4 v000001F5E281F660_0, 0;
    %load/vec4 v000001F5E281F980_0;
    %assign/vec4 v000001F5E2821280_0, 0;
T_75.3 ;
T_75.1 ;
    %jmp T_75;
    .thread T_75;
    .scope S_000001F5E2818AA0;
T_76 ;
    %wait E_000001F5E27712C0;
    %load/vec4 v000001F5E2820380_0;
    %load/vec4 v000001F5E28213C0_0;
    %parti/s 16, 12, 5;
    %add;
    %store/vec4 v000001F5E2820E20_0, 0, 16;
    %jmp T_76;
    .thread T_76, $push;
    .scope S_000001F5E2818DC0;
T_77 ;
    %wait E_000001F5E2773540;
    %load/vec4 v000001F5E28210A0_0;
    %flag_set/vec4 8;
    %jmp/0xz  T_77.0, 8;
    %pushi/vec4 0, 0, 16;
    %assign/vec4 v000001F5E2821500_0, 0;
    %pushi/vec4 0, 0, 16;
    %assign/vec4 v000001F5E281FE80_0, 0;
    %pushi/vec4 0, 0, 16;
    %assign/vec4 v000001F5E2821460_0, 0;
    %pushi/vec4 0, 0, 16;
    %assign/vec4 v000001F5E2820BA0_0, 0;
    %jmp T_77.1;
T_77.0 ;
    %load/vec4 v000001F5E28206A0_0;
    %flag_set/vec4 8;
    %jmp/0xz  T_77.2, 8;
    %load/vec4 v000001F5E28216E0_0;
    %assign/vec4 v000001F5E2821500_0, 0;
    %load/vec4 v000001F5E28216E0_0;
    %assign/vec4 v000001F5E281FE80_0, 0;
    %pushi/vec4 0, 0, 16;
    %assign/vec4 v000001F5E2821460_0, 0;
    %pushi/vec4 0, 0, 16;
    %assign/vec4 v000001F5E2820BA0_0, 0;
    %jmp T_77.3;
T_77.2 ;
    %load/vec4 v000001F5E281FDE0_0;
    %assign/vec4 v000001F5E2821460_0, 0;
    %load/vec4 v000001F5E28207E0_0;
    %assign/vec4 v000001F5E2820BA0_0, 0;
T_77.3 ;
T_77.1 ;
    %jmp T_77;
    .thread T_77;
    .scope S_000001F5E2818910;
T_78 ;
    %wait E_000001F5E2771EC0;
    %load/vec4 v000001F5E281F700_0;
    %load/vec4 v000001F5E281F840_0;
    %parti/s 16, 12, 5;
    %add;
    %store/vec4 v000001F5E2820420_0, 0, 16;
    %jmp T_78;
    .thread T_78, $push;
    .scope S_000001F5E2819D60;
T_79 ;
    %wait E_000001F5E2773540;
    %load/vec4 v000001F5E2821B40_0;
    %flag_set/vec4 8;
    %jmp/0xz  T_79.0, 8;
    %pushi/vec4 0, 0, 16;
    %assign/vec4 v000001F5E2821BE0_0, 0;
    %pushi/vec4 0, 0, 16;
    %assign/vec4 v000001F5E281F520_0, 0;
    %pushi/vec4 0, 0, 16;
    %assign/vec4 v000001F5E2821A00_0, 0;
    %pushi/vec4 0, 0, 16;
    %assign/vec4 v000001F5E2820C40_0, 0;
    %jmp T_79.1;
T_79.0 ;
    %load/vec4 v000001F5E2821AA0_0;
    %flag_set/vec4 8;
    %jmp/0xz  T_79.2, 8;
    %load/vec4 v000001F5E2820A60_0;
    %assign/vec4 v000001F5E2821BE0_0, 0;
    %load/vec4 v000001F5E2820A60_0;
    %assign/vec4 v000001F5E281F520_0, 0;
    %pushi/vec4 0, 0, 16;
    %assign/vec4 v000001F5E2821A00_0, 0;
    %pushi/vec4 0, 0, 16;
    %assign/vec4 v000001F5E2820C40_0, 0;
    %jmp T_79.3;
T_79.2 ;
    %load/vec4 v000001F5E2821960_0;
    %assign/vec4 v000001F5E2821A00_0, 0;
    %load/vec4 v000001F5E28209C0_0;
    %assign/vec4 v000001F5E2820C40_0, 0;
T_79.3 ;
T_79.1 ;
    %jmp T_79;
    .thread T_79;
    .scope S_000001F5E2819720;
T_80 ;
    %wait E_000001F5E2771D40;
    %load/vec4 v000001F5E281F8E0_0;
    %load/vec4 v000001F5E2820600_0;
    %parti/s 16, 12, 5;
    %add;
    %store/vec4 v000001F5E281FF20_0, 0, 16;
    %jmp T_80;
    .thread T_80, $push;
    .scope S_000001F5E2818F50;
T_81 ;
    %wait E_000001F5E2773540;
    %load/vec4 v000001F5E28222C0_0;
    %flag_set/vec4 8;
    %jmp/0xz  T_81.0, 8;
    %pushi/vec4 0, 0, 16;
    %assign/vec4 v000001F5E2822360_0, 0;
    %pushi/vec4 0, 0, 16;
    %assign/vec4 v000001F5E2821FA0_0, 0;
    %pushi/vec4 0, 0, 16;
    %assign/vec4 v000001F5E2821F00_0, 0;
    %pushi/vec4 0, 0, 16;
    %assign/vec4 v000001F5E28220E0_0, 0;
    %jmp T_81.1;
T_81.0 ;
    %load/vec4 v000001F5E2821DC0_0;
    %flag_set/vec4 8;
    %jmp/0xz  T_81.2, 8;
    %load/vec4 v000001F5E2821E60_0;
    %assign/vec4 v000001F5E2822360_0, 0;
    %load/vec4 v000001F5E2821E60_0;
    %assign/vec4 v000001F5E2821FA0_0, 0;
    %pushi/vec4 0, 0, 16;
    %assign/vec4 v000001F5E2821F00_0, 0;
    %pushi/vec4 0, 0, 16;
    %assign/vec4 v000001F5E28220E0_0, 0;
    %jmp T_81.3;
T_81.2 ;
    %load/vec4 v000001F5E2821D20_0;
    %assign/vec4 v000001F5E2821F00_0, 0;
    %load/vec4 v000001F5E2821C80_0;
    %assign/vec4 v000001F5E28220E0_0, 0;
T_81.3 ;
T_81.1 ;
    %jmp T_81;
    .thread T_81;
    .scope S_000001F5E28198B0;
T_82 ;
    %wait E_000001F5E2771F80;
    %load/vec4 v000001F5E281A700_0;
    %load/vec4 v000001F5E281CBE0_0;
    %parti/s 16, 12, 5;
    %add;
    %store/vec4 v000001F5E281BC40_0, 0, 16;
    %jmp T_82;
    .thread T_82, $push;
    .scope S_000001F5E2819270;
T_83 ;
    %wait E_000001F5E2773540;
    %load/vec4 v000001F5E281A660_0;
    %flag_set/vec4 8;
    %jmp/0xz  T_83.0, 8;
    %pushi/vec4 0, 0, 16;
    %assign/vec4 v000001F5E281BF60_0, 0;
    %pushi/vec4 0, 0, 16;
    %assign/vec4 v000001F5E281A7A0_0, 0;
    %pushi/vec4 0, 0, 16;
    %assign/vec4 v000001F5E281AB60_0, 0;
    %pushi/vec4 0, 0, 16;
    %assign/vec4 v000001F5E281A5C0_0, 0;
    %jmp T_83.1;
T_83.0 ;
    %load/vec4 v000001F5E281C8C0_0;
    %flag_set/vec4 8;
    %jmp/0xz  T_83.2, 8;
    %load/vec4 v000001F5E281C960_0;
    %assign/vec4 v000001F5E281BF60_0, 0;
    %load/vec4 v000001F5E281C960_0;
    %assign/vec4 v000001F5E281A7A0_0, 0;
    %pushi/vec4 0, 0, 16;
    %assign/vec4 v000001F5E281AB60_0, 0;
    %pushi/vec4 0, 0, 16;
    %assign/vec4 v000001F5E281A5C0_0, 0;
    %jmp T_83.3;
T_83.2 ;
    %load/vec4 v000001F5E281C5A0_0;
    %assign/vec4 v000001F5E281AB60_0, 0;
    %load/vec4 v000001F5E281C780_0;
    %assign/vec4 v000001F5E281A5C0_0, 0;
T_83.3 ;
T_83.1 ;
    %jmp T_83;
    .thread T_83;
    .scope S_000001F5E28258E0;
T_84 ;
    %wait E_000001F5E2771B80;
    %load/vec4 v000001F5E281C3C0_0;
    %load/vec4 v000001F5E281A840_0;
    %parti/s 16, 12, 5;
    %add;
    %store/vec4 v000001F5E281C320_0, 0, 16;
    %jmp T_84;
    .thread T_84, $push;
    .scope S_000001F5E2824F80;
T_85 ;
    %wait E_000001F5E2773540;
    %load/vec4 v000001F5E281AAC0_0;
    %flag_set/vec4 8;
    %jmp/0xz  T_85.0, 8;
    %pushi/vec4 0, 0, 16;
    %assign/vec4 v000001F5E281ACA0_0, 0;
    %pushi/vec4 0, 0, 16;
    %assign/vec4 v000001F5E281B240_0, 0;
    %pushi/vec4 0, 0, 16;
    %assign/vec4 v000001F5E281AC00_0, 0;
    %pushi/vec4 0, 0, 16;
    %assign/vec4 v000001F5E281A520_0, 0;
    %jmp T_85.1;
T_85.0 ;
    %load/vec4 v000001F5E281AA20_0;
    %flag_set/vec4 8;
    %jmp/0xz  T_85.2, 8;
    %load/vec4 v000001F5E281AD40_0;
    %assign/vec4 v000001F5E281ACA0_0, 0;
    %load/vec4 v000001F5E281AD40_0;
    %assign/vec4 v000001F5E281B240_0, 0;
    %pushi/vec4 0, 0, 16;
    %assign/vec4 v000001F5E281AC00_0, 0;
    %pushi/vec4 0, 0, 16;
    %assign/vec4 v000001F5E281A520_0, 0;
    %jmp T_85.3;
T_85.2 ;
    %load/vec4 v000001F5E281A8E0_0;
    %assign/vec4 v000001F5E281AC00_0, 0;
    %load/vec4 v000001F5E281C000_0;
    %assign/vec4 v000001F5E281A520_0, 0;
T_85.3 ;
T_85.1 ;
    %jmp T_85;
    .thread T_85;
    .scope S_000001F5E28252A0;
T_86 ;
    %wait E_000001F5E2771CC0;
    %load/vec4 v000001F5E281ADE0_0;
    %load/vec4 v000001F5E281B420_0;
    %parti/s 16, 12, 5;
    %add;
    %store/vec4 v000001F5E281B060_0, 0, 16;
    %jmp T_86;
    .thread T_86, $push;
    .scope S_000001F5E28247B0;
T_87 ;
    %wait E_000001F5E2773540;
    %load/vec4 v000001F5E281BB00_0;
    %flag_set/vec4 8;
    %jmp/0xz  T_87.0, 8;
    %pushi/vec4 0, 0, 16;
    %assign/vec4 v000001F5E281BCE0_0, 0;
    %pushi/vec4 0, 0, 16;
    %assign/vec4 v000001F5E281B560_0, 0;
    %pushi/vec4 0, 0, 16;
    %assign/vec4 v000001F5E281C280_0, 0;
    %pushi/vec4 0, 0, 16;
    %assign/vec4 v000001F5E281AFC0_0, 0;
    %jmp T_87.1;
T_87.0 ;
    %load/vec4 v000001F5E281B1A0_0;
    %flag_set/vec4 8;
    %jmp/0xz  T_87.2, 8;
    %load/vec4 v000001F5E281B4C0_0;
    %assign/vec4 v000001F5E281BCE0_0, 0;
    %load/vec4 v000001F5E281B4C0_0;
    %assign/vec4 v000001F5E281B560_0, 0;
    %pushi/vec4 0, 0, 16;
    %assign/vec4 v000001F5E281C280_0, 0;
    %pushi/vec4 0, 0, 16;
    %assign/vec4 v000001F5E281AFC0_0, 0;
    %jmp T_87.3;
T_87.2 ;
    %load/vec4 v000001F5E281C1E0_0;
    %assign/vec4 v000001F5E281C280_0, 0;
    %load/vec4 v000001F5E281C500_0;
    %assign/vec4 v000001F5E281AFC0_0, 0;
T_87.3 ;
T_87.1 ;
    %jmp T_87;
    .thread T_87;
    .scope S_000001F5E2824C60;
T_88 ;
    %wait E_000001F5E2771480;
    %load/vec4 v000001F5E281B880_0;
    %load/vec4 v000001F5E281B7E0_0;
    %parti/s 16, 12, 5;
    %add;
    %store/vec4 v000001F5E281B6A0_0, 0, 16;
    %jmp T_88;
    .thread T_88, $push;
    .scope S_000001F5E2825110;
T_89 ;
    %wait E_000001F5E2773540;
    %load/vec4 v000001F5E281E4E0_0;
    %flag_set/vec4 8;
    %jmp/0xz  T_89.0, 8;
    %pushi/vec4 0, 0, 16;
    %assign/vec4 v000001F5E281E580_0, 0;
    %pushi/vec4 0, 0, 16;
    %assign/vec4 v000001F5E281CDC0_0, 0;
    %pushi/vec4 0, 0, 16;
    %assign/vec4 v000001F5E281D360_0, 0;
    %pushi/vec4 0, 0, 16;
    %assign/vec4 v000001F5E281B9C0_0, 0;
    %jmp T_89.1;
T_89.0 ;
    %load/vec4 v000001F5E281DA40_0;
    %flag_set/vec4 8;
    %jmp/0xz  T_89.2, 8;
    %load/vec4 v000001F5E281F3E0_0;
    %assign/vec4 v000001F5E281E580_0, 0;
    %load/vec4 v000001F5E281F3E0_0;
    %assign/vec4 v000001F5E281CDC0_0, 0;
    %pushi/vec4 0, 0, 16;
    %assign/vec4 v000001F5E281D360_0, 0;
    %pushi/vec4 0, 0, 16;
    %assign/vec4 v000001F5E281B9C0_0, 0;
    %jmp T_89.3;
T_89.2 ;
    %load/vec4 v000001F5E281DCC0_0;
    %assign/vec4 v000001F5E281D360_0, 0;
    %load/vec4 v000001F5E281E760_0;
    %assign/vec4 v000001F5E281B9C0_0, 0;
T_89.3 ;
T_89.1 ;
    %jmp T_89;
    .thread T_89;
    .scope S_000001F5E2825A70;
T_90 ;
    %wait E_000001F5E2771580;
    %load/vec4 v000001F5E281E440_0;
    %load/vec4 v000001F5E281F160_0;
    %parti/s 16, 12, 5;
    %add;
    %store/vec4 v000001F5E281CE60_0, 0, 16;
    %jmp T_90;
    .thread T_90, $push;
    .scope S_000001F5E2824AD0;
T_91 ;
    %wait E_000001F5E2773540;
    %load/vec4 v000001F5E281DAE0_0;
    %flag_set/vec4 8;
    %jmp/0xz  T_91.0, 8;
    %pushi/vec4 0, 0, 16;
    %assign/vec4 v000001F5E281EF80_0, 0;
    %pushi/vec4 0, 0, 16;
    %assign/vec4 v000001F5E281EDA0_0, 0;
    %pushi/vec4 0, 0, 16;
    %assign/vec4 v000001F5E281F0C0_0, 0;
    %pushi/vec4 0, 0, 16;
    %assign/vec4 v000001F5E281EEE0_0, 0;
    %jmp T_91.1;
T_91.0 ;
    %load/vec4 v000001F5E281D0E0_0;
    %flag_set/vec4 8;
    %jmp/0xz  T_91.2, 8;
    %load/vec4 v000001F5E281E940_0;
    %assign/vec4 v000001F5E281EF80_0, 0;
    %load/vec4 v000001F5E281E940_0;
    %assign/vec4 v000001F5E281EDA0_0, 0;
    %pushi/vec4 0, 0, 16;
    %assign/vec4 v000001F5E281F0C0_0, 0;
    %pushi/vec4 0, 0, 16;
    %assign/vec4 v000001F5E281EEE0_0, 0;
    %jmp T_91.3;
T_91.2 ;
    %load/vec4 v000001F5E281D040_0;
    %assign/vec4 v000001F5E281F0C0_0, 0;
    %load/vec4 v000001F5E281E6C0_0;
    %assign/vec4 v000001F5E281EEE0_0, 0;
T_91.3 ;
T_91.1 ;
    %jmp T_91;
    .thread T_91;
    .scope S_000001F5E2826240;
T_92 ;
    %wait E_000001F5E2771A80;
    %load/vec4 v000001F5E281EB20_0;
    %load/vec4 v000001F5E281D4A0_0;
    %parti/s 16, 12, 5;
    %add;
    %store/vec4 v000001F5E281E1C0_0, 0, 16;
    %jmp T_92;
    .thread T_92, $push;
    .scope S_000001F5E28260B0;
T_93 ;
    %wait E_000001F5E2773540;
    %load/vec4 v000001F5E281D860_0;
    %flag_set/vec4 8;
    %jmp/0xz  T_93.0, 8;
    %pushi/vec4 0, 0, 16;
    %assign/vec4 v000001F5E281D7C0_0, 0;
    %pushi/vec4 0, 0, 16;
    %assign/vec4 v000001F5E281E620_0, 0;
    %pushi/vec4 0, 0, 16;
    %assign/vec4 v000001F5E281D5E0_0, 0;
    %pushi/vec4 0, 0, 16;
    %assign/vec4 v000001F5E281D540_0, 0;
    %jmp T_93.1;
T_93.0 ;
    %load/vec4 v000001F5E281D680_0;
    %flag_set/vec4 8;
    %jmp/0xz  T_93.2, 8;
    %load/vec4 v000001F5E281D900_0;
    %assign/vec4 v000001F5E281D7C0_0, 0;
    %load/vec4 v000001F5E281D900_0;
    %assign/vec4 v000001F5E281E620_0, 0;
    %pushi/vec4 0, 0, 16;
    %assign/vec4 v000001F5E281D5E0_0, 0;
    %pushi/vec4 0, 0, 16;
    %assign/vec4 v000001F5E281D540_0, 0;
    %jmp T_93.3;
T_93.2 ;
    %load/vec4 v000001F5E281E080_0;
    %assign/vec4 v000001F5E281D5E0_0, 0;
    %load/vec4 v000001F5E281D720_0;
    %assign/vec4 v000001F5E281D540_0, 0;
T_93.3 ;
T_93.1 ;
    %jmp T_93;
    .thread T_93;
    .scope S_000001F5E28255C0;
T_94 ;
    %wait E_000001F5E2771B00;
    %load/vec4 v000001F5E281F200_0;
    %load/vec4 v000001F5E281E9E0_0;
    %parti/s 16, 12, 5;
    %add;
    %store/vec4 v000001F5E281EE40_0, 0, 16;
    %jmp T_94;
    .thread T_94, $push;
    .scope S_000001F5E2824490;
T_95 ;
    %wait E_000001F5E2773540;
    %load/vec4 v000001F5E281DE00_0;
    %flag_set/vec4 8;
    %jmp/0xz  T_95.0, 8;
    %pushi/vec4 0, 0, 16;
    %assign/vec4 v000001F5E281DEA0_0, 0;
    %pushi/vec4 0, 0, 16;
    %assign/vec4 v000001F5E281E120_0, 0;
    %pushi/vec4 0, 0, 16;
    %assign/vec4 v000001F5E281F020_0, 0;
    %pushi/vec4 0, 0, 16;
    %assign/vec4 v000001F5E281E3A0_0, 0;
    %jmp T_95.1;
T_95.0 ;
    %load/vec4 v000001F5E281ED00_0;
    %flag_set/vec4 8;
    %jmp/0xz  T_95.2, 8;
    %load/vec4 v000001F5E281DF40_0;
    %assign/vec4 v000001F5E281DEA0_0, 0;
    %load/vec4 v000001F5E281DF40_0;
    %assign/vec4 v000001F5E281E120_0, 0;
    %pushi/vec4 0, 0, 16;
    %assign/vec4 v000001F5E281F020_0, 0;
    %pushi/vec4 0, 0, 16;
    %assign/vec4 v000001F5E281E3A0_0, 0;
    %jmp T_95.3;
T_95.2 ;
    %load/vec4 v000001F5E281EC60_0;
    %assign/vec4 v000001F5E281F020_0, 0;
    %load/vec4 v000001F5E281DD60_0;
    %assign/vec4 v000001F5E281E3A0_0, 0;
T_95.3 ;
T_95.1 ;
    %jmp T_95;
    .thread T_95;
    .scope S_000001F5E2827C10;
T_96 ;
    %wait E_000001F5E2771F00;
    %load/vec4 v000001F5E282C060_0;
    %load/vec4 v000001F5E282BDE0_0;
    %parti/s 16, 12, 5;
    %add;
    %store/vec4 v000001F5E282D1E0_0, 0, 16;
    %jmp T_96;
    .thread T_96, $push;
    .scope S_000001F5E2824DF0;
T_97 ;
    %wait E_000001F5E2773540;
    %load/vec4 v000001F5E282C1A0_0;
    %flag_set/vec4 8;
    %jmp/0xz  T_97.0, 8;
    %pushi/vec4 0, 0, 16;
    %assign/vec4 v000001F5E282CE20_0, 0;
    %pushi/vec4 0, 0, 16;
    %assign/vec4 v000001F5E282B8E0_0, 0;
    %pushi/vec4 0, 0, 16;
    %assign/vec4 v000001F5E282D000_0, 0;
    %pushi/vec4 0, 0, 16;
    %assign/vec4 v000001F5E282B2A0_0, 0;
    %jmp T_97.1;
T_97.0 ;
    %load/vec4 v000001F5E282B7A0_0;
    %flag_set/vec4 8;
    %jmp/0xz  T_97.2, 8;
    %load/vec4 v000001F5E282CB00_0;
    %assign/vec4 v000001F5E282CE20_0, 0;
    %load/vec4 v000001F5E282CB00_0;
    %assign/vec4 v000001F5E282B8E0_0, 0;
    %pushi/vec4 0, 0, 16;
    %assign/vec4 v000001F5E282D000_0, 0;
    %pushi/vec4 0, 0, 16;
    %assign/vec4 v000001F5E282B2A0_0, 0;
    %jmp T_97.3;
T_97.2 ;
    %load/vec4 v000001F5E282B660_0;
    %assign/vec4 v000001F5E282D000_0, 0;
    %load/vec4 v000001F5E282D140_0;
    %assign/vec4 v000001F5E282B2A0_0, 0;
T_97.3 ;
T_97.1 ;
    %jmp T_97;
    .thread T_97;
    .scope S_000001F5E2827A80;
T_98 ;
    %wait E_000001F5E2771140;
    %load/vec4 v000001F5E282D3C0_0;
    %load/vec4 v000001F5E282D460_0;
    %parti/s 16, 12, 5;
    %add;
    %store/vec4 v000001F5E282CA60_0, 0, 16;
    %jmp T_98;
    .thread T_98, $push;
    .scope S_000001F5E28264A0;
T_99 ;
    %wait E_000001F5E2773540;
    %load/vec4 v000001F5E282D780_0;
    %flag_set/vec4 8;
    %jmp/0xz  T_99.0, 8;
    %pushi/vec4 0, 0, 16;
    %assign/vec4 v000001F5E282C100_0, 0;
    %pushi/vec4 0, 0, 16;
    %assign/vec4 v000001F5E282BAC0_0, 0;
    %pushi/vec4 0, 0, 16;
    %assign/vec4 v000001F5E282C880_0, 0;
    %pushi/vec4 0, 0, 16;
    %assign/vec4 v000001F5E282C920_0, 0;
    %jmp T_99.1;
T_99.0 ;
    %load/vec4 v000001F5E282B3E0_0;
    %flag_set/vec4 8;
    %jmp/0xz  T_99.2, 8;
    %load/vec4 v000001F5E282BFC0_0;
    %assign/vec4 v000001F5E282C100_0, 0;
    %load/vec4 v000001F5E282BFC0_0;
    %assign/vec4 v000001F5E282BAC0_0, 0;
    %pushi/vec4 0, 0, 16;
    %assign/vec4 v000001F5E282C880_0, 0;
    %pushi/vec4 0, 0, 16;
    %assign/vec4 v000001F5E282C920_0, 0;
    %jmp T_99.3;
T_99.2 ;
    %load/vec4 v000001F5E282B340_0;
    %assign/vec4 v000001F5E282C880_0, 0;
    %load/vec4 v000001F5E282C2E0_0;
    %assign/vec4 v000001F5E282C920_0, 0;
T_99.3 ;
T_99.1 ;
    %jmp T_99;
    .thread T_99;
    .scope S_000001F5E2827F30;
T_100 ;
    %wait E_000001F5E2771540;
    %load/vec4 v000001F5E282D280_0;
    %load/vec4 v000001F5E282C4C0_0;
    %parti/s 16, 12, 5;
    %add;
    %store/vec4 v000001F5E282BF20_0, 0, 16;
    %jmp T_100;
    .thread T_100, $push;
    .scope S_000001F5E2827DA0;
T_101 ;
    %wait E_000001F5E2773540;
    %load/vec4 v000001F5E282B160_0;
    %flag_set/vec4 8;
    %jmp/0xz  T_101.0, 8;
    %pushi/vec4 0, 0, 16;
    %assign/vec4 v000001F5E282B480_0, 0;
    %pushi/vec4 0, 0, 16;
    %assign/vec4 v000001F5E282C6A0_0, 0;
    %pushi/vec4 0, 0, 16;
    %assign/vec4 v000001F5E282D6E0_0, 0;
    %pushi/vec4 0, 0, 16;
    %assign/vec4 v000001F5E282D500_0, 0;
    %jmp T_101.1;
T_101.0 ;
    %load/vec4 v000001F5E282D820_0;
    %flag_set/vec4 8;
    %jmp/0xz  T_101.2, 8;
    %load/vec4 v000001F5E282CEC0_0;
    %assign/vec4 v000001F5E282B480_0, 0;
    %load/vec4 v000001F5E282CEC0_0;
    %assign/vec4 v000001F5E282C6A0_0, 0;
    %pushi/vec4 0, 0, 16;
    %assign/vec4 v000001F5E282D6E0_0, 0;
    %pushi/vec4 0, 0, 16;
    %assign/vec4 v000001F5E282D500_0, 0;
    %jmp T_101.3;
T_101.2 ;
    %load/vec4 v000001F5E282CBA0_0;
    %assign/vec4 v000001F5E282D6E0_0, 0;
    %load/vec4 v000001F5E282CCE0_0;
    %assign/vec4 v000001F5E282D500_0, 0;
T_101.3 ;
T_101.1 ;
    %jmp T_101;
    .thread T_101;
    .scope S_000001F5E2826F90;
T_102 ;
    %wait E_000001F5E27715C0;
    %load/vec4 v000001F5E282CD80_0;
    %load/vec4 v000001F5E282B520_0;
    %parti/s 16, 12, 5;
    %add;
    %store/vec4 v000001F5E282CF60_0, 0, 16;
    %jmp T_102;
    .thread T_102, $push;
    .scope S_000001F5E28278F0;
T_103 ;
    %wait E_000001F5E2773540;
    %load/vec4 v000001F5E282F120_0;
    %flag_set/vec4 8;
    %jmp/0xz  T_103.0, 8;
    %pushi/vec4 0, 0, 16;
    %assign/vec4 v000001F5E282D8C0_0, 0;
    %pushi/vec4 0, 0, 16;
    %assign/vec4 v000001F5E282E4A0_0, 0;
    %pushi/vec4 0, 0, 16;
    %assign/vec4 v000001F5E282FB20_0, 0;
    %pushi/vec4 0, 0, 16;
    %assign/vec4 v000001F5E282B840_0, 0;
    %jmp T_103.1;
T_103.0 ;
    %load/vec4 v000001F5E282EC20_0;
    %flag_set/vec4 8;
    %jmp/0xz  T_103.2, 8;
    %load/vec4 v000001F5E282DB40_0;
    %assign/vec4 v000001F5E282D8C0_0, 0;
    %load/vec4 v000001F5E282DB40_0;
    %assign/vec4 v000001F5E282E4A0_0, 0;
    %pushi/vec4 0, 0, 16;
    %assign/vec4 v000001F5E282FB20_0, 0;
    %pushi/vec4 0, 0, 16;
    %assign/vec4 v000001F5E282B840_0, 0;
    %jmp T_103.3;
T_103.2 ;
    %load/vec4 v000001F5E282BCA0_0;
    %assign/vec4 v000001F5E282FB20_0, 0;
    %load/vec4 v000001F5E282F620_0;
    %assign/vec4 v000001F5E282B840_0, 0;
T_103.3 ;
T_103.1 ;
    %jmp T_103;
    .thread T_103;
    .scope S_000001F5E2826950;
T_104 ;
    %wait E_000001F5E2771180;
    %load/vec4 v000001F5E282DD20_0;
    %load/vec4 v000001F5E282F9E0_0;
    %parti/s 16, 12, 5;
    %add;
    %store/vec4 v000001F5E282F3A0_0, 0, 16;
    %jmp T_104;
    .thread T_104, $push;
    .scope S_000001F5E28267C0;
T_105 ;
    %wait E_000001F5E2773540;
    %load/vec4 v000001F5E282FD00_0;
    %flag_set/vec4 8;
    %jmp/0xz  T_105.0, 8;
    %pushi/vec4 0, 0, 16;
    %assign/vec4 v000001F5E282F4E0_0, 0;
    %pushi/vec4 0, 0, 16;
    %assign/vec4 v000001F5E282FF80_0, 0;
    %pushi/vec4 0, 0, 16;
    %assign/vec4 v000001F5E282FC60_0, 0;
    %pushi/vec4 0, 0, 16;
    %assign/vec4 v000001F5E282E680_0, 0;
    %jmp T_105.1;
T_105.0 ;
    %load/vec4 v000001F5E282E7C0_0;
    %flag_set/vec4 8;
    %jmp/0xz  T_105.2, 8;
    %load/vec4 v000001F5E282F940_0;
    %assign/vec4 v000001F5E282F4E0_0, 0;
    %load/vec4 v000001F5E282F940_0;
    %assign/vec4 v000001F5E282FF80_0, 0;
    %pushi/vec4 0, 0, 16;
    %assign/vec4 v000001F5E282FC60_0, 0;
    %pushi/vec4 0, 0, 16;
    %assign/vec4 v000001F5E282E680_0, 0;
    %jmp T_105.3;
T_105.2 ;
    %load/vec4 v000001F5E282ED60_0;
    %assign/vec4 v000001F5E282FC60_0, 0;
    %load/vec4 v000001F5E282F440_0;
    %assign/vec4 v000001F5E282E680_0, 0;
T_105.3 ;
T_105.1 ;
    %jmp T_105;
    .thread T_105;
    .scope S_000001F5E28280C0;
T_106 ;
    %wait E_000001F5E2771DC0;
    %load/vec4 v000001F5E282D960_0;
    %load/vec4 v000001F5E282DAA0_0;
    %parti/s 16, 12, 5;
    %add;
    %store/vec4 v000001F5E282EEA0_0, 0, 16;
    %jmp T_106;
    .thread T_106, $push;
    .scope S_000001F5E2827120;
T_107 ;
    %wait E_000001F5E2773540;
    %load/vec4 v000001F5E282F300_0;
    %flag_set/vec4 8;
    %jmp/0xz  T_107.0, 8;
    %pushi/vec4 0, 0, 16;
    %assign/vec4 v000001F5E282EAE0_0, 0;
    %pushi/vec4 0, 0, 16;
    %assign/vec4 v000001F5E282DA00_0, 0;
    %pushi/vec4 0, 0, 16;
    %assign/vec4 v000001F5E282FE40_0, 0;
    %pushi/vec4 0, 0, 16;
    %assign/vec4 v000001F5E282F6C0_0, 0;
    %jmp T_107.1;
T_107.0 ;
    %load/vec4 v000001F5E282F760_0;
    %flag_set/vec4 8;
    %jmp/0xz  T_107.2, 8;
    %load/vec4 v000001F5E282EA40_0;
    %assign/vec4 v000001F5E282EAE0_0, 0;
    %load/vec4 v000001F5E282EA40_0;
    %assign/vec4 v000001F5E282DA00_0, 0;
    %pushi/vec4 0, 0, 16;
    %assign/vec4 v000001F5E282FE40_0, 0;
    %pushi/vec4 0, 0, 16;
    %assign/vec4 v000001F5E282F6C0_0, 0;
    %jmp T_107.3;
T_107.2 ;
    %load/vec4 v000001F5E282F8A0_0;
    %assign/vec4 v000001F5E282FE40_0, 0;
    %load/vec4 v000001F5E282FEE0_0;
    %assign/vec4 v000001F5E282F6C0_0, 0;
T_107.3 ;
T_107.1 ;
    %jmp T_107;
    .thread T_107;
    .scope S_000001F5E28275D0;
T_108 ;
    %wait E_000001F5E2771F40;
    %load/vec4 v000001F5E282DBE0_0;
    %load/vec4 v000001F5E282DE60_0;
    %parti/s 16, 12, 5;
    %add;
    %store/vec4 v000001F5E282DC80_0, 0, 16;
    %jmp T_108;
    .thread T_108, $push;
    .scope S_000001F5E2827440;
T_109 ;
    %wait E_000001F5E2773540;
    %load/vec4 v000001F5E282E400_0;
    %flag_set/vec4 8;
    %jmp/0xz  T_109.0, 8;
    %pushi/vec4 0, 0, 16;
    %assign/vec4 v000001F5E282E540_0, 0;
    %pushi/vec4 0, 0, 16;
    %assign/vec4 v000001F5E282E720_0, 0;
    %pushi/vec4 0, 0, 16;
    %assign/vec4 v000001F5E282E220_0, 0;
    %pushi/vec4 0, 0, 16;
    %assign/vec4 v000001F5E282DFA0_0, 0;
    %jmp T_109.1;
T_109.0 ;
    %load/vec4 v000001F5E282E2C0_0;
    %flag_set/vec4 8;
    %jmp/0xz  T_109.2, 8;
    %load/vec4 v000001F5E282E5E0_0;
    %assign/vec4 v000001F5E282E540_0, 0;
    %load/vec4 v000001F5E282E5E0_0;
    %assign/vec4 v000001F5E282E720_0, 0;
    %pushi/vec4 0, 0, 16;
    %assign/vec4 v000001F5E282E220_0, 0;
    %pushi/vec4 0, 0, 16;
    %assign/vec4 v000001F5E282DFA0_0, 0;
    %jmp T_109.3;
T_109.2 ;
    %load/vec4 v000001F5E282E180_0;
    %assign/vec4 v000001F5E282E220_0, 0;
    %load/vec4 v000001F5E282E360_0;
    %assign/vec4 v000001F5E282DFA0_0, 0;
T_109.3 ;
T_109.1 ;
    %jmp T_109;
    .thread T_109;
    .scope S_000001F5E2831EA0;
T_110 ;
    %wait E_000001F5E2771E40;
    %load/vec4 v000001F5E2830660_0;
    %load/vec4 v000001F5E2830200_0;
    %parti/s 16, 12, 5;
    %add;
    %store/vec4 v000001F5E28305C0_0, 0, 16;
    %jmp T_110;
    .thread T_110, $push;
    .scope S_000001F5E2834100;
T_111 ;
    %wait E_000001F5E2773540;
    %load/vec4 v000001F5E2829360_0;
    %flag_set/vec4 8;
    %jmp/0xz  T_111.0, 8;
    %pushi/vec4 0, 0, 16;
    %assign/vec4 v000001F5E282B020_0, 0;
    %pushi/vec4 0, 0, 16;
    %assign/vec4 v000001F5E282AEE0_0, 0;
    %pushi/vec4 0, 0, 16;
    %assign/vec4 v000001F5E28303E0_0, 0;
    %pushi/vec4 0, 0, 16;
    %assign/vec4 v000001F5E2830160_0, 0;
    %jmp T_111.1;
T_111.0 ;
    %load/vec4 v000001F5E2830480_0;
    %flag_set/vec4 8;
    %jmp/0xz  T_111.2, 8;
    %load/vec4 v000001F5E2829180_0;
    %assign/vec4 v000001F5E282B020_0, 0;
    %load/vec4 v000001F5E2829180_0;
    %assign/vec4 v000001F5E282AEE0_0, 0;
    %pushi/vec4 0, 0, 16;
    %assign/vec4 v000001F5E28303E0_0, 0;
    %pushi/vec4 0, 0, 16;
    %assign/vec4 v000001F5E2830160_0, 0;
    %jmp T_111.3;
T_111.2 ;
    %load/vec4 v000001F5E2830340_0;
    %assign/vec4 v000001F5E28303E0_0, 0;
    %load/vec4 v000001F5E2830520_0;
    %assign/vec4 v000001F5E2830160_0, 0;
T_111.3 ;
T_111.1 ;
    %jmp T_111;
    .thread T_111;
    .scope S_000001F5E2831860;
T_112 ;
    %wait E_000001F5E2771240;
    %load/vec4 v000001F5E28299A0_0;
    %load/vec4 v000001F5E2829220_0;
    %parti/s 16, 12, 5;
    %add;
    %store/vec4 v000001F5E2829900_0, 0, 16;
    %jmp T_112;
    .thread T_112, $push;
    .scope S_000001F5E2833160;
T_113 ;
    %wait E_000001F5E2773540;
    %load/vec4 v000001F5E282A4E0_0;
    %flag_set/vec4 8;
    %jmp/0xz  T_113.0, 8;
    %pushi/vec4 0, 0, 16;
    %assign/vec4 v000001F5E2828BE0_0, 0;
    %pushi/vec4 0, 0, 16;
    %assign/vec4 v000001F5E282A6C0_0, 0;
    %pushi/vec4 0, 0, 16;
    %assign/vec4 v000001F5E282A260_0, 0;
    %pushi/vec4 0, 0, 16;
    %assign/vec4 v000001F5E282A3A0_0, 0;
    %jmp T_113.1;
T_113.0 ;
    %load/vec4 v000001F5E2829E00_0;
    %flag_set/vec4 8;
    %jmp/0xz  T_113.2, 8;
    %load/vec4 v000001F5E282A620_0;
    %assign/vec4 v000001F5E2828BE0_0, 0;
    %load/vec4 v000001F5E282A620_0;
    %assign/vec4 v000001F5E282A6C0_0, 0;
    %pushi/vec4 0, 0, 16;
    %assign/vec4 v000001F5E282A260_0, 0;
    %pushi/vec4 0, 0, 16;
    %assign/vec4 v000001F5E282A3A0_0, 0;
    %jmp T_113.3;
T_113.2 ;
    %load/vec4 v000001F5E2829D60_0;
    %assign/vec4 v000001F5E282A260_0, 0;
    %load/vec4 v000001F5E2828960_0;
    %assign/vec4 v000001F5E282A3A0_0, 0;
T_113.3 ;
T_113.1 ;
    %jmp T_113;
    .thread T_113;
    .scope S_000001F5E2831220;
T_114 ;
    %wait E_000001F5E2771280;
    %load/vec4 v000001F5E282AD00_0;
    %load/vec4 v000001F5E282A8A0_0;
    %parti/s 16, 12, 5;
    %add;
    %store/vec4 v000001F5E2829EA0_0, 0, 16;
    %jmp T_114;
    .thread T_114, $push;
    .scope S_000001F5E28308C0;
T_115 ;
    %wait E_000001F5E2773540;
    %load/vec4 v000001F5E282A760_0;
    %flag_set/vec4 8;
    %jmp/0xz  T_115.0, 8;
    %pushi/vec4 0, 0, 16;
    %assign/vec4 v000001F5E282AC60_0, 0;
    %pushi/vec4 0, 0, 16;
    %assign/vec4 v000001F5E282A9E0_0, 0;
    %pushi/vec4 0, 0, 16;
    %assign/vec4 v000001F5E282A580_0, 0;
    %pushi/vec4 0, 0, 16;
    %assign/vec4 v000001F5E282ADA0_0, 0;
    %jmp T_115.1;
T_115.0 ;
    %load/vec4 v000001F5E2829FE0_0;
    %flag_set/vec4 8;
    %jmp/0xz  T_115.2, 8;
    %load/vec4 v000001F5E2829720_0;
    %assign/vec4 v000001F5E282AC60_0, 0;
    %load/vec4 v000001F5E2829720_0;
    %assign/vec4 v000001F5E282A9E0_0, 0;
    %pushi/vec4 0, 0, 16;
    %assign/vec4 v000001F5E282A580_0, 0;
    %pushi/vec4 0, 0, 16;
    %assign/vec4 v000001F5E282ADA0_0, 0;
    %jmp T_115.3;
T_115.2 ;
    %load/vec4 v000001F5E28290E0_0;
    %assign/vec4 v000001F5E282A580_0, 0;
    %load/vec4 v000001F5E2828DC0_0;
    %assign/vec4 v000001F5E282ADA0_0, 0;
T_115.3 ;
T_115.1 ;
    %jmp T_115;
    .thread T_115;
    .scope S_000001F5E28313B0;
T_116 ;
    %wait E_000001F5E2772A80;
    %load/vec4 v000001F5E282A800_0;
    %load/vec4 v000001F5E282AA80_0;
    %parti/s 16, 12, 5;
    %add;
    %store/vec4 v000001F5E282A940_0, 0, 16;
    %jmp T_116;
    .thread T_116, $push;
    .scope S_000001F5E28345B0;
T_117 ;
    %wait E_000001F5E2773540;
    %load/vec4 v000001F5E2829540_0;
    %flag_set/vec4 8;
    %jmp/0xz  T_117.0, 8;
    %pushi/vec4 0, 0, 16;
    %assign/vec4 v000001F5E28295E0_0, 0;
    %pushi/vec4 0, 0, 16;
    %assign/vec4 v000001F5E2828E60_0, 0;
    %pushi/vec4 0, 0, 16;
    %assign/vec4 v000001F5E2828D20_0, 0;
    %pushi/vec4 0, 0, 16;
    %assign/vec4 v000001F5E28297C0_0, 0;
    %jmp T_117.1;
T_117.0 ;
    %load/vec4 v000001F5E2828A00_0;
    %flag_set/vec4 8;
    %jmp/0xz  T_117.2, 8;
    %load/vec4 v000001F5E282A1C0_0;
    %assign/vec4 v000001F5E28295E0_0, 0;
    %load/vec4 v000001F5E282A1C0_0;
    %assign/vec4 v000001F5E2828E60_0, 0;
    %pushi/vec4 0, 0, 16;
    %assign/vec4 v000001F5E2828D20_0, 0;
    %pushi/vec4 0, 0, 16;
    %assign/vec4 v000001F5E28297C0_0, 0;
    %jmp T_117.3;
T_117.2 ;
    %load/vec4 v000001F5E28294A0_0;
    %assign/vec4 v000001F5E2828D20_0, 0;
    %load/vec4 v000001F5E282AB20_0;
    %assign/vec4 v000001F5E28297C0_0, 0;
T_117.3 ;
T_117.1 ;
    %jmp T_117;
    .thread T_117;
    .scope S_000001F5E2833AC0;
T_118 ;
    %wait E_000001F5E2772940;
    %load/vec4 v000001F5E2829860_0;
    %load/vec4 v000001F5E2829C20_0;
    %parti/s 16, 12, 5;
    %add;
    %store/vec4 v000001F5E2828F00_0, 0, 16;
    %jmp T_118;
    .thread T_118, $push;
    .scope S_000001F5E2833930;
T_119 ;
    %wait E_000001F5E2773540;
    %load/vec4 v000001F5E283BE90_0;
    %flag_set/vec4 8;
    %jmp/0xz  T_119.0, 8;
    %pushi/vec4 0, 0, 16;
    %assign/vec4 v000001F5E283C250_0, 0;
    %pushi/vec4 0, 0, 16;
    %assign/vec4 v000001F5E283C750_0, 0;
    %pushi/vec4 0, 0, 16;
    %assign/vec4 v000001F5E283BFD0_0, 0;
    %pushi/vec4 0, 0, 16;
    %assign/vec4 v000001F5E283E050_0, 0;
    %jmp T_119.1;
T_119.0 ;
    %load/vec4 v000001F5E283C6B0_0;
    %flag_set/vec4 8;
    %jmp/0xz  T_119.2, 8;
    %load/vec4 v000001F5E283BF30_0;
    %assign/vec4 v000001F5E283C250_0, 0;
    %load/vec4 v000001F5E283BF30_0;
    %assign/vec4 v000001F5E283C750_0, 0;
    %pushi/vec4 0, 0, 16;
    %assign/vec4 v000001F5E283BFD0_0, 0;
    %pushi/vec4 0, 0, 16;
    %assign/vec4 v000001F5E283E050_0, 0;
    %jmp T_119.3;
T_119.2 ;
    %load/vec4 v000001F5E283B990_0;
    %assign/vec4 v000001F5E283BFD0_0, 0;
    %load/vec4 v000001F5E283CE30_0;
    %assign/vec4 v000001F5E283E050_0, 0;
T_119.3 ;
T_119.1 ;
    %jmp T_119;
    .thread T_119;
    .scope S_000001F5E272EE30;
T_120 ;
    %pushi/vec4 0, 0, 32;
    %store/vec4 v000001F5E283D8D0_0, 0, 32;
    %pushi/vec4 0, 0, 32;
    %store/vec4 v000001F5E283CBB0_0, 0, 32;
    %end;
    .thread T_120;
    .scope S_000001F5E272EE30;
T_121 ;
    %pushi/vec4 0, 0, 1;
    %store/vec4 v000001F5E283C070_0, 0, 1;
T_121.0 ;
    %delay 5000, 0;
    %load/vec4 v000001F5E283C070_0;
    %inv;
    %store/vec4 v000001F5E283C070_0, 0, 1;
    %jmp T_121.0;
T_121.1 ;
    %end;
    .thread T_121;
    .scope S_000001F5E272EE30;
T_122 ;
    %vpi_call 2 34 "$dumpfile", "tb_array_l3.vcd" {0 0 0};
    %vpi_call 2 35 "$dumpvars", 32'sb00000000000000000000000000000000, S_000001F5E272EE30 {0 0 0};
    %vpi_call 2 37 "$readmemh", "layer3_weights.hex", v000001F5E283D510 {0 0 0};
    %vpi_call 2 38 "$readmemh", "layer3_input.hex", v000001F5E283C7F0 {0 0 0};
    %vpi_call 2 39 "$readmemh", "layer3_expected_outs.hex", v000001F5E283C610 {0 0 0};
    %pushi/vec4 1, 0, 1;
    %store/vec4 v000001F5E283DAB0_0, 0, 1;
    %pushi/vec4 0, 0, 1;
    %store/vec4 v000001F5E283C890_0, 0, 1;
    %pushi/vec4 0, 0, 160;
    %store/vec4 v000001F5E283BB70_0, 0, 160;
    %pushi/vec4 0, 0, 96;
    %store/vec4 v000001F5E283D650_0, 0, 96;
    %vpi_call 2 43 "$display", "----------------------------------------" {0 0 0};
    %vpi_call 2 44 "$display", "Starting Layer 3 Systolic Array Test (%0dx%0d)...", P_000001F5E2788580, P_000001F5E2788510 {0 0 0};
    %vpi_call 2 45 "$display", "----------------------------------------" {0 0 0};
    %wait E_000001F5E2773DC0;
    %pushi/vec4 0, 0, 1;
    %store/vec4 v000001F5E283DAB0_0, 0, 1;
    %pushi/vec4 1, 0, 1;
    %store/vec4 v000001F5E283C890_0, 0, 1;
    %pushi/vec4 5, 0, 32;
    %store/vec4 v000001F5E283C1B0_0, 0, 32;
T_122.0 ; Top of for-loop
    %load/vec4 v000001F5E283C1B0_0;
    %cmpi/s 0, 0, 32;
    %flag_inv 5; GE is !LT
	  %jmp/0xz T_122.1, 5;
    %pushi/vec4 0, 0, 32;
    %store/vec4 v000001F5E283DBF0_0, 0, 32;
T_122.3 ; Top of for-loop
    %load/vec4 v000001F5E283DBF0_0;
    %cmpi/s 10, 0, 32;
	  %jmp/0xz T_122.4, 5;
    %load/vec4 v000001F5E283DBF0_0;
    %muli 6, 0, 32;
    %load/vec4 v000001F5E283C1B0_0;
    %add;
    %ix/vec4/s 4;
    %load/vec4a v000001F5E283D510, 4;
    %load/vec4 v000001F5E283DBF0_0;
    %muli 16, 0, 32;
    %ix/vec4/s 4;
    %store/vec4 v000001F5E283BB70_0, 4, 16;
T_122.5 ; for-loop step statement
    %load/vec4 v000001F5E283DBF0_0;
    %addi 1, 0, 32;
    %store/vec4 v000001F5E283DBF0_0, 0, 32;
    %jmp T_122.3;
T_122.4 ; for-loop exit label
    %wait E_000001F5E2773DC0;
T_122.2 ; for-loop step statement
    %load/vec4 v000001F5E283C1B0_0;
    %subi 1, 0, 32;
    %store/vec4 v000001F5E283C1B0_0, 0, 32;
    %jmp T_122.0;
T_122.1 ; for-loop exit label
    %pushi/vec4 0, 0, 1;
    %store/vec4 v000001F5E283C890_0, 0, 1;
    %pushi/vec4 0, 0, 160;
    %store/vec4 v000001F5E283BB70_0, 0, 160;
    %pushi/vec4 0, 0, 32;
    %store/vec4 v000001F5E283C1B0_0, 0, 32;
T_122.6 ; Top of for-loop
    %load/vec4 v000001F5E283C1B0_0;
    %cmpi/s 6, 0, 32;
	  %jmp/0xz T_122.7, 5;
    %ix/getv/s 4, v000001F5E283C1B0_0;
    %load/vec4a v000001F5E283C7F0, 4;
    %load/vec4 v000001F5E283C1B0_0;
    %muli 16, 0, 32;
    %ix/vec4/s 4;
    %store/vec4 v000001F5E283D650_0, 4, 16;
T_122.8 ; for-loop step statement
    %load/vec4 v000001F5E283C1B0_0;
    %addi 1, 0, 32;
    %store/vec4 v000001F5E283C1B0_0, 0, 32;
    %jmp T_122.6;
T_122.7 ; for-loop exit label
    %wait E_000001F5E2773DC0;
    %pushi/vec4 0, 0, 32;
    %store/vec4 v000001F5E283CBB0_0, 0, 32;
    %pushi/vec4 0, 0, 32;
    %store/vec4 v000001F5E283DBF0_0, 0, 32;
T_122.9 ; Top of for-loop
    %load/vec4 v000001F5E283DBF0_0;
    %cmpi/s 10, 0, 32;
	  %jmp/0xz T_122.10, 5;
    %load/vec4 v000001F5E283DBF0_0;
    %addi 7, 0, 32;
    %load/vec4 v000001F5E283CBB0_0;
    %sub;
    %store/vec4 v000001F5E283C4D0_0, 0, 32;
    %load/vec4 v000001F5E283C4D0_0;
    %cmpi/s 0, 0, 32;
    %flag_or 5, 4; GT is !LE
    %flag_inv 5;
    %jmp/0xz  T_122.12, 5;
    %load/vec4 v000001F5E283C4D0_0;
T_122.14 %dup/vec4;
    %cmpi/s 0, 0, 32;
    %jmp/1xz T_122.15, 5;
    %jmp/1 T_122.15, 4;
    %subi 1, 0, 32;
    %wait E_000001F5E2773DC0;
    %jmp T_122.14;
T_122.15 ;
    %pop/vec4 1;
T_122.12 ;
    %load/vec4 v000001F5E283CBB0_0;
    %load/vec4 v000001F5E283C4D0_0;
    %cmpi/s 0, 0, 32;
    %flag_or 5, 4; GT is !LE
    %flag_inv 5;
    %flag_mov 8, 5;
    %jmp/0 T_122.16, 8;
    %load/vec4 v000001F5E283C4D0_0;
    %jmp/1 T_122.17, 8;
T_122.16 ; End of true expr.
    %pushi/vec4 0, 0, 32;
    %jmp/0 T_122.17, 8;
 ; End of false expr.
    %blend;
T_122.17;
    %add;
    %store/vec4 v000001F5E283CBB0_0, 0, 32;
    %load/vec4 v000001F5E283D3D0_0;
    %load/vec4 v000001F5E283DBF0_0;
    %muli 16, 0, 32;
    %part/s 16;
    %ix/getv/s 4, v000001F5E283DBF0_0;
    %load/vec4a v000001F5E283C610, 4;
    %cmp/ne;
    %jmp/0xz  T_122.18, 6;
    %load/vec4 v000001F5E283D3D0_0;
    %load/vec4 v000001F5E283DBF0_0;
    %muli 16, 0, 32;
    %part/s 16;
    %vpi_call 2 75 "$display", "FAIL row %0d: Expected %h, Got %h", v000001F5E283DBF0_0, &A<v000001F5E283C610, v000001F5E283DBF0_0 >, S<0,vec4,u16> {1 0 0};
    %load/vec4 v000001F5E283D8D0_0;
    %addi 1, 0, 32;
    %store/vec4 v000001F5E283D8D0_0, 0, 32;
    %jmp T_122.19;
T_122.18 ;
    %load/vec4 v000001F5E283D3D0_0;
    %load/vec4 v000001F5E283DBF0_0;
    %muli 16, 0, 32;
    %part/s 16;
    %vpi_call 2 78 "$display", "PASS row %0d: %h", v000001F5E283DBF0_0, S<0,vec4,u16> {1 0 0};
T_122.19 ;
T_122.11 ; for-loop step statement
    %load/vec4 v000001F5E283DBF0_0;
    %addi 1, 0, 32;
    %store/vec4 v000001F5E283DBF0_0, 0, 32;
    %jmp T_122.9;
T_122.10 ; for-loop exit label
    %vpi_call 2 82 "$display", "----------------------------------------" {0 0 0};
    %load/vec4 v000001F5E283D8D0_0;
    %cmpi/e 0, 0, 32;
    %jmp/0xz  T_122.20, 4;
    %vpi_call 2 83 "$display", "PASS: All %0d rows matched expected output!", P_000001F5E2788580 {0 0 0};
    %jmp T_122.21;
T_122.20 ;
    %vpi_call 2 84 "$display", "FAIL: %0d row(s) mismatched.", v000001F5E283D8D0_0 {0 0 0};
T_122.21 ;
    %vpi_call 2 85 "$display", "----------------------------------------" {0 0 0};
    %vpi_call 2 86 "$finish" {0 0 0};
    %end;
    .thread T_122;
# The file index is used to find the file name in the following table.
:file_names 6;
    "N/A";
    "<interactive>";
    "tb_systolic_array_l3.v";
    "systolic_array.v";
    "systolic_pe.v";
    "mac_q4_12.v";
