#! /c/Source/iverilog-install/bin/vvp
:ivl_version "14.0 (devel)";
:ivl_delay_selection "TYPICAL";
:vpi_time_precision - 12;
:vpi_module "C:\iverilog\lib\ivl\system.vpi";
:vpi_module "C:\iverilog\lib\ivl\vhdl_sys.vpi";
:vpi_module "C:\iverilog\lib\ivl\vhdl_textio.vpi";
:vpi_module "C:\iverilog\lib\ivl\v2005_math.vpi";
:vpi_module "C:\iverilog\lib\ivl\va_math.vpi";
S_0000029DFE7BEA70 .scope module, "tb_systolic_array_l2" "tb_systolic_array_l2" 2 3;
 .timescale -9 -12;
P_0000029DFE7B6900 .param/l "COLS" 0 2 5, +C4<00000000000000000000000000010000>;
P_0000029DFE7B6938 .param/l "LOAD_CYCLES" 0 2 6, +C4<00000000000000000000000000010000>;
P_0000029DFE7B6970 .param/l "ROWS" 0 2 4, +C4<00000000000000000000000000000110>;
v0000029DFE89FA60_0 .net "acc_out_right", 95 0, L_0000029DFE90F460;  1 drivers
v0000029DFE89F740_0 .var/i "c", 31 0;
v0000029DFE89F9C0_0 .var "clk", 0 0;
v0000029DFE89F880_0 .var/i "elapsed", 31 0;
v0000029DFE89F7E0_0 .var/i "errors", 31 0;
v0000029DFE89FC40 .array/s "expected_outs", 5 0, 15 0;
v0000029DFE89F920_0 .var "in_val_top", 255 0;
v0000029DFE89FB00 .array/s "input_vec", 15 0, 15 0;
v0000029DFE89FCE0_0 .var "load_weight", 0 0;
v0000029DFE89FD80_0 .var/i "r", 31 0;
v0000029DFE89FF60_0 .var "rst", 0 0;
v0000029DFE89F2E0_0 .var/i "wait_cycles", 31 0;
v0000029DFE89F1A0_0 .var "weight_in_left", 95 0;
v0000029DFE89F240 .array/s "weight_mem", 95 0, 15 0;
E_0000029DFE7A65A0 .event negedge, v0000029DFE7B1130_0;
S_0000029DFE7B6390 .scope module, "u_array" "systolic_array" 2 24, 3 3 0, S_0000029DFE7BEA70;
 .timescale -9 -12;
    .port_info 0 /INPUT 1 "clk";
    .port_info 1 /INPUT 1 "rst";
    .port_info 2 /INPUT 1 "load_weight";
    .port_info 3 /INPUT 96 "weight_in_left";
    .port_info 4 /INPUT 256 "in_val_top";
    .port_info 5 /OUTPUT 96 "acc_out_right";
P_0000029DFE3AEF40 .param/l "COLS" 0 3 5, +C4<00000000000000000000000000010000>;
P_0000029DFE3AEF78 .param/l "ROWS" 0 3 4, +C4<00000000000000000000000000000110>;
v0000029DFE89FEC0_0 .net "acc_out_right", 95 0, L_0000029DFE90F460;  alias, 1 drivers
v0000029DFE89F420_0 .net "clk", 0 0, v0000029DFE89F9C0_0;  1 drivers
v0000029DFE89F4C0_0 .net "in_val_top", 255 0, v0000029DFE89F920_0;  1 drivers
v0000029DFE89FBA0_0 .net "load_weight", 0 0, v0000029DFE89FCE0_0;  1 drivers
v0000029DFE89F560_0 .net "rst", 0 0, v0000029DFE89FF60_0;  1 drivers
v0000029DFE89F100 .array "w_wire", 101 0;
v0000029DFE89F100_0 .net/s v0000029DFE89F100 0, 15 0, L_0000029DFE89F380; 1 drivers
v0000029DFE89F100_1 .net/s v0000029DFE89F100 1, 15 0, v0000029DFE7B14F0_0; 1 drivers
v0000029DFE89F100_2 .net/s v0000029DFE89F100 2, 15 0, v0000029DFE7097A0_0; 1 drivers
v0000029DFE89F100_3 .net/s v0000029DFE89F100 3, 15 0, v0000029DFE6A3EB0_0; 1 drivers
v0000029DFE89F100_4 .net/s v0000029DFE89F100 4, 15 0, v0000029DFE6A32D0_0; 1 drivers
v0000029DFE89F100_5 .net/s v0000029DFE89F100 5, 15 0, v0000029DFE6E15F0_0; 1 drivers
v0000029DFE89F100_6 .net/s v0000029DFE89F100 6, 15 0, v0000029DFE74F460_0; 1 drivers
v0000029DFE89F100_7 .net/s v0000029DFE89F100 7, 15 0, v0000029DFE732EC0_0; 1 drivers
v0000029DFE89F100_8 .net/s v0000029DFE89F100 8, 15 0, v0000029DFE7335A0_0; 1 drivers
v0000029DFE89F100_9 .net/s v0000029DFE89F100 9, 15 0, v0000029DFE682000_0; 1 drivers
v0000029DFE89F100_10 .net/s v0000029DFE89F100 10, 15 0, v0000029DFE654370_0; 1 drivers
v0000029DFE89F100_11 .net/s v0000029DFE89F100 11, 15 0, v0000029DFE81E350_0; 1 drivers
v0000029DFE89F100_12 .net/s v0000029DFE89F100 12, 15 0, v0000029DFE81D6D0_0; 1 drivers
v0000029DFE89F100_13 .net/s v0000029DFE89F100 13, 15 0, v0000029DFE81A890_0; 1 drivers
v0000029DFE89F100_14 .net/s v0000029DFE89F100 14, 15 0, v0000029DFE81ACF0_0; 1 drivers
v0000029DFE89F100_15 .net/s v0000029DFE89F100 15, 15 0, v0000029DFE81C910_0; 1 drivers
v0000029DFE89F100_16 .net/s v0000029DFE89F100 16, 15 0, v0000029DFE81AE30_0; 1 drivers
v0000029DFE89F100_17 .net/s v0000029DFE89F100 17, 15 0, L_0000029DFE909420; 1 drivers
v0000029DFE89F100_18 .net/s v0000029DFE89F100 18, 15 0, v0000029DFE823330_0; 1 drivers
v0000029DFE89F100_19 .net/s v0000029DFE89F100 19, 15 0, v0000029DFE824230_0; 1 drivers
v0000029DFE89F100_20 .net/s v0000029DFE89F100 20, 15 0, v0000029DFE8209F0_0; 1 drivers
v0000029DFE89F100_21 .net/s v0000029DFE89F100 21, 15 0, v0000029DFE822570_0; 1 drivers
v0000029DFE89F100_22 .net/s v0000029DFE89F100 22, 15 0, v0000029DFE822390_0; 1 drivers
v0000029DFE89F100_23 .net/s v0000029DFE89F100 23, 15 0, v0000029DFE827910_0; 1 drivers
v0000029DFE89F100_24 .net/s v0000029DFE89F100 24, 15 0, v0000029DFE828630_0; 1 drivers
v0000029DFE89F100_25 .net/s v0000029DFE89F100 25, 15 0, v0000029DFE8289F0_0; 1 drivers
v0000029DFE89F100_26 .net/s v0000029DFE89F100 26, 15 0, v0000029DFE8272D0_0; 1 drivers
v0000029DFE89F100_27 .net/s v0000029DFE89F100 27, 15 0, v0000029DFE829490_0; 1 drivers
v0000029DFE89F100_28 .net/s v0000029DFE89F100 28, 15 0, v0000029DFE82A430_0; 1 drivers
v0000029DFE89F100_29 .net/s v0000029DFE89F100 29, 15 0, v0000029DFE82D890_0; 1 drivers
v0000029DFE89F100_30 .net/s v0000029DFE89F100 30, 15 0, v0000029DFE82DB10_0; 1 drivers
v0000029DFE89F100_31 .net/s v0000029DFE89F100 31, 15 0, v0000029DFE82E830_0; 1 drivers
v0000029DFE89F100_32 .net/s v0000029DFE89F100 32, 15 0, v0000029DFE82C850_0; 1 drivers
v0000029DFE89F100_33 .net/s v0000029DFE89F100 33, 15 0, v0000029DFE82FCD0_0; 1 drivers
v0000029DFE89F100_34 .net/s v0000029DFE89F100 34, 15 0, L_0000029DFE90A0A0; 1 drivers
v0000029DFE89F100_35 .net/s v0000029DFE89F100 35, 15 0, v0000029DFE82F730_0; 1 drivers
v0000029DFE89F100_36 .net/s v0000029DFE89F100 36, 15 0, v0000029DFE841F40_0; 1 drivers
v0000029DFE89F100_37 .net/s v0000029DFE89F100 37, 15 0, v0000029DFE842580_0; 1 drivers
v0000029DFE89F100_38 .net/s v0000029DFE89F100 38, 15 0, v0000029DFE8428A0_0; 1 drivers
v0000029DFE89F100_39 .net/s v0000029DFE89F100 39, 15 0, v0000029DFE845FA0_0; 1 drivers
v0000029DFE89F100_40 .net/s v0000029DFE89F100 40, 15 0, v0000029DFE845000_0; 1 drivers
v0000029DFE89F100_41 .net/s v0000029DFE89F100 41, 15 0, v0000029DFE844EC0_0; 1 drivers
v0000029DFE89F100_42 .net/s v0000029DFE89F100 42, 15 0, v0000029DFE8447E0_0; 1 drivers
v0000029DFE89F100_43 .net/s v0000029DFE89F100 43, 15 0, v0000029DFE847760_0; 1 drivers
v0000029DFE89F100_44 .net/s v0000029DFE89F100 44, 15 0, v0000029DFE848200_0; 1 drivers
v0000029DFE89F100_45 .net/s v0000029DFE89F100 45, 15 0, v0000029DFE847080_0; 1 drivers
v0000029DFE89F100_46 .net/s v0000029DFE89F100 46, 15 0, v0000029DFE849060_0; 1 drivers
v0000029DFE89F100_47 .net/s v0000029DFE89F100 47, 15 0, v0000029DFE857EF0_0; 1 drivers
v0000029DFE89F100_48 .net/s v0000029DFE89F100 48, 15 0, v0000029DFE858850_0; 1 drivers
v0000029DFE89F100_49 .net/s v0000029DFE89F100 49, 15 0, v0000029DFE858710_0; 1 drivers
v0000029DFE89F100_50 .net/s v0000029DFE89F100 50, 15 0, v0000029DFE8578B0_0; 1 drivers
v0000029DFE89F100_51 .net/s v0000029DFE89F100 51, 15 0, L_0000029DFE90BA40; 1 drivers
v0000029DFE89F100_52 .net/s v0000029DFE89F100 52, 15 0, v0000029DFE85AF10_0; 1 drivers
v0000029DFE89F100_53 .net/s v0000029DFE89F100 53, 15 0, v0000029DFE85BEB0_0; 1 drivers
v0000029DFE89F100_54 .net/s v0000029DFE89F100 54, 15 0, v0000029DFE85BA50_0; 1 drivers
v0000029DFE89F100_55 .net/s v0000029DFE89F100 55, 15 0, v0000029DFE85CEF0_0; 1 drivers
v0000029DFE89F100_56 .net/s v0000029DFE89F100 56, 15 0, v0000029DFE85D210_0; 1 drivers
v0000029DFE89F100_57 .net/s v0000029DFE89F100 57, 15 0, v0000029DFE85E890_0; 1 drivers
v0000029DFE89F100_58 .net/s v0000029DFE89F100 58, 15 0, v0000029DFE85C8B0_0; 1 drivers
v0000029DFE89F100_59 .net/s v0000029DFE89F100 59, 15 0, v0000029DFE86BCE0_0; 1 drivers
v0000029DFE89F100_60 .net/s v0000029DFE89F100 60, 15 0, v0000029DFE86B4C0_0; 1 drivers
v0000029DFE89F100_61 .net/s v0000029DFE89F100 61, 15 0, v0000029DFE86BC40_0; 1 drivers
v0000029DFE89F100_62 .net/s v0000029DFE89F100 62, 15 0, v0000029DFE86C640_0; 1 drivers
v0000029DFE89F100_63 .net/s v0000029DFE89F100 63, 15 0, v0000029DFE866EC0_0; 1 drivers
v0000029DFE89F100_64 .net/s v0000029DFE89F100 64, 15 0, v0000029DFE866BA0_0; 1 drivers
v0000029DFE89F100_65 .net/s v0000029DFE89F100 65, 15 0, v0000029DFE8666A0_0; 1 drivers
v0000029DFE89F100_66 .net/s v0000029DFE89F100 66, 15 0, v0000029DFE8678C0_0; 1 drivers
v0000029DFE89F100_67 .net/s v0000029DFE89F100 67, 15 0, v0000029DFE868680_0; 1 drivers
v0000029DFE89F100_68 .net/s v0000029DFE89F100 68, 15 0, L_0000029DFE90EBA0; 1 drivers
v0000029DFE89F100_69 .net/s v0000029DFE89F100 69, 15 0, v0000029DFE868C20_0; 1 drivers
v0000029DFE89F100_70 .net/s v0000029DFE89F100 70, 15 0, v0000029DFE8699E0_0; 1 drivers
v0000029DFE89F100_71 .net/s v0000029DFE89F100 71, 15 0, v0000029DFE8680E0_0; 1 drivers
v0000029DFE89F100_72 .net/s v0000029DFE89F100 72, 15 0, v0000029DFE872A60_0; 1 drivers
v0000029DFE89F100_73 .net/s v0000029DFE89F100 73, 15 0, v0000029DFE874180_0; 1 drivers
v0000029DFE89F100_74 .net/s v0000029DFE89F100 74, 15 0, v0000029DFE873C80_0; 1 drivers
v0000029DFE89F100_75 .net/s v0000029DFE89F100 75, 15 0, v0000029DFE8762A0_0; 1 drivers
v0000029DFE89F100_76 .net/s v0000029DFE89F100 76, 15 0, v0000029DFE875A80_0; 1 drivers
v0000029DFE89F100_77 .net/s v0000029DFE89F100 77, 15 0, v0000029DFE874F40_0; 1 drivers
v0000029DFE89F100_78 .net/s v0000029DFE89F100 78, 15 0, v0000029DFE874D60_0; 1 drivers
v0000029DFE89F100_79 .net/s v0000029DFE89F100 79, 15 0, v0000029DFE8776A0_0; 1 drivers
v0000029DFE89F100_80 .net/s v0000029DFE89F100 80, 15 0, v0000029DFE878A00_0; 1 drivers
v0000029DFE89F100_81 .net/s v0000029DFE89F100 81, 15 0, v0000029DFE879680_0; 1 drivers
v0000029DFE89F100_82 .net/s v0000029DFE89F100 82, 15 0, v0000029DFE87A440_0; 1 drivers
v0000029DFE89F100_83 .net/s v0000029DFE89F100 83, 15 0, v0000029DFE893C60_0; 1 drivers
v0000029DFE89F100_84 .net/s v0000029DFE89F100 84, 15 0, v0000029DFE892CC0_0; 1 drivers
v0000029DFE89F100_85 .net/s v0000029DFE89F100 85, 15 0, L_0000029DFE90F140; 1 drivers
v0000029DFE89F100_86 .net/s v0000029DFE89F100 86, 15 0, v0000029DFE8933A0_0; 1 drivers
v0000029DFE89F100_87 .net/s v0000029DFE89F100 87, 15 0, v0000029DFE896B40_0; 1 drivers
v0000029DFE89F100_88 .net/s v0000029DFE89F100 88, 15 0, v0000029DFE8972C0_0; 1 drivers
v0000029DFE89F100_89 .net/s v0000029DFE89F100 89, 15 0, v0000029DFE896320_0; 1 drivers
v0000029DFE89F100_90 .net/s v0000029DFE89F100 90, 15 0, v0000029DFE897680_0; 1 drivers
v0000029DFE89F100_91 .net/s v0000029DFE89F100 91, 15 0, v0000029DFE8979A0_0; 1 drivers
v0000029DFE89F100_92 .net/s v0000029DFE89F100 92, 15 0, v0000029DFE899D40_0; 1 drivers
v0000029DFE89F100_93 .net/s v0000029DFE89F100 93, 15 0, v0000029DFE8997A0_0; 1 drivers
v0000029DFE89F100_94 .net/s v0000029DFE89F100 94, 15 0, v0000029DFE89C400_0; 1 drivers
v0000029DFE89F100_95 .net/s v0000029DFE89F100 95, 15 0, v0000029DFE89C4A0_0; 1 drivers
v0000029DFE89F100_96 .net/s v0000029DFE89F100 96, 15 0, v0000029DFE89BAA0_0; 1 drivers
v0000029DFE89F100_97 .net/s v0000029DFE89F100 97, 15 0, v0000029DFE89BC80_0; 1 drivers
v0000029DFE89F100_98 .net/s v0000029DFE89F100 98, 15 0, v0000029DFE89E200_0; 1 drivers
v0000029DFE89F100_99 .net/s v0000029DFE89F100 99, 15 0, v0000029DFE89ED40_0; 1 drivers
v0000029DFE89F100_100 .net/s v0000029DFE89F100 100, 15 0, v0000029DFE89EF20_0; 1 drivers
v0000029DFE89F100_101 .net/s v0000029DFE89F100 101, 15 0, v0000029DFE89CB80_0; 1 drivers
v0000029DFE89F600_0 .net "weight_in_left", 95 0, v0000029DFE89F1A0_0;  1 drivers
v0000029DFE89FE20 .array "x_wire", 111 0;
v0000029DFE89FE20_0 .net/s v0000029DFE89FE20 0, 15 0, L_0000029DFE890CE0; 1 drivers
v0000029DFE89FE20_1 .net/s v0000029DFE89FE20 1, 15 0, L_0000029DFE891460; 1 drivers
v0000029DFE89FE20_2 .net/s v0000029DFE89FE20 2, 15 0, L_0000029DFE8904C0; 1 drivers
v0000029DFE89FE20_3 .net/s v0000029DFE89FE20 3, 15 0, L_0000029DFE890B00; 1 drivers
v0000029DFE89FE20_4 .net/s v0000029DFE89FE20 4, 15 0, L_0000029DFE890BA0; 1 drivers
v0000029DFE89FE20_5 .net/s v0000029DFE89FE20 5, 15 0, L_0000029DFE891E60; 1 drivers
v0000029DFE89FE20_6 .net/s v0000029DFE89FE20 6, 15 0, L_0000029DFE890F60; 1 drivers
v0000029DFE89FE20_7 .net/s v0000029DFE89FE20 7, 15 0, L_0000029DFE890EC0; 1 drivers
v0000029DFE89FE20_8 .net/s v0000029DFE89FE20 8, 15 0, L_0000029DFE891FA0; 1 drivers
v0000029DFE89FE20_9 .net/s v0000029DFE89FE20 9, 15 0, L_0000029DFE891140; 1 drivers
v0000029DFE89FE20_10 .net/s v0000029DFE89FE20 10, 15 0, L_0000029DFE890920; 1 drivers
v0000029DFE89FE20_11 .net/s v0000029DFE89FE20 11, 15 0, L_0000029DFE8915A0; 1 drivers
v0000029DFE89FE20_12 .net/s v0000029DFE89FE20 12, 15 0, L_0000029DFE892860; 1 drivers
v0000029DFE89FE20_13 .net/s v0000029DFE89FE20 13, 15 0, L_0000029DFE891820; 1 drivers
v0000029DFE89FE20_14 .net/s v0000029DFE89FE20 14, 15 0, L_0000029DFE890600; 1 drivers
v0000029DFE89FE20_15 .net/s v0000029DFE89FE20 15, 15 0, L_0000029DFE891960; 1 drivers
v0000029DFE89FE20_16 .net/s v0000029DFE89FE20 16, 15 0, v0000029DFE7B05F0_0; 1 drivers
v0000029DFE89FE20_17 .net/s v0000029DFE89FE20 17, 15 0, v0000029DFE709700_0; 1 drivers
v0000029DFE89FE20_18 .net/s v0000029DFE89FE20 18, 15 0, v0000029DFE707CC0_0; 1 drivers
v0000029DFE89FE20_19 .net/s v0000029DFE89FE20 19, 15 0, v0000029DFE6A2510_0; 1 drivers
v0000029DFE89FE20_20 .net/s v0000029DFE89FE20 20, 15 0, v0000029DFE6E0FB0_0; 1 drivers
v0000029DFE89FE20_21 .net/s v0000029DFE89FE20 21, 15 0, v0000029DFE74F1E0_0; 1 drivers
v0000029DFE89FE20_22 .net/s v0000029DFE89FE20 22, 15 0, v0000029DFE74FB40_0; 1 drivers
v0000029DFE89FE20_23 .net/s v0000029DFE89FE20 23, 15 0, v0000029DFE732F60_0; 1 drivers
v0000029DFE89FE20_24 .net/s v0000029DFE89FE20 24, 15 0, v0000029DFE682140_0; 1 drivers
v0000029DFE89FE20_25 .net/s v0000029DFE89FE20 25, 15 0, v0000029DFE653E70_0; 1 drivers
v0000029DFE89FE20_26 .net/s v0000029DFE89FE20 26, 15 0, v0000029DFE647D90_0; 1 drivers
v0000029DFE89FE20_27 .net/s v0000029DFE89FE20 27, 15 0, v0000029DFE81DD10_0; 1 drivers
v0000029DFE89FE20_28 .net/s v0000029DFE89FE20 28, 15 0, v0000029DFE81DF90_0; 1 drivers
v0000029DFE89FE20_29 .net/s v0000029DFE89FE20 29, 15 0, v0000029DFE81AA70_0; 1 drivers
v0000029DFE89FE20_30 .net/s v0000029DFE89FE20 30, 15 0, v0000029DFE81B470_0; 1 drivers
v0000029DFE89FE20_31 .net/s v0000029DFE89FE20 31, 15 0, v0000029DFE81CAF0_0; 1 drivers
v0000029DFE89FE20_32 .net/s v0000029DFE89FE20 32, 15 0, v0000029DFE823650_0; 1 drivers
v0000029DFE89FE20_33 .net/s v0000029DFE89FE20 33, 15 0, v0000029DFE823C90_0; 1 drivers
v0000029DFE89FE20_34 .net/s v0000029DFE89FE20 34, 15 0, v0000029DFE821E90_0; 1 drivers
v0000029DFE89FE20_35 .net/s v0000029DFE89FE20 35, 15 0, v0000029DFE821850_0; 1 drivers
v0000029DFE89FE20_36 .net/s v0000029DFE89FE20 36, 15 0, v0000029DFE8229D0_0; 1 drivers
v0000029DFE89FE20_37 .net/s v0000029DFE89FE20 37, 15 0, v0000029DFE822F70_0; 1 drivers
v0000029DFE89FE20_38 .net/s v0000029DFE89FE20 38, 15 0, v0000029DFE8288B0_0; 1 drivers
v0000029DFE89FE20_39 .net/s v0000029DFE89FE20 39, 15 0, v0000029DFE827050_0; 1 drivers
v0000029DFE89FE20_40 .net/s v0000029DFE89FE20 40, 15 0, v0000029DFE828D10_0; 1 drivers
v0000029DFE89FE20_41 .net/s v0000029DFE89FE20 41, 15 0, v0000029DFE829990_0; 1 drivers
v0000029DFE89FE20_42 .net/s v0000029DFE89FE20 42, 15 0, v0000029DFE82A570_0; 1 drivers
v0000029DFE89FE20_43 .net/s v0000029DFE89FE20 43, 15 0, v0000029DFE82DED0_0; 1 drivers
v0000029DFE89FE20_44 .net/s v0000029DFE89FE20 44, 15 0, v0000029DFE82D610_0; 1 drivers
v0000029DFE89FE20_45 .net/s v0000029DFE89FE20 45, 15 0, v0000029DFE82E970_0; 1 drivers
v0000029DFE89FE20_46 .net/s v0000029DFE89FE20 46, 15 0, v0000029DFE82DE30_0; 1 drivers
v0000029DFE89FE20_47 .net/s v0000029DFE89FE20 47, 15 0, v0000029DFE82F2D0_0; 1 drivers
v0000029DFE89FE20_48 .net/s v0000029DFE89FE20 48, 15 0, v0000029DFE8303B0_0; 1 drivers
v0000029DFE89FE20_49 .net/s v0000029DFE89FE20 49, 15 0, v0000029DFE843980_0; 1 drivers
v0000029DFE89FE20_50 .net/s v0000029DFE89FE20 50, 15 0, v0000029DFE841A40_0; 1 drivers
v0000029DFE89FE20_51 .net/s v0000029DFE89FE20 51, 15 0, v0000029DFE842620_0; 1 drivers
v0000029DFE89FE20_52 .net/s v0000029DFE89FE20 52, 15 0, v0000029DFE841860_0; 1 drivers
v0000029DFE89FE20_53 .net/s v0000029DFE89FE20 53, 15 0, v0000029DFE845320_0; 1 drivers
v0000029DFE89FE20_54 .net/s v0000029DFE89FE20 54, 15 0, v0000029DFE844880_0; 1 drivers
v0000029DFE89FE20_55 .net/s v0000029DFE89FE20 55, 15 0, v0000029DFE843FC0_0; 1 drivers
v0000029DFE89FE20_56 .net/s v0000029DFE89FE20 56, 15 0, v0000029DFE847940_0; 1 drivers
v0000029DFE89FE20_57 .net/s v0000029DFE89FE20 57, 15 0, v0000029DFE847580_0; 1 drivers
v0000029DFE89FE20_58 .net/s v0000029DFE89FE20 58, 15 0, v0000029DFE8464A0_0; 1 drivers
v0000029DFE89FE20_59 .net/s v0000029DFE89FE20 59, 15 0, v0000029DFE848C00_0; 1 drivers
v0000029DFE89FE20_60 .net/s v0000029DFE89FE20 60, 15 0, v0000029DFE858A30_0; 1 drivers
v0000029DFE89FE20_61 .net/s v0000029DFE89FE20 61, 15 0, v0000029DFE857DB0_0; 1 drivers
v0000029DFE89FE20_62 .net/s v0000029DFE89FE20 62, 15 0, v0000029DFE858670_0; 1 drivers
v0000029DFE89FE20_63 .net/s v0000029DFE89FE20 63, 15 0, v0000029DFE859B10_0; 1 drivers
v0000029DFE89FE20_64 .net/s v0000029DFE89FE20 64, 15 0, v0000029DFE85BF50_0; 1 drivers
v0000029DFE89FE20_65 .net/s v0000029DFE89FE20 65, 15 0, v0000029DFE85B730_0; 1 drivers
v0000029DFE89FE20_66 .net/s v0000029DFE89FE20 66, 15 0, v0000029DFE85A790_0; 1 drivers
v0000029DFE89FE20_67 .net/s v0000029DFE89FE20 67, 15 0, v0000029DFE85DA30_0; 1 drivers
v0000029DFE89FE20_68 .net/s v0000029DFE89FE20 68, 15 0, v0000029DFE85D490_0; 1 drivers
v0000029DFE89FE20_69 .net/s v0000029DFE89FE20 69, 15 0, v0000029DFE85E390_0; 1 drivers
v0000029DFE89FE20_70 .net/s v0000029DFE89FE20 70, 15 0, v0000029DFE85EA70_0; 1 drivers
v0000029DFE89FE20_71 .net/s v0000029DFE89FE20 71, 15 0, v0000029DFE85EE30_0; 1 drivers
v0000029DFE89FE20_72 .net/s v0000029DFE89FE20 72, 15 0, v0000029DFE86C780_0; 1 drivers
v0000029DFE89FE20_73 .net/s v0000029DFE89FE20 73, 15 0, v0000029DFE86B920_0; 1 drivers
v0000029DFE89FE20_74 .net/s v0000029DFE89FE20 74, 15 0, v0000029DFE86BEC0_0; 1 drivers
v0000029DFE89FE20_75 .net/s v0000029DFE89FE20 75, 15 0, v0000029DFE86CFA0_0; 1 drivers
v0000029DFE89FE20_76 .net/s v0000029DFE89FE20 76, 15 0, v0000029DFE867320_0; 1 drivers
v0000029DFE89FE20_77 .net/s v0000029DFE89FE20 77, 15 0, v0000029DFE865D40_0; 1 drivers
v0000029DFE89FE20_78 .net/s v0000029DFE89FE20 78, 15 0, v0000029DFE8675A0_0; 1 drivers
v0000029DFE89FE20_79 .net/s v0000029DFE89FE20 79, 15 0, v0000029DFE86A200_0; 1 drivers
v0000029DFE89FE20_80 .net/s v0000029DFE89FE20 80, 15 0, v0000029DFE868E00_0; 1 drivers
v0000029DFE89FE20_81 .net/s v0000029DFE89FE20 81, 15 0, v0000029DFE86A2A0_0; 1 drivers
v0000029DFE89FE20_82 .net/s v0000029DFE89FE20 82, 15 0, v0000029DFE86A340_0; 1 drivers
v0000029DFE89FE20_83 .net/s v0000029DFE89FE20 83, 15 0, v0000029DFE874CC0_0; 1 drivers
v0000029DFE89FE20_84 .net/s v0000029DFE89FE20 84, 15 0, v0000029DFE874AE0_0; 1 drivers
v0000029DFE89FE20_85 .net/s v0000029DFE89FE20 85, 15 0, v0000029DFE873BE0_0; 1 drivers
v0000029DFE89FE20_86 .net/s v0000029DFE89FE20 86, 15 0, v0000029DFE875760_0; 1 drivers
v0000029DFE89FE20_87 .net/s v0000029DFE89FE20 87, 15 0, v0000029DFE875260_0; 1 drivers
v0000029DFE89FE20_88 .net/s v0000029DFE89FE20 88, 15 0, v0000029DFE8760C0_0; 1 drivers
v0000029DFE89FE20_89 .net/s v0000029DFE89FE20 89, 15 0, v0000029DFE8767A0_0; 1 drivers
v0000029DFE89FE20_90 .net/s v0000029DFE89FE20 90, 15 0, v0000029DFE877560_0; 1 drivers
v0000029DFE89FE20_91 .net/s v0000029DFE89FE20 91, 15 0, v0000029DFE878820_0; 1 drivers
v0000029DFE89FE20_92 .net/s v0000029DFE89FE20 92, 15 0, v0000029DFE878AA0_0; 1 drivers
v0000029DFE89FE20_93 .net/s v0000029DFE89FE20 93, 15 0, v0000029DFE877CE0_0; 1 drivers
v0000029DFE89FE20_94 .net/s v0000029DFE89FE20 94, 15 0, v0000029DFE892FE0_0; 1 drivers
v0000029DFE89FE20_95 .net/s v0000029DFE89FE20 95, 15 0, v0000029DFE893440_0; 1 drivers
v0000029DFE89FE20_96 .net/s v0000029DFE89FE20 96, 15 0, v0000029DFE892A40_0; 1 drivers
v0000029DFE89FE20_97 .net/s v0000029DFE89FE20 97, 15 0, v0000029DFE893580_0; 1 drivers
v0000029DFE89FE20_98 .net/s v0000029DFE89FE20 98, 15 0, v0000029DFE896BE0_0; 1 drivers
v0000029DFE89FE20_99 .net/s v0000029DFE89FE20 99, 15 0, v0000029DFE895D80_0; 1 drivers
v0000029DFE89FE20_100 .net/s v0000029DFE89FE20 100, 15 0, v0000029DFE895740_0; 1 drivers
v0000029DFE89FE20_101 .net/s v0000029DFE89FE20 101, 15 0, v0000029DFE898800_0; 1 drivers
v0000029DFE89FE20_102 .net/s v0000029DFE89FE20 102, 15 0, v0000029DFE899C00_0; 1 drivers
v0000029DFE89FE20_103 .net/s v0000029DFE89FE20 103, 15 0, v0000029DFE89A060_0; 1 drivers
v0000029DFE89FE20_104 .net/s v0000029DFE89FE20 104, 15 0, v0000029DFE898EE0_0; 1 drivers
v0000029DFE89FE20_105 .net/s v0000029DFE89FE20 105, 15 0, v0000029DFE89A740_0; 1 drivers
v0000029DFE89FE20_106 .net/s v0000029DFE89FE20 106, 15 0, v0000029DFE89C680_0; 1 drivers
v0000029DFE89FE20_107 .net/s v0000029DFE89FE20 107, 15 0, v0000029DFE89C220_0; 1 drivers
v0000029DFE89FE20_108 .net/s v0000029DFE89FE20 108, 15 0, v0000029DFE89EC00_0; 1 drivers
v0000029DFE89FE20_109 .net/s v0000029DFE89FE20 109, 15 0, v0000029DFE89DE40_0; 1 drivers
v0000029DFE89FE20_110 .net/s v0000029DFE89FE20 110, 15 0, v0000029DFE89EA20_0; 1 drivers
v0000029DFE89FE20_111 .net/s v0000029DFE89FE20 111, 15 0, v0000029DFE89D4E0_0; 1 drivers
L_0000029DFE8A80A8 .functor BUFT 1, C4<0000000000000000>, C4<0>, C4<0>, C4<0>;
v0000029DFE89F6A0 .array "y_wire", 101 0;
v0000029DFE89F6A0_0 .net/s v0000029DFE89F6A0 0, 15 0, L_0000029DFE8A80A8; 1 drivers
v0000029DFE89F6A0_1 .net/s v0000029DFE89F6A0 1, 15 0, v0000029DFE7B0AF0_0; 1 drivers
v0000029DFE89F6A0_2 .net/s v0000029DFE89F6A0 2, 15 0, v0000029DFE709480_0; 1 drivers
v0000029DFE89F6A0_3 .net/s v0000029DFE89F6A0 3, 15 0, v0000029DFE7093E0_0; 1 drivers
v0000029DFE89F6A0_4 .net/s v0000029DFE89F6A0 4, 15 0, v0000029DFE6A30F0_0; 1 drivers
v0000029DFE89F6A0_5 .net/s v0000029DFE89F6A0 5, 15 0, v0000029DFE6E1D70_0; 1 drivers
v0000029DFE89F6A0_6 .net/s v0000029DFE89F6A0 6, 15 0, v0000029DFE6E05B0_0; 1 drivers
v0000029DFE89F6A0_7 .net/s v0000029DFE89F6A0 7, 15 0, v0000029DFE74FC80_0; 1 drivers
v0000029DFE89F6A0_8 .net/s v0000029DFE89F6A0 8, 15 0, v0000029DFE732880_0; 1 drivers
v0000029DFE89F6A0_9 .net/s v0000029DFE89F6A0 9, 15 0, v0000029DFE683400_0; 1 drivers
v0000029DFE89F6A0_10 .net/s v0000029DFE89F6A0 10, 15 0, v0000029DFE653BF0_0; 1 drivers
v0000029DFE89F6A0_11 .net/s v0000029DFE89F6A0 11, 15 0, v0000029DFE648650_0; 1 drivers
v0000029DFE89F6A0_12 .net/s v0000029DFE89F6A0 12, 15 0, v0000029DFE81D1D0_0; 1 drivers
v0000029DFE89F6A0_13 .net/s v0000029DFE89F6A0 13, 15 0, v0000029DFE81DB30_0; 1 drivers
v0000029DFE89F6A0_14 .net/s v0000029DFE89F6A0 14, 15 0, v0000029DFE81B150_0; 1 drivers
v0000029DFE89F6A0_15 .net/s v0000029DFE89F6A0 15, 15 0, v0000029DFE81BA10_0; 1 drivers
v0000029DFE89F6A0_16 .net/s v0000029DFE89F6A0 16, 15 0, v0000029DFE81CA50_0; 1 drivers
L_0000029DFE8A80F0 .functor BUFT 1, C4<0000000000000000>, C4<0>, C4<0>, C4<0>;
v0000029DFE89F6A0_17 .net/s v0000029DFE89F6A0 17, 15 0, L_0000029DFE8A80F0; 1 drivers
v0000029DFE89F6A0_18 .net/s v0000029DFE89F6A0 18, 15 0, v0000029DFE823470_0; 1 drivers
v0000029DFE89F6A0_19 .net/s v0000029DFE89F6A0 19, 15 0, v0000029DFE823790_0; 1 drivers
v0000029DFE89F6A0_20 .net/s v0000029DFE89F6A0 20, 15 0, v0000029DFE822610_0; 1 drivers
v0000029DFE89F6A0_21 .net/s v0000029DFE89F6A0 21, 15 0, v0000029DFE821210_0; 1 drivers
v0000029DFE89F6A0_22 .net/s v0000029DFE89F6A0 22, 15 0, v0000029DFE821350_0; 1 drivers
v0000029DFE89F6A0_23 .net/s v0000029DFE89F6A0 23, 15 0, v0000029DFE8221B0_0; 1 drivers
v0000029DFE89F6A0_24 .net/s v0000029DFE89F6A0 24, 15 0, v0000029DFE827EB0_0; 1 drivers
v0000029DFE89F6A0_25 .net/s v0000029DFE89F6A0 25, 15 0, v0000029DFE827B90_0; 1 drivers
v0000029DFE89F6A0_26 .net/s v0000029DFE89F6A0 26, 15 0, v0000029DFE826D30_0; 1 drivers
v0000029DFE89F6A0_27 .net/s v0000029DFE89F6A0 27, 15 0, v0000029DFE826FB0_0; 1 drivers
v0000029DFE89F6A0_28 .net/s v0000029DFE89F6A0 28, 15 0, v0000029DFE82A390_0; 1 drivers
v0000029DFE89F6A0_29 .net/s v0000029DFE89F6A0 29, 15 0, v0000029DFE8292B0_0; 1 drivers
v0000029DFE89F6A0_30 .net/s v0000029DFE89F6A0 30, 15 0, v0000029DFE82E330_0; 1 drivers
v0000029DFE89F6A0_31 .net/s v0000029DFE89F6A0 31, 15 0, v0000029DFE82DC50_0; 1 drivers
v0000029DFE89F6A0_32 .net/s v0000029DFE89F6A0 32, 15 0, v0000029DFE82DCF0_0; 1 drivers
v0000029DFE89F6A0_33 .net/s v0000029DFE89F6A0 33, 15 0, v0000029DFE82FAF0_0; 1 drivers
L_0000029DFE8A8138 .functor BUFT 1, C4<0000000000000000>, C4<0>, C4<0>, C4<0>;
v0000029DFE89F6A0_34 .net/s v0000029DFE89F6A0 34, 15 0, L_0000029DFE8A8138; 1 drivers
v0000029DFE89F6A0_35 .net/s v0000029DFE89F6A0 35, 15 0, v0000029DFE82F690_0; 1 drivers
v0000029DFE89F6A0_36 .net/s v0000029DFE89F6A0 36, 15 0, v0000029DFE843340_0; 1 drivers
v0000029DFE89F6A0_37 .net/s v0000029DFE89F6A0 37, 15 0, v0000029DFE842760_0; 1 drivers
v0000029DFE89F6A0_38 .net/s v0000029DFE89F6A0 38, 15 0, v0000029DFE8423A0_0; 1 drivers
v0000029DFE89F6A0_39 .net/s v0000029DFE89F6A0 39, 15 0, v0000029DFE841720_0; 1 drivers
v0000029DFE89F6A0_40 .net/s v0000029DFE89F6A0 40, 15 0, v0000029DFE8441A0_0; 1 drivers
v0000029DFE89F6A0_41 .net/s v0000029DFE89F6A0 41, 15 0, v0000029DFE846360_0; 1 drivers
v0000029DFE89F6A0_42 .net/s v0000029DFE89F6A0 42, 15 0, v0000029DFE846400_0; 1 drivers
v0000029DFE89F6A0_43 .net/s v0000029DFE89F6A0 43, 15 0, v0000029DFE8482A0_0; 1 drivers
v0000029DFE89F6A0_44 .net/s v0000029DFE89F6A0 44, 15 0, v0000029DFE846680_0; 1 drivers
v0000029DFE89F6A0_45 .net/s v0000029DFE89F6A0 45, 15 0, v0000029DFE847EE0_0; 1 drivers
v0000029DFE89F6A0_46 .net/s v0000029DFE89F6A0 46, 15 0, v0000029DFE8487A0_0; 1 drivers
v0000029DFE89F6A0_47 .net/s v0000029DFE89F6A0 47, 15 0, v0000029DFE857BD0_0; 1 drivers
v0000029DFE89F6A0_48 .net/s v0000029DFE89F6A0 48, 15 0, v0000029DFE858B70_0; 1 drivers
v0000029DFE89F6A0_49 .net/s v0000029DFE89F6A0 49, 15 0, v0000029DFE8591B0_0; 1 drivers
v0000029DFE89F6A0_50 .net/s v0000029DFE89F6A0 50, 15 0, v0000029DFE857C70_0; 1 drivers
L_0000029DFE8A8180 .functor BUFT 1, C4<0000000000000000>, C4<0>, C4<0>, C4<0>;
v0000029DFE89F6A0_51 .net/s v0000029DFE89F6A0 51, 15 0, L_0000029DFE8A8180; 1 drivers
v0000029DFE89F6A0_52 .net/s v0000029DFE89F6A0 52, 15 0, v0000029DFE85BD70_0; 1 drivers
v0000029DFE89F6A0_53 .net/s v0000029DFE89F6A0 53, 15 0, v0000029DFE85AC90_0; 1 drivers
v0000029DFE89F6A0_54 .net/s v0000029DFE89F6A0 54, 15 0, v0000029DFE85A5B0_0; 1 drivers
v0000029DFE89F6A0_55 .net/s v0000029DFE89F6A0 55, 15 0, v0000029DFE85A0B0_0; 1 drivers
v0000029DFE89F6A0_56 .net/s v0000029DFE89F6A0 56, 15 0, v0000029DFE85D530_0; 1 drivers
v0000029DFE89F6A0_57 .net/s v0000029DFE89F6A0 57, 15 0, v0000029DFE85E2F0_0; 1 drivers
v0000029DFE89F6A0_58 .net/s v0000029DFE89F6A0 58, 15 0, v0000029DFE85E7F0_0; 1 drivers
v0000029DFE89F6A0_59 .net/s v0000029DFE89F6A0 59, 15 0, v0000029DFE85EED0_0; 1 drivers
v0000029DFE89F6A0_60 .net/s v0000029DFE89F6A0 60, 15 0, v0000029DFE86BBA0_0; 1 drivers
v0000029DFE89F6A0_61 .net/s v0000029DFE89F6A0 61, 15 0, v0000029DFE86A520_0; 1 drivers
v0000029DFE89F6A0_62 .net/s v0000029DFE89F6A0 62, 15 0, v0000029DFE86C140_0; 1 drivers
v0000029DFE89F6A0_63 .net/s v0000029DFE89F6A0 63, 15 0, v0000029DFE86D0E0_0; 1 drivers
v0000029DFE89F6A0_64 .net/s v0000029DFE89F6A0 64, 15 0, v0000029DFE865660_0; 1 drivers
v0000029DFE89F6A0_65 .net/s v0000029DFE89F6A0 65, 15 0, v0000029DFE866560_0; 1 drivers
v0000029DFE89F6A0_66 .net/s v0000029DFE89F6A0 66, 15 0, v0000029DFE867820_0; 1 drivers
v0000029DFE89F6A0_67 .net/s v0000029DFE89F6A0 67, 15 0, v0000029DFE865CA0_0; 1 drivers
L_0000029DFE8A81C8 .functor BUFT 1, C4<0000000000000000>, C4<0>, C4<0>, C4<0>;
v0000029DFE89F6A0_68 .net/s v0000029DFE89F6A0 68, 15 0, L_0000029DFE8A81C8; 1 drivers
v0000029DFE89F6A0_69 .net/s v0000029DFE89F6A0 69, 15 0, v0000029DFE869D00_0; 1 drivers
v0000029DFE89F6A0_70 .net/s v0000029DFE89F6A0 70, 15 0, v0000029DFE868F40_0; 1 drivers
v0000029DFE89F6A0_71 .net/s v0000029DFE89F6A0 71, 15 0, v0000029DFE86A020_0; 1 drivers
v0000029DFE89F6A0_72 .net/s v0000029DFE89F6A0 72, 15 0, v0000029DFE8727E0_0; 1 drivers
v0000029DFE89F6A0_73 .net/s v0000029DFE89F6A0 73, 15 0, v0000029DFE873500_0; 1 drivers
v0000029DFE89F6A0_74 .net/s v0000029DFE89F6A0 74, 15 0, v0000029DFE8736E0_0; 1 drivers
v0000029DFE89F6A0_75 .net/s v0000029DFE89F6A0 75, 15 0, v0000029DFE872560_0; 1 drivers
v0000029DFE89F6A0_76 .net/s v0000029DFE89F6A0 76, 15 0, v0000029DFE876160_0; 1 drivers
v0000029DFE89F6A0_77 .net/s v0000029DFE89F6A0 77, 15 0, v0000029DFE876520_0; 1 drivers
v0000029DFE89F6A0_78 .net/s v0000029DFE89F6A0 78, 15 0, v0000029DFE8765C0_0; 1 drivers
v0000029DFE89F6A0_79 .net/s v0000029DFE89F6A0 79, 15 0, v0000029DFE877D80_0; 1 drivers
v0000029DFE89F6A0_80 .net/s v0000029DFE89F6A0 80, 15 0, v0000029DFE878780_0; 1 drivers
v0000029DFE89F6A0_81 .net/s v0000029DFE89F6A0 81, 15 0, v0000029DFE878F00_0; 1 drivers
v0000029DFE89F6A0_82 .net/s v0000029DFE89F6A0 82, 15 0, v0000029DFE877920_0; 1 drivers
v0000029DFE89F6A0_83 .net/s v0000029DFE89F6A0 83, 15 0, v0000029DFE894C00_0; 1 drivers
v0000029DFE89F6A0_84 .net/s v0000029DFE89F6A0 84, 15 0, v0000029DFE894340_0; 1 drivers
L_0000029DFE8A8210 .functor BUFT 1, C4<0000000000000000>, C4<0>, C4<0>, C4<0>;
v0000029DFE89F6A0_85 .net/s v0000029DFE89F6A0 85, 15 0, L_0000029DFE8A8210; 1 drivers
v0000029DFE89F6A0_86 .net/s v0000029DFE89F6A0 86, 15 0, v0000029DFE894980_0; 1 drivers
v0000029DFE89F6A0_87 .net/s v0000029DFE89F6A0 87, 15 0, v0000029DFE892B80_0; 1 drivers
v0000029DFE89F6A0_88 .net/s v0000029DFE89F6A0 88, 15 0, v0000029DFE8960A0_0; 1 drivers
v0000029DFE89F6A0_89 .net/s v0000029DFE89F6A0 89, 15 0, v0000029DFE896A00_0; 1 drivers
v0000029DFE89F6A0_90 .net/s v0000029DFE89F6A0 90, 15 0, v0000029DFE895600_0; 1 drivers
v0000029DFE89F6A0_91 .net/s v0000029DFE89F6A0 91, 15 0, v0000029DFE8998E0_0; 1 drivers
v0000029DFE89F6A0_92 .net/s v0000029DFE89F6A0 92, 15 0, v0000029DFE897900_0; 1 drivers
v0000029DFE89F6A0_93 .net/s v0000029DFE89F6A0 93, 15 0, v0000029DFE8986C0_0; 1 drivers
v0000029DFE89F6A0_94 .net/s v0000029DFE89F6A0 94, 15 0, v0000029DFE898080_0; 1 drivers
v0000029DFE89F6A0_95 .net/s v0000029DFE89F6A0 95, 15 0, v0000029DFE89B820_0; 1 drivers
v0000029DFE89F6A0_96 .net/s v0000029DFE89F6A0 96, 15 0, v0000029DFE89C720_0; 1 drivers
v0000029DFE89F6A0_97 .net/s v0000029DFE89F6A0 97, 15 0, v0000029DFE89B000_0; 1 drivers
v0000029DFE89F6A0_98 .net/s v0000029DFE89F6A0 98, 15 0, v0000029DFE89A380_0; 1 drivers
v0000029DFE89F6A0_99 .net/s v0000029DFE89F6A0 99, 15 0, v0000029DFE89D1C0_0; 1 drivers
v0000029DFE89F6A0_100 .net/s v0000029DFE89F6A0 100, 15 0, v0000029DFE89DEE0_0; 1 drivers
v0000029DFE89F6A0_101 .net/s v0000029DFE89F6A0 101, 15 0, v0000029DFE89E0C0_0; 1 drivers
L_0000029DFE89F380 .part v0000029DFE89F1A0_0, 0, 16;
L_0000029DFE890CE0 .part v0000029DFE89F920_0, 0, 16;
L_0000029DFE891460 .part v0000029DFE89F920_0, 16, 16;
L_0000029DFE8904C0 .part v0000029DFE89F920_0, 32, 16;
L_0000029DFE890B00 .part v0000029DFE89F920_0, 48, 16;
L_0000029DFE890BA0 .part v0000029DFE89F920_0, 64, 16;
L_0000029DFE891E60 .part v0000029DFE89F920_0, 80, 16;
L_0000029DFE890F60 .part v0000029DFE89F920_0, 96, 16;
L_0000029DFE890EC0 .part v0000029DFE89F920_0, 112, 16;
L_0000029DFE891FA0 .part v0000029DFE89F920_0, 128, 16;
L_0000029DFE891140 .part v0000029DFE89F920_0, 144, 16;
L_0000029DFE890920 .part v0000029DFE89F920_0, 160, 16;
L_0000029DFE8915A0 .part v0000029DFE89F920_0, 176, 16;
L_0000029DFE892860 .part v0000029DFE89F920_0, 192, 16;
L_0000029DFE891820 .part v0000029DFE89F920_0, 208, 16;
L_0000029DFE890600 .part v0000029DFE89F920_0, 224, 16;
L_0000029DFE891960 .part v0000029DFE89F920_0, 240, 16;
L_0000029DFE909420 .part v0000029DFE89F1A0_0, 16, 16;
L_0000029DFE90A0A0 .part v0000029DFE89F1A0_0, 32, 16;
L_0000029DFE90BA40 .part v0000029DFE89F1A0_0, 48, 16;
L_0000029DFE90EBA0 .part v0000029DFE89F1A0_0, 64, 16;
L_0000029DFE90F140 .part v0000029DFE89F1A0_0, 80, 16;
LS_0000029DFE90F460_0_0 .concat8 [ 16 16 16 16], L_0000029DFE6F4E50, L_0000029DFE730CE0, L_0000029DFE730F10, L_0000029DFE7316F0;
LS_0000029DFE90F460_0_4 .concat8 [ 16 16 0 0], L_0000029DFE731840, L_0000029DFE730AB0;
L_0000029DFE90F460 .concat8 [ 64 32 0 0], LS_0000029DFE90F460_0_0, LS_0000029DFE90F460_0_4;
S_0000029DFE7B7650 .scope generate, "gen_row[0]" "gen_row[0]" 3 22, 3 22 0, S_0000029DFE7B6390;
 .timescale -9 -12;
P_0000029DFE7A6F60 .param/l "r" 1 3 22, +C4<00>;
L_0000029DFE6F4E50 .functor BUFZ 16, v0000029DFE81CA50_0, C4<0000000000000000>, C4<0000000000000000>, C4<0000000000000000>;
v0000029DFE81AED0_0 .net *"_ivl_7", 15 0, L_0000029DFE6F4E50;  1 drivers
S_0000029DFE305450 .scope generate, "gen_col[0]" "gen_col[0]" 3 27, 3 27 0, S_0000029DFE7B7650;
 .timescale -9 -12;
P_0000029DFE7A6620 .param/l "c" 1 3 27, +C4<00>;
S_0000029DFE7BD720 .scope generate, "genblk1" "genblk1" 3 28, 3 28 0, S_0000029DFE305450;
 .timescale -9 -12;
S_0000029DFE7BD8B0 .scope module, "pe_inst" "systolic_pe" 3 32, 4 3 0, S_0000029DFE305450;
 .timescale -9 -12;
    .port_info 0 /INPUT 1 "clk";
    .port_info 1 /INPUT 1 "rst";
    .port_info 2 /INPUT 1 "load_weight";
    .port_info 3 /INPUT 16 "weight_in";
    .port_info 4 /INPUT 16 "in_val_in";
    .port_info 5 /INPUT 16 "acc_in";
    .port_info 6 /OUTPUT 16 "weight_out";
    .port_info 7 /OUTPUT 16 "in_val_out";
    .port_info 8 /OUTPUT 16 "acc_out";
v0000029DFE7B0EB0_0 .net/s "acc_in", 15 0, L_0000029DFE8A80A8;  alias, 1 drivers
v0000029DFE7B0AF0_0 .var/s "acc_out", 15 0;
v0000029DFE7B1130_0 .net "clk", 0 0, v0000029DFE89F9C0_0;  alias, 1 drivers
v0000029DFE7B1310_0 .net/s "in_val_in", 15 0, L_0000029DFE890CE0;  alias, 1 drivers
v0000029DFE7B05F0_0 .var/s "in_val_out", 15 0;
v0000029DFE7B1810_0 .net "load_weight", 0 0, v0000029DFE89FCE0_0;  alias, 1 drivers
v0000029DFE7B07D0_0 .net/s "mac_result", 15 0, v0000029DFE7B13B0_0;  1 drivers
v0000029DFE7B0690_0 .net "rst", 0 0, v0000029DFE89FF60_0;  alias, 1 drivers
v0000029DFE7B0730_0 .var/s "stationary_weight", 15 0;
v0000029DFE7B1450_0 .net/s "weight_in", 15 0, L_0000029DFE89F380;  alias, 1 drivers
v0000029DFE7B14F0_0 .var/s "weight_out", 15 0;
E_0000029DFE7A6960 .event posedge, v0000029DFE7B0690_0, v0000029DFE7B1130_0;
S_0000029DFE2DE250 .scope module, "core_mac" "mac_q4_12" 4 19, 5 1 0, S_0000029DFE7BD8B0;
 .timescale -9 -12;
    .port_info 0 /INPUT 16 "weight";
    .port_info 1 /INPUT 16 "in_val";
    .port_info 2 /INPUT 16 "acc_in";
    .port_info 3 /OUTPUT 16 "acc_out";
v0000029DFE7B1A90_0 .net/s *"_ivl_0", 31 0, L_0000029DFE891BE0;  1 drivers
v0000029DFE7B0190_0 .net/s *"_ivl_2", 31 0, L_0000029DFE8910A0;  1 drivers
v0000029DFE7B09B0_0 .net/s "acc_in", 15 0, L_0000029DFE8A80A8;  alias, 1 drivers
v0000029DFE7B13B0_0 .var/s "acc_out", 15 0;
v0000029DFE7B0370_0 .net/s "in_val", 15 0, L_0000029DFE890CE0;  alias, 1 drivers
v0000029DFE7B1090_0 .net/s "product", 31 0, L_0000029DFE8920E0;  1 drivers
v0000029DFE7B1770_0 .net/s "weight", 15 0, v0000029DFE7B0730_0;  1 drivers
E_0000029DFE7A6E20 .event anyedge, v0000029DFE7B09B0_0, v0000029DFE7B1090_0;
L_0000029DFE891BE0 .extend/s 32, v0000029DFE7B0730_0;
L_0000029DFE8910A0 .extend/s 32, L_0000029DFE890CE0;
L_0000029DFE8920E0 .arith/mult 32, L_0000029DFE891BE0, L_0000029DFE8910A0;
S_0000029DFE2DE3E0 .scope generate, "gen_col[1]" "gen_col[1]" 3 27, 3 27 0, S_0000029DFE7B7650;
 .timescale -9 -12;
P_0000029DFE7A77A0 .param/l "c" 1 3 27, +C4<01>;
S_0000029DFE2DE570 .scope generate, "genblk1" "genblk1" 3 28, 3 28 0, S_0000029DFE2DE3E0;
 .timescale -9 -12;
S_0000029DFE32ECD0 .scope module, "pe_inst" "systolic_pe" 3 32, 4 3 0, S_0000029DFE2DE3E0;
 .timescale -9 -12;
    .port_info 0 /INPUT 1 "clk";
    .port_info 1 /INPUT 1 "rst";
    .port_info 2 /INPUT 1 "load_weight";
    .port_info 3 /INPUT 16 "weight_in";
    .port_info 4 /INPUT 16 "in_val_in";
    .port_info 5 /INPUT 16 "acc_in";
    .port_info 6 /OUTPUT 16 "weight_out";
    .port_info 7 /OUTPUT 16 "in_val_out";
    .port_info 8 /OUTPUT 16 "acc_out";
v0000029DFE7B0910_0 .net/s "acc_in", 15 0, v0000029DFE7B0AF0_0;  alias, 1 drivers
v0000029DFE709480_0 .var/s "acc_out", 15 0;
v0000029DFE7086C0_0 .net "clk", 0 0, v0000029DFE89F9C0_0;  alias, 1 drivers
v0000029DFE708260_0 .net/s "in_val_in", 15 0, L_0000029DFE891460;  alias, 1 drivers
v0000029DFE709700_0 .var/s "in_val_out", 15 0;
v0000029DFE707A40_0 .net "load_weight", 0 0, v0000029DFE89FCE0_0;  alias, 1 drivers
v0000029DFE708A80_0 .net/s "mac_result", 15 0, v0000029DFE7B1BD0_0;  1 drivers
v0000029DFE708BC0_0 .net "rst", 0 0, v0000029DFE89FF60_0;  alias, 1 drivers
v0000029DFE708760_0 .var/s "stationary_weight", 15 0;
v0000029DFE709840_0 .net/s "weight_in", 15 0, v0000029DFE7B14F0_0;  alias, 1 drivers
v0000029DFE7097A0_0 .var/s "weight_out", 15 0;
S_0000029DFE32EE60 .scope module, "core_mac" "mac_q4_12" 4 19, 5 1 0, S_0000029DFE32ECD0;
 .timescale -9 -12;
    .port_info 0 /INPUT 16 "weight";
    .port_info 1 /INPUT 16 "in_val";
    .port_info 2 /INPUT 16 "acc_in";
    .port_info 3 /OUTPUT 16 "acc_out";
v0000029DFE7B1590_0 .net/s *"_ivl_0", 31 0, L_0000029DFE891500;  1 drivers
v0000029DFE7B18B0_0 .net/s *"_ivl_2", 31 0, L_0000029DFE892040;  1 drivers
v0000029DFE7B1DB0_0 .net/s "acc_in", 15 0, v0000029DFE7B0AF0_0;  alias, 1 drivers
v0000029DFE7B1BD0_0 .var/s "acc_out", 15 0;
v0000029DFE7B1950_0 .net/s "in_val", 15 0, L_0000029DFE891460;  alias, 1 drivers
v0000029DFE7B1C70_0 .net/s "product", 31 0, L_0000029DFE891DC0;  1 drivers
v0000029DFE7B1D10_0 .net/s "weight", 15 0, v0000029DFE708760_0;  1 drivers
E_0000029DFE7A85E0 .event anyedge, v0000029DFE7B0AF0_0, v0000029DFE7B1C70_0;
L_0000029DFE891500 .extend/s 32, v0000029DFE708760_0;
L_0000029DFE892040 .extend/s 32, L_0000029DFE891460;
L_0000029DFE891DC0 .arith/mult 32, L_0000029DFE891500, L_0000029DFE892040;
S_0000029DFE32EFF0 .scope generate, "gen_col[2]" "gen_col[2]" 3 27, 3 27 0, S_0000029DFE7B7650;
 .timescale -9 -12;
P_0000029DFE7A8E20 .param/l "c" 1 3 27, +C4<010>;
S_0000029DFE3277A0 .scope generate, "genblk1" "genblk1" 3 28, 3 28 0, S_0000029DFE32EFF0;
 .timescale -9 -12;
S_0000029DFE814100 .scope module, "pe_inst" "systolic_pe" 3 32, 4 3 0, S_0000029DFE32EFF0;
 .timescale -9 -12;
    .port_info 0 /INPUT 1 "clk";
    .port_info 1 /INPUT 1 "rst";
    .port_info 2 /INPUT 1 "load_weight";
    .port_info 3 /INPUT 16 "weight_in";
    .port_info 4 /INPUT 16 "in_val_in";
    .port_info 5 /INPUT 16 "acc_in";
    .port_info 6 /OUTPUT 16 "weight_out";
    .port_info 7 /OUTPUT 16 "in_val_out";
    .port_info 8 /OUTPUT 16 "acc_out";
v0000029DFE708E40_0 .net/s "acc_in", 15 0, v0000029DFE709480_0;  alias, 1 drivers
v0000029DFE7093E0_0 .var/s "acc_out", 15 0;
v0000029DFE7095C0_0 .net "clk", 0 0, v0000029DFE89F9C0_0;  alias, 1 drivers
v0000029DFE708300_0 .net/s "in_val_in", 15 0, L_0000029DFE8904C0;  alias, 1 drivers
v0000029DFE707CC0_0 .var/s "in_val_out", 15 0;
v0000029DFE707D60_0 .net "load_weight", 0 0, v0000029DFE89FCE0_0;  alias, 1 drivers
v0000029DFE707EA0_0 .net/s "mac_result", 15 0, v0000029DFE709340_0;  1 drivers
v0000029DFE7088A0_0 .net "rst", 0 0, v0000029DFE89FF60_0;  alias, 1 drivers
v0000029DFE6A3690_0 .var/s "stationary_weight", 15 0;
v0000029DFE6A28D0_0 .net/s "weight_in", 15 0, v0000029DFE7097A0_0;  alias, 1 drivers
v0000029DFE6A3EB0_0 .var/s "weight_out", 15 0;
S_0000029DFE813AC0 .scope module, "core_mac" "mac_q4_12" 4 19, 5 1 0, S_0000029DFE814100;
 .timescale -9 -12;
    .port_info 0 /INPUT 16 "weight";
    .port_info 1 /INPUT 16 "in_val";
    .port_info 2 /INPUT 16 "acc_in";
    .port_info 3 /OUTPUT 16 "acc_out";
v0000029DFE708C60_0 .net/s *"_ivl_0", 31 0, L_0000029DFE891280;  1 drivers
v0000029DFE7092A0_0 .net/s *"_ivl_2", 31 0, L_0000029DFE8922C0;  1 drivers
v0000029DFE707FE0_0 .net/s "acc_in", 15 0, v0000029DFE709480_0;  alias, 1 drivers
v0000029DFE709340_0 .var/s "acc_out", 15 0;
v0000029DFE708080_0 .net/s "in_val", 15 0, L_0000029DFE8904C0;  alias, 1 drivers
v0000029DFE709020_0 .net/s "product", 31 0, L_0000029DFE890D80;  1 drivers
v0000029DFE708440_0 .net/s "weight", 15 0, v0000029DFE6A3690_0;  1 drivers
E_0000029DFE7A8360 .event anyedge, v0000029DFE709480_0, v0000029DFE709020_0;
L_0000029DFE891280 .extend/s 32, v0000029DFE6A3690_0;
L_0000029DFE8922C0 .extend/s 32, L_0000029DFE8904C0;
L_0000029DFE890D80 .arith/mult 32, L_0000029DFE891280, L_0000029DFE8922C0;
S_0000029DFE813930 .scope generate, "gen_col[3]" "gen_col[3]" 3 27, 3 27 0, S_0000029DFE7B7650;
 .timescale -9 -12;
P_0000029DFE7A83A0 .param/l "c" 1 3 27, +C4<011>;
S_0000029DFE813C50 .scope generate, "genblk1" "genblk1" 3 28, 3 28 0, S_0000029DFE813930;
 .timescale -9 -12;
S_0000029DFE813DE0 .scope module, "pe_inst" "systolic_pe" 3 32, 4 3 0, S_0000029DFE813930;
 .timescale -9 -12;
    .port_info 0 /INPUT 1 "clk";
    .port_info 1 /INPUT 1 "rst";
    .port_info 2 /INPUT 1 "load_weight";
    .port_info 3 /INPUT 16 "weight_in";
    .port_info 4 /INPUT 16 "in_val_in";
    .port_info 5 /INPUT 16 "acc_in";
    .port_info 6 /OUTPUT 16 "weight_out";
    .port_info 7 /OUTPUT 16 "in_val_out";
    .port_info 8 /OUTPUT 16 "acc_out";
v0000029DFE6A2BF0_0 .net/s "acc_in", 15 0, v0000029DFE7093E0_0;  alias, 1 drivers
v0000029DFE6A30F0_0 .var/s "acc_out", 15 0;
v0000029DFE6A4310_0 .net "clk", 0 0, v0000029DFE89F9C0_0;  alias, 1 drivers
v0000029DFE6A37D0_0 .net/s "in_val_in", 15 0, L_0000029DFE890B00;  alias, 1 drivers
v0000029DFE6A2510_0 .var/s "in_val_out", 15 0;
v0000029DFE6A2D30_0 .net "load_weight", 0 0, v0000029DFE89FCE0_0;  alias, 1 drivers
v0000029DFE6A2650_0 .net/s "mac_result", 15 0, v0000029DFE6A3C30_0;  1 drivers
v0000029DFE6A2DD0_0 .net "rst", 0 0, v0000029DFE89FF60_0;  alias, 1 drivers
v0000029DFE6A3190_0 .var/s "stationary_weight", 15 0;
v0000029DFE6A2E70_0 .net/s "weight_in", 15 0, v0000029DFE6A3EB0_0;  alias, 1 drivers
v0000029DFE6A32D0_0 .var/s "weight_out", 15 0;
S_0000029DFE813F70 .scope module, "core_mac" "mac_q4_12" 4 19, 5 1 0, S_0000029DFE813DE0;
 .timescale -9 -12;
    .port_info 0 /INPUT 16 "weight";
    .port_info 1 /INPUT 16 "in_val";
    .port_info 2 /INPUT 16 "acc_in";
    .port_info 3 /OUTPUT 16 "acc_out";
v0000029DFE6A3A50_0 .net/s *"_ivl_0", 31 0, L_0000029DFE890240;  1 drivers
v0000029DFE6A2AB0_0 .net/s *"_ivl_2", 31 0, L_0000029DFE892180;  1 drivers
v0000029DFE6A3550_0 .net/s "acc_in", 15 0, v0000029DFE7093E0_0;  alias, 1 drivers
v0000029DFE6A3C30_0 .var/s "acc_out", 15 0;
v0000029DFE6A3D70_0 .net/s "in_val", 15 0, L_0000029DFE890B00;  alias, 1 drivers
v0000029DFE6A25B0_0 .net/s "product", 31 0, L_0000029DFE890100;  1 drivers
v0000029DFE6A3FF0_0 .net/s "weight", 15 0, v0000029DFE6A3190_0;  1 drivers
E_0000029DFE7A82E0 .event anyedge, v0000029DFE7093E0_0, v0000029DFE6A25B0_0;
L_0000029DFE890240 .extend/s 32, v0000029DFE6A3190_0;
L_0000029DFE892180 .extend/s 32, L_0000029DFE890B00;
L_0000029DFE890100 .arith/mult 32, L_0000029DFE890240, L_0000029DFE892180;
S_0000029DFE814290 .scope generate, "gen_col[4]" "gen_col[4]" 3 27, 3 27 0, S_0000029DFE7B7650;
 .timescale -9 -12;
P_0000029DFE7A8060 .param/l "c" 1 3 27, +C4<0100>;
S_0000029DFE814420 .scope generate, "genblk1" "genblk1" 3 28, 3 28 0, S_0000029DFE814290;
 .timescale -9 -12;
S_0000029DFE8145B0 .scope module, "pe_inst" "systolic_pe" 3 32, 4 3 0, S_0000029DFE814290;
 .timescale -9 -12;
    .port_info 0 /INPUT 1 "clk";
    .port_info 1 /INPUT 1 "rst";
    .port_info 2 /INPUT 1 "load_weight";
    .port_info 3 /INPUT 16 "weight_in";
    .port_info 4 /INPUT 16 "in_val_in";
    .port_info 5 /INPUT 16 "acc_in";
    .port_info 6 /OUTPUT 16 "weight_out";
    .port_info 7 /OUTPUT 16 "in_val_out";
    .port_info 8 /OUTPUT 16 "acc_out";
v0000029DFE6E1910_0 .net/s "acc_in", 15 0, v0000029DFE6A30F0_0;  alias, 1 drivers
v0000029DFE6E1D70_0 .var/s "acc_out", 15 0;
v0000029DFE6E0B50_0 .net "clk", 0 0, v0000029DFE89F9C0_0;  alias, 1 drivers
v0000029DFE6E0DD0_0 .net/s "in_val_in", 15 0, L_0000029DFE890BA0;  alias, 1 drivers
v0000029DFE6E0FB0_0 .var/s "in_val_out", 15 0;
v0000029DFE6E1230_0 .net "load_weight", 0 0, v0000029DFE89FCE0_0;  alias, 1 drivers
v0000029DFE6E12D0_0 .net/s "mac_result", 15 0, v0000029DFE6E2130_0;  1 drivers
v0000029DFE6E14B0_0 .net "rst", 0 0, v0000029DFE89FF60_0;  alias, 1 drivers
v0000029DFE6E1550_0 .var/s "stationary_weight", 15 0;
v0000029DFE6E1C30_0 .net/s "weight_in", 15 0, v0000029DFE6A32D0_0;  alias, 1 drivers
v0000029DFE6E15F0_0 .var/s "weight_out", 15 0;
S_0000029DFE8137A0 .scope module, "core_mac" "mac_q4_12" 4 19, 5 1 0, S_0000029DFE8145B0;
 .timescale -9 -12;
    .port_info 0 /INPUT 16 "weight";
    .port_info 1 /INPUT 16 "in_val";
    .port_info 2 /INPUT 16 "acc_in";
    .port_info 3 /OUTPUT 16 "acc_out";
v0000029DFE6A3410_0 .net/s *"_ivl_0", 31 0, L_0000029DFE891B40;  1 drivers
v0000029DFE6A34B0_0 .net/s *"_ivl_2", 31 0, L_0000029DFE890880;  1 drivers
v0000029DFE6A35F0_0 .net/s "acc_in", 15 0, v0000029DFE6A30F0_0;  alias, 1 drivers
v0000029DFE6E2130_0 .var/s "acc_out", 15 0;
v0000029DFE6E0790_0 .net/s "in_val", 15 0, L_0000029DFE890BA0;  alias, 1 drivers
v0000029DFE6E10F0_0 .net/s "product", 31 0, L_0000029DFE890A60;  1 drivers
v0000029DFE6E1AF0_0 .net/s "weight", 15 0, v0000029DFE6E1550_0;  1 drivers
E_0000029DFE7A87A0 .event anyedge, v0000029DFE6A30F0_0, v0000029DFE6E10F0_0;
L_0000029DFE891B40 .extend/s 32, v0000029DFE6E1550_0;
L_0000029DFE890880 .extend/s 32, L_0000029DFE890BA0;
L_0000029DFE890A60 .arith/mult 32, L_0000029DFE891B40, L_0000029DFE890880;
S_0000029DFE817C10 .scope generate, "gen_col[5]" "gen_col[5]" 3 27, 3 27 0, S_0000029DFE7B7650;
 .timescale -9 -12;
P_0000029DFE7A89E0 .param/l "c" 1 3 27, +C4<0101>;
S_0000029DFE8167C0 .scope generate, "genblk1" "genblk1" 3 28, 3 28 0, S_0000029DFE817C10;
 .timescale -9 -12;
S_0000029DFE817A80 .scope module, "pe_inst" "systolic_pe" 3 32, 4 3 0, S_0000029DFE817C10;
 .timescale -9 -12;
    .port_info 0 /INPUT 1 "clk";
    .port_info 1 /INPUT 1 "rst";
    .port_info 2 /INPUT 1 "load_weight";
    .port_info 3 /INPUT 16 "weight_in";
    .port_info 4 /INPUT 16 "in_val_in";
    .port_info 5 /INPUT 16 "acc_in";
    .port_info 6 /OUTPUT 16 "weight_out";
    .port_info 7 /OUTPUT 16 "in_val_out";
    .port_info 8 /OUTPUT 16 "acc_out";
v0000029DFE6E23B0_0 .net/s "acc_in", 15 0, v0000029DFE6E1D70_0;  alias, 1 drivers
v0000029DFE6E05B0_0 .var/s "acc_out", 15 0;
v0000029DFE74E380_0 .net "clk", 0 0, v0000029DFE89F9C0_0;  alias, 1 drivers
v0000029DFE74E880_0 .net/s "in_val_in", 15 0, L_0000029DFE891E60;  alias, 1 drivers
v0000029DFE74F1E0_0 .var/s "in_val_out", 15 0;
v0000029DFE74F0A0_0 .net "load_weight", 0 0, v0000029DFE89FCE0_0;  alias, 1 drivers
v0000029DFE74E060_0 .net/s "mac_result", 15 0, v0000029DFE6E1EB0_0;  1 drivers
v0000029DFE74F280_0 .net "rst", 0 0, v0000029DFE89FF60_0;  alias, 1 drivers
v0000029DFE74E1A0_0 .var/s "stationary_weight", 15 0;
v0000029DFE74E240_0 .net/s "weight_in", 15 0, v0000029DFE6E15F0_0;  alias, 1 drivers
v0000029DFE74F460_0 .var/s "weight_out", 15 0;
S_0000029DFE8180C0 .scope module, "core_mac" "mac_q4_12" 4 19, 5 1 0, S_0000029DFE817A80;
 .timescale -9 -12;
    .port_info 0 /INPUT 16 "weight";
    .port_info 1 /INPUT 16 "in_val";
    .port_info 2 /INPUT 16 "acc_in";
    .port_info 3 /OUTPUT 16 "acc_out";
v0000029DFE6E1FF0_0 .net/s *"_ivl_0", 31 0, L_0000029DFE891000;  1 drivers
v0000029DFE6E17D0_0 .net/s *"_ivl_2", 31 0, L_0000029DFE892220;  1 drivers
v0000029DFE6E1870_0 .net/s "acc_in", 15 0, v0000029DFE6E1D70_0;  alias, 1 drivers
v0000029DFE6E1EB0_0 .var/s "acc_out", 15 0;
v0000029DFE6E2090_0 .net/s "in_val", 15 0, L_0000029DFE891E60;  alias, 1 drivers
v0000029DFE6E21D0_0 .net/s "product", 31 0, L_0000029DFE892720;  1 drivers
v0000029DFE6E2270_0 .net/s "weight", 15 0, v0000029DFE74E1A0_0;  1 drivers
E_0000029DFE7A80E0 .event anyedge, v0000029DFE6E1D70_0, v0000029DFE6E21D0_0;
L_0000029DFE891000 .extend/s 32, v0000029DFE74E1A0_0;
L_0000029DFE892220 .extend/s 32, L_0000029DFE891E60;
L_0000029DFE892720 .arith/mult 32, L_0000029DFE891000, L_0000029DFE892220;
S_0000029DFE816C70 .scope generate, "gen_col[6]" "gen_col[6]" 3 27, 3 27 0, S_0000029DFE7B7650;
 .timescale -9 -12;
P_0000029DFE7A8160 .param/l "c" 1 3 27, +C4<0110>;
S_0000029DFE817440 .scope generate, "genblk1" "genblk1" 3 28, 3 28 0, S_0000029DFE816C70;
 .timescale -9 -12;
S_0000029DFE818250 .scope module, "pe_inst" "systolic_pe" 3 32, 4 3 0, S_0000029DFE816C70;
 .timescale -9 -12;
    .port_info 0 /INPUT 1 "clk";
    .port_info 1 /INPUT 1 "rst";
    .port_info 2 /INPUT 1 "load_weight";
    .port_info 3 /INPUT 16 "weight_in";
    .port_info 4 /INPUT 16 "in_val_in";
    .port_info 5 /INPUT 16 "acc_in";
    .port_info 6 /OUTPUT 16 "weight_out";
    .port_info 7 /OUTPUT 16 "in_val_out";
    .port_info 8 /OUTPUT 16 "acc_out";
v0000029DFE74FA00_0 .net/s "acc_in", 15 0, v0000029DFE6E05B0_0;  alias, 1 drivers
v0000029DFE74FC80_0 .var/s "acc_out", 15 0;
v0000029DFE74EA60_0 .net "clk", 0 0, v0000029DFE89F9C0_0;  alias, 1 drivers
v0000029DFE74EE20_0 .net/s "in_val_in", 15 0, L_0000029DFE890F60;  alias, 1 drivers
v0000029DFE74FB40_0 .var/s "in_val_out", 15 0;
v0000029DFE74FAA0_0 .net "load_weight", 0 0, v0000029DFE89FCE0_0;  alias, 1 drivers
v0000029DFE74FD20_0 .net/s "mac_result", 15 0, v0000029DFE74EBA0_0;  1 drivers
v0000029DFE74E420_0 .net "rst", 0 0, v0000029DFE89FF60_0;  alias, 1 drivers
v0000029DFE731AC0_0 .var/s "stationary_weight", 15 0;
v0000029DFE731F20_0 .net/s "weight_in", 15 0, v0000029DFE74F460_0;  alias, 1 drivers
v0000029DFE732EC0_0 .var/s "weight_out", 15 0;
S_0000029DFE8172B0 .scope module, "core_mac" "mac_q4_12" 4 19, 5 1 0, S_0000029DFE818250;
 .timescale -9 -12;
    .port_info 0 /INPUT 16 "weight";
    .port_info 1 /INPUT 16 "in_val";
    .port_info 2 /INPUT 16 "acc_in";
    .port_info 3 /OUTPUT 16 "acc_out";
v0000029DFE74F5A0_0 .net/s *"_ivl_0", 31 0, L_0000029DFE8906A0;  1 drivers
v0000029DFE74E920_0 .net/s *"_ivl_2", 31 0, L_0000029DFE8911E0;  1 drivers
v0000029DFE74E9C0_0 .net/s "acc_in", 15 0, v0000029DFE6E05B0_0;  alias, 1 drivers
v0000029DFE74EBA0_0 .var/s "acc_out", 15 0;
v0000029DFE74F820_0 .net/s "in_val", 15 0, L_0000029DFE890F60;  alias, 1 drivers
v0000029DFE74E600_0 .net/s "product", 31 0, L_0000029DFE891C80;  1 drivers
v0000029DFE74ED80_0 .net/s "weight", 15 0, v0000029DFE731AC0_0;  1 drivers
E_0000029DFE7A8F60 .event anyedge, v0000029DFE6E05B0_0, v0000029DFE74E600_0;
L_0000029DFE8906A0 .extend/s 32, v0000029DFE731AC0_0;
L_0000029DFE8911E0 .extend/s 32, L_0000029DFE890F60;
L_0000029DFE891C80 .arith/mult 32, L_0000029DFE8906A0, L_0000029DFE8911E0;
S_0000029DFE8175D0 .scope generate, "gen_col[7]" "gen_col[7]" 3 27, 3 27 0, S_0000029DFE7B7650;
 .timescale -9 -12;
P_0000029DFE7A8BA0 .param/l "c" 1 3 27, +C4<0111>;
S_0000029DFE817DA0 .scope generate, "genblk1" "genblk1" 3 28, 3 28 0, S_0000029DFE8175D0;
 .timescale -9 -12;
S_0000029DFE816F90 .scope module, "pe_inst" "systolic_pe" 3 32, 4 3 0, S_0000029DFE8175D0;
 .timescale -9 -12;
    .port_info 0 /INPUT 1 "clk";
    .port_info 1 /INPUT 1 "rst";
    .port_info 2 /INPUT 1 "load_weight";
    .port_info 3 /INPUT 16 "weight_in";
    .port_info 4 /INPUT 16 "in_val_in";
    .port_info 5 /INPUT 16 "acc_in";
    .port_info 6 /OUTPUT 16 "weight_out";
    .port_info 7 /OUTPUT 16 "in_val_out";
    .port_info 8 /OUTPUT 16 "acc_out";
v0000029DFE732600_0 .net/s "acc_in", 15 0, v0000029DFE74FC80_0;  alias, 1 drivers
v0000029DFE732880_0 .var/s "acc_out", 15 0;
v0000029DFE732920_0 .net "clk", 0 0, v0000029DFE89F9C0_0;  alias, 1 drivers
v0000029DFE732BA0_0 .net/s "in_val_in", 15 0, L_0000029DFE890EC0;  alias, 1 drivers
v0000029DFE732F60_0 .var/s "in_val_out", 15 0;
v0000029DFE732100_0 .net "load_weight", 0 0, v0000029DFE89FCE0_0;  alias, 1 drivers
v0000029DFE7331E0_0 .net/s "mac_result", 15 0, v0000029DFE7321A0_0;  1 drivers
v0000029DFE733000_0 .net "rst", 0 0, v0000029DFE89FF60_0;  alias, 1 drivers
v0000029DFE733280_0 .var/s "stationary_weight", 15 0;
v0000029DFE731B60_0 .net/s "weight_in", 15 0, v0000029DFE732EC0_0;  alias, 1 drivers
v0000029DFE7335A0_0 .var/s "weight_out", 15 0;
S_0000029DFE816E00 .scope module, "core_mac" "mac_q4_12" 4 19, 5 1 0, S_0000029DFE816F90;
 .timescale -9 -12;
    .port_info 0 /INPUT 16 "weight";
    .port_info 1 /INPUT 16 "in_val";
    .port_info 2 /INPUT 16 "acc_in";
    .port_info 3 /OUTPUT 16 "acc_out";
v0000029DFE731E80_0 .net/s *"_ivl_0", 31 0, L_0000029DFE892400;  1 drivers
v0000029DFE732380_0 .net/s *"_ivl_2", 31 0, L_0000029DFE8913C0;  1 drivers
v0000029DFE733500_0 .net/s "acc_in", 15 0, v0000029DFE74FC80_0;  alias, 1 drivers
v0000029DFE7321A0_0 .var/s "acc_out", 15 0;
v0000029DFE732420_0 .net/s "in_val", 15 0, L_0000029DFE890EC0;  alias, 1 drivers
v0000029DFE731FC0_0 .net/s "product", 31 0, L_0000029DFE892360;  1 drivers
v0000029DFE732A60_0 .net/s "weight", 15 0, v0000029DFE733280_0;  1 drivers
E_0000029DFE7A8C60 .event anyedge, v0000029DFE74FC80_0, v0000029DFE731FC0_0;
L_0000029DFE892400 .extend/s 32, v0000029DFE733280_0;
L_0000029DFE8913C0 .extend/s 32, L_0000029DFE890EC0;
L_0000029DFE892360 .arith/mult 32, L_0000029DFE892400, L_0000029DFE8913C0;
S_0000029DFE817F30 .scope generate, "gen_col[8]" "gen_col[8]" 3 27, 3 27 0, S_0000029DFE7B7650;
 .timescale -9 -12;
P_0000029DFE7A83E0 .param/l "c" 1 3 27, +C4<01000>;
S_0000029DFE817120 .scope generate, "genblk1" "genblk1" 3 28, 3 28 0, S_0000029DFE817F30;
 .timescale -9 -12;
S_0000029DFE8183E0 .scope module, "pe_inst" "systolic_pe" 3 32, 4 3 0, S_0000029DFE817F30;
 .timescale -9 -12;
    .port_info 0 /INPUT 1 "clk";
    .port_info 1 /INPUT 1 "rst";
    .port_info 2 /INPUT 1 "load_weight";
    .port_info 3 /INPUT 16 "weight_in";
    .port_info 4 /INPUT 16 "in_val_in";
    .port_info 5 /INPUT 16 "acc_in";
    .port_info 6 /OUTPUT 16 "weight_out";
    .port_info 7 /OUTPUT 16 "in_val_out";
    .port_info 8 /OUTPUT 16 "acc_out";
v0000029DFE6823C0_0 .net/s "acc_in", 15 0, v0000029DFE732880_0;  alias, 1 drivers
v0000029DFE683400_0 .var/s "acc_out", 15 0;
v0000029DFE6834A0_0 .net "clk", 0 0, v0000029DFE89F9C0_0;  alias, 1 drivers
v0000029DFE683B80_0 .net/s "in_val_in", 15 0, L_0000029DFE891FA0;  alias, 1 drivers
v0000029DFE682140_0 .var/s "in_val_out", 15 0;
v0000029DFE683C20_0 .net "load_weight", 0 0, v0000029DFE89FCE0_0;  alias, 1 drivers
v0000029DFE683720_0 .net/s "mac_result", 15 0, v0000029DFE682780_0;  1 drivers
v0000029DFE6839A0_0 .net "rst", 0 0, v0000029DFE89FF60_0;  alias, 1 drivers
v0000029DFE683A40_0 .var/s "stationary_weight", 15 0;
v0000029DFE683E00_0 .net/s "weight_in", 15 0, v0000029DFE7335A0_0;  alias, 1 drivers
v0000029DFE682000_0 .var/s "weight_out", 15 0;
S_0000029DFE817760 .scope module, "core_mac" "mac_q4_12" 4 19, 5 1 0, S_0000029DFE8183E0;
 .timescale -9 -12;
    .port_info 0 /INPUT 16 "weight";
    .port_info 1 /INPUT 16 "in_val";
    .port_info 2 /INPUT 16 "acc_in";
    .port_info 3 /OUTPUT 16 "acc_out";
v0000029DFE733960_0 .net/s *"_ivl_0", 31 0, L_0000029DFE8924A0;  1 drivers
v0000029DFE731CA0_0 .net/s *"_ivl_2", 31 0, L_0000029DFE892540;  1 drivers
v0000029DFE6837C0_0 .net/s "acc_in", 15 0, v0000029DFE732880_0;  alias, 1 drivers
v0000029DFE682780_0 .var/s "acc_out", 15 0;
v0000029DFE683180_0 .net/s "in_val", 15 0, L_0000029DFE891FA0;  alias, 1 drivers
v0000029DFE683680_0 .net/s "product", 31 0, L_0000029DFE8901A0;  1 drivers
v0000029DFE683900_0 .net/s "weight", 15 0, v0000029DFE683A40_0;  1 drivers
E_0000029DFE7A8420 .event anyedge, v0000029DFE732880_0, v0000029DFE683680_0;
L_0000029DFE8924A0 .extend/s 32, v0000029DFE683A40_0;
L_0000029DFE892540 .extend/s 32, L_0000029DFE891FA0;
L_0000029DFE8901A0 .arith/mult 32, L_0000029DFE8924A0, L_0000029DFE892540;
S_0000029DFE8178F0 .scope generate, "gen_col[9]" "gen_col[9]" 3 27, 3 27 0, S_0000029DFE7B7650;
 .timescale -9 -12;
P_0000029DFE7A8460 .param/l "c" 1 3 27, +C4<01001>;
S_0000029DFE818570 .scope generate, "genblk1" "genblk1" 3 28, 3 28 0, S_0000029DFE8178F0;
 .timescale -9 -12;
S_0000029DFE816950 .scope module, "pe_inst" "systolic_pe" 3 32, 4 3 0, S_0000029DFE8178F0;
 .timescale -9 -12;
    .port_info 0 /INPUT 1 "clk";
    .port_info 1 /INPUT 1 "rst";
    .port_info 2 /INPUT 1 "load_weight";
    .port_info 3 /INPUT 16 "weight_in";
    .port_info 4 /INPUT 16 "in_val_in";
    .port_info 5 /INPUT 16 "acc_in";
    .port_info 6 /OUTPUT 16 "weight_out";
    .port_info 7 /OUTPUT 16 "in_val_out";
    .port_info 8 /OUTPUT 16 "acc_out";
v0000029DFE654EB0_0 .net/s "acc_in", 15 0, v0000029DFE683400_0;  alias, 1 drivers
v0000029DFE653BF0_0 .var/s "acc_out", 15 0;
v0000029DFE655090_0 .net "clk", 0 0, v0000029DFE89F9C0_0;  alias, 1 drivers
v0000029DFE6542D0_0 .net/s "in_val_in", 15 0, L_0000029DFE891140;  alias, 1 drivers
v0000029DFE653E70_0 .var/s "in_val_out", 15 0;
v0000029DFE655590_0 .net "load_weight", 0 0, v0000029DFE89FCE0_0;  alias, 1 drivers
v0000029DFE6549B0_0 .net/s "mac_result", 15 0, v0000029DFE6820A0_0;  1 drivers
v0000029DFE654730_0 .net "rst", 0 0, v0000029DFE89FF60_0;  alias, 1 drivers
v0000029DFE654F50_0 .var/s "stationary_weight", 15 0;
v0000029DFE653FB0_0 .net/s "weight_in", 15 0, v0000029DFE682000_0;  alias, 1 drivers
v0000029DFE654370_0 .var/s "weight_out", 15 0;
S_0000029DFE816AE0 .scope module, "core_mac" "mac_q4_12" 4 19, 5 1 0, S_0000029DFE816950;
 .timescale -9 -12;
    .port_info 0 /INPUT 16 "weight";
    .port_info 1 /INPUT 16 "in_val";
    .port_info 2 /INPUT 16 "acc_in";
    .port_info 3 /OUTPUT 16 "acc_out";
v0000029DFE682280_0 .net/s *"_ivl_0", 31 0, L_0000029DFE891D20;  1 drivers
v0000029DFE682E60_0 .net/s *"_ivl_2", 31 0, L_0000029DFE890C40;  1 drivers
v0000029DFE682A00_0 .net/s "acc_in", 15 0, v0000029DFE683400_0;  alias, 1 drivers
v0000029DFE6820A0_0 .var/s "acc_out", 15 0;
v0000029DFE682820_0 .net/s "in_val", 15 0, L_0000029DFE891140;  alias, 1 drivers
v0000029DFE682BE0_0 .net/s "product", 31 0, L_0000029DFE891A00;  1 drivers
v0000029DFE654B90_0 .net/s "weight", 15 0, v0000029DFE654F50_0;  1 drivers
E_0000029DFE7A8A60 .event anyedge, v0000029DFE683400_0, v0000029DFE682BE0_0;
L_0000029DFE891D20 .extend/s 32, v0000029DFE654F50_0;
L_0000029DFE890C40 .extend/s 32, L_0000029DFE891140;
L_0000029DFE891A00 .arith/mult 32, L_0000029DFE891D20, L_0000029DFE890C40;
S_0000029DFE819C20 .scope generate, "gen_col[10]" "gen_col[10]" 3 27, 3 27 0, S_0000029DFE7B7650;
 .timescale -9 -12;
P_0000029DFE7A87E0 .param/l "c" 1 3 27, +C4<01010>;
S_0000029DFE81A0D0 .scope generate, "genblk1" "genblk1" 3 28, 3 28 0, S_0000029DFE819C20;
 .timescale -9 -12;
S_0000029DFE818E10 .scope module, "pe_inst" "systolic_pe" 3 32, 4 3 0, S_0000029DFE819C20;
 .timescale -9 -12;
    .port_info 0 /INPUT 1 "clk";
    .port_info 1 /INPUT 1 "rst";
    .port_info 2 /INPUT 1 "load_weight";
    .port_info 3 /INPUT 16 "weight_in";
    .port_info 4 /INPUT 16 "in_val_in";
    .port_info 5 /INPUT 16 "acc_in";
    .port_info 6 /OUTPUT 16 "weight_out";
    .port_info 7 /OUTPUT 16 "in_val_out";
    .port_info 8 /OUTPUT 16 "acc_out";
v0000029DFE653B50_0 .net/s "acc_in", 15 0, v0000029DFE653BF0_0;  alias, 1 drivers
v0000029DFE648650_0 .var/s "acc_out", 15 0;
v0000029DFE648790_0 .net "clk", 0 0, v0000029DFE89F9C0_0;  alias, 1 drivers
v0000029DFE647CF0_0 .net/s "in_val_in", 15 0, L_0000029DFE890920;  alias, 1 drivers
v0000029DFE647D90_0 .var/s "in_val_out", 15 0;
v0000029DFE647B10_0 .net "load_weight", 0 0, v0000029DFE89FCE0_0;  alias, 1 drivers
v0000029DFE647ED0_0 .net/s "mac_result", 15 0, v0000029DFE655450_0;  1 drivers
v0000029DFE81D630_0 .net "rst", 0 0, v0000029DFE89FF60_0;  alias, 1 drivers
v0000029DFE81D090_0 .var/s "stationary_weight", 15 0;
v0000029DFE81D4F0_0 .net/s "weight_in", 15 0, v0000029DFE654370_0;  alias, 1 drivers
v0000029DFE81E350_0 .var/s "weight_out", 15 0;
S_0000029DFE818FA0 .scope module, "core_mac" "mac_q4_12" 4 19, 5 1 0, S_0000029DFE818E10;
 .timescale -9 -12;
    .port_info 0 /INPUT 16 "weight";
    .port_info 1 /INPUT 16 "in_val";
    .port_info 2 /INPUT 16 "acc_in";
    .port_info 3 /OUTPUT 16 "acc_out";
v0000029DFE654550_0 .net/s *"_ivl_0", 31 0, L_0000029DFE890560;  1 drivers
v0000029DFE654D70_0 .net/s *"_ivl_2", 31 0, L_0000029DFE8925E0;  1 drivers
v0000029DFE6551D0_0 .net/s "acc_in", 15 0, v0000029DFE653BF0_0;  alias, 1 drivers
v0000029DFE655450_0 .var/s "acc_out", 15 0;
v0000029DFE6545F0_0 .net/s "in_val", 15 0, L_0000029DFE890920;  alias, 1 drivers
v0000029DFE655630_0 .net/s "product", 31 0, L_0000029DFE890E20;  1 drivers
v0000029DFE655950_0 .net/s "weight", 15 0, v0000029DFE81D090_0;  1 drivers
E_0000029DFE7A8CA0 .event anyedge, v0000029DFE653BF0_0, v0000029DFE655630_0;
L_0000029DFE890560 .extend/s 32, v0000029DFE81D090_0;
L_0000029DFE8925E0 .extend/s 32, L_0000029DFE890920;
L_0000029DFE890E20 .arith/mult 32, L_0000029DFE890560, L_0000029DFE8925E0;
S_0000029DFE819130 .scope generate, "gen_col[11]" "gen_col[11]" 3 27, 3 27 0, S_0000029DFE7B7650;
 .timescale -9 -12;
P_0000029DFE7A8760 .param/l "c" 1 3 27, +C4<01011>;
S_0000029DFE8192C0 .scope generate, "genblk1" "genblk1" 3 28, 3 28 0, S_0000029DFE819130;
 .timescale -9 -12;
S_0000029DFE819450 .scope module, "pe_inst" "systolic_pe" 3 32, 4 3 0, S_0000029DFE819130;
 .timescale -9 -12;
    .port_info 0 /INPUT 1 "clk";
    .port_info 1 /INPUT 1 "rst";
    .port_info 2 /INPUT 1 "load_weight";
    .port_info 3 /INPUT 16 "weight_in";
    .port_info 4 /INPUT 16 "in_val_in";
    .port_info 5 /INPUT 16 "acc_in";
    .port_info 6 /OUTPUT 16 "weight_out";
    .port_info 7 /OUTPUT 16 "in_val_out";
    .port_info 8 /OUTPUT 16 "acc_out";
v0000029DFE81E170_0 .net/s "acc_in", 15 0, v0000029DFE648650_0;  alias, 1 drivers
v0000029DFE81D1D0_0 .var/s "acc_out", 15 0;
v0000029DFE81DBD0_0 .net "clk", 0 0, v0000029DFE89F9C0_0;  alias, 1 drivers
v0000029DFE81D450_0 .net/s "in_val_in", 15 0, L_0000029DFE8915A0;  alias, 1 drivers
v0000029DFE81DD10_0 .var/s "in_val_out", 15 0;
v0000029DFE81D8B0_0 .net "load_weight", 0 0, v0000029DFE89FCE0_0;  alias, 1 drivers
v0000029DFE81D590_0 .net/s "mac_result", 15 0, v0000029DFE81D130_0;  1 drivers
v0000029DFE81E210_0 .net "rst", 0 0, v0000029DFE89FF60_0;  alias, 1 drivers
v0000029DFE81D270_0 .var/s "stationary_weight", 15 0;
v0000029DFE81D9F0_0 .net/s "weight_in", 15 0, v0000029DFE81E350_0;  alias, 1 drivers
v0000029DFE81D6D0_0 .var/s "weight_out", 15 0;
S_0000029DFE81A260 .scope module, "core_mac" "mac_q4_12" 4 19, 5 1 0, S_0000029DFE819450;
 .timescale -9 -12;
    .port_info 0 /INPUT 16 "weight";
    .port_info 1 /INPUT 16 "in_val";
    .port_info 2 /INPUT 16 "acc_in";
    .port_info 3 /OUTPUT 16 "acc_out";
v0000029DFE81E0D0_0 .net/s *"_ivl_0", 31 0, L_0000029DFE892680;  1 drivers
v0000029DFE81E2B0_0 .net/s *"_ivl_2", 31 0, L_0000029DFE891320;  1 drivers
v0000029DFE81E3F0_0 .net/s "acc_in", 15 0, v0000029DFE648650_0;  alias, 1 drivers
v0000029DFE81D130_0 .var/s "acc_out", 15 0;
v0000029DFE81D810_0 .net/s "in_val", 15 0, L_0000029DFE8915A0;  alias, 1 drivers
v0000029DFE81DC70_0 .net/s "product", 31 0, L_0000029DFE8927C0;  1 drivers
v0000029DFE81E490_0 .net/s "weight", 15 0, v0000029DFE81D270_0;  1 drivers
E_0000029DFE7A81A0 .event anyedge, v0000029DFE648650_0, v0000029DFE81DC70_0;
L_0000029DFE892680 .extend/s 32, v0000029DFE81D270_0;
L_0000029DFE891320 .extend/s 32, L_0000029DFE8915A0;
L_0000029DFE8927C0 .arith/mult 32, L_0000029DFE892680, L_0000029DFE891320;
S_0000029DFE819A90 .scope generate, "gen_col[12]" "gen_col[12]" 3 27, 3 27 0, S_0000029DFE7B7650;
 .timescale -9 -12;
P_0000029DFE7A8CE0 .param/l "c" 1 3 27, +C4<01100>;
S_0000029DFE819DB0 .scope generate, "genblk1" "genblk1" 3 28, 3 28 0, S_0000029DFE819A90;
 .timescale -9 -12;
S_0000029DFE819900 .scope module, "pe_inst" "systolic_pe" 3 32, 4 3 0, S_0000029DFE819A90;
 .timescale -9 -12;
    .port_info 0 /INPUT 1 "clk";
    .port_info 1 /INPUT 1 "rst";
    .port_info 2 /INPUT 1 "load_weight";
    .port_info 3 /INPUT 16 "weight_in";
    .port_info 4 /INPUT 16 "in_val_in";
    .port_info 5 /INPUT 16 "acc_in";
    .port_info 6 /OUTPUT 16 "weight_out";
    .port_info 7 /OUTPUT 16 "in_val_out";
    .port_info 8 /OUTPUT 16 "acc_out";
v0000029DFE81DA90_0 .net/s "acc_in", 15 0, v0000029DFE81D1D0_0;  alias, 1 drivers
v0000029DFE81DB30_0 .var/s "acc_out", 15 0;
v0000029DFE81DE50_0 .net "clk", 0 0, v0000029DFE89F9C0_0;  alias, 1 drivers
v0000029DFE81DEF0_0 .net/s "in_val_in", 15 0, L_0000029DFE892860;  alias, 1 drivers
v0000029DFE81DF90_0 .var/s "in_val_out", 15 0;
v0000029DFE81E030_0 .net "load_weight", 0 0, v0000029DFE89FCE0_0;  alias, 1 drivers
v0000029DFE81E670_0 .net/s "mac_result", 15 0, v0000029DFE81D310_0;  1 drivers
v0000029DFE81CFF0_0 .net "rst", 0 0, v0000029DFE89FF60_0;  alias, 1 drivers
v0000029DFE81B290_0 .var/s "stationary_weight", 15 0;
v0000029DFE81C0F0_0 .net/s "weight_in", 15 0, v0000029DFE81D6D0_0;  alias, 1 drivers
v0000029DFE81A890_0 .var/s "weight_out", 15 0;
S_0000029DFE818960 .scope module, "core_mac" "mac_q4_12" 4 19, 5 1 0, S_0000029DFE819900;
 .timescale -9 -12;
    .port_info 0 /INPUT 16 "weight";
    .port_info 1 /INPUT 16 "in_val";
    .port_info 2 /INPUT 16 "acc_in";
    .port_info 3 /OUTPUT 16 "acc_out";
v0000029DFE81E530_0 .net/s *"_ivl_0", 31 0, L_0000029DFE8902E0;  1 drivers
v0000029DFE81D770_0 .net/s *"_ivl_2", 31 0, L_0000029DFE891640;  1 drivers
v0000029DFE81DDB0_0 .net/s "acc_in", 15 0, v0000029DFE81D1D0_0;  alias, 1 drivers
v0000029DFE81D310_0 .var/s "acc_out", 15 0;
v0000029DFE81D950_0 .net/s "in_val", 15 0, L_0000029DFE892860;  alias, 1 drivers
v0000029DFE81E5D0_0 .net/s "product", 31 0, L_0000029DFE891F00;  1 drivers
v0000029DFE81D3B0_0 .net/s "weight", 15 0, v0000029DFE81B290_0;  1 drivers
E_0000029DFE7A8BE0 .event anyedge, v0000029DFE81D1D0_0, v0000029DFE81E5D0_0;
L_0000029DFE8902E0 .extend/s 32, v0000029DFE81B290_0;
L_0000029DFE891640 .extend/s 32, L_0000029DFE892860;
L_0000029DFE891F00 .arith/mult 32, L_0000029DFE8902E0, L_0000029DFE891640;
S_0000029DFE81A3F0 .scope generate, "gen_col[13]" "gen_col[13]" 3 27, 3 27 0, S_0000029DFE7B7650;
 .timescale -9 -12;
P_0000029DFE7A82A0 .param/l "c" 1 3 27, +C4<01101>;
S_0000029DFE8195E0 .scope generate, "genblk1" "genblk1" 3 28, 3 28 0, S_0000029DFE81A3F0;
 .timescale -9 -12;
S_0000029DFE819770 .scope module, "pe_inst" "systolic_pe" 3 32, 4 3 0, S_0000029DFE81A3F0;
 .timescale -9 -12;
    .port_info 0 /INPUT 1 "clk";
    .port_info 1 /INPUT 1 "rst";
    .port_info 2 /INPUT 1 "load_weight";
    .port_info 3 /INPUT 16 "weight_in";
    .port_info 4 /INPUT 16 "in_val_in";
    .port_info 5 /INPUT 16 "acc_in";
    .port_info 6 /OUTPUT 16 "weight_out";
    .port_info 7 /OUTPUT 16 "in_val_out";
    .port_info 8 /OUTPUT 16 "acc_out";
v0000029DFE81C230_0 .net/s "acc_in", 15 0, v0000029DFE81DB30_0;  alias, 1 drivers
v0000029DFE81B150_0 .var/s "acc_out", 15 0;
v0000029DFE81A9D0_0 .net "clk", 0 0, v0000029DFE89F9C0_0;  alias, 1 drivers
v0000029DFE81C410_0 .net/s "in_val_in", 15 0, L_0000029DFE891820;  alias, 1 drivers
v0000029DFE81AA70_0 .var/s "in_val_out", 15 0;
v0000029DFE81A7F0_0 .net "load_weight", 0 0, v0000029DFE89FCE0_0;  alias, 1 drivers
v0000029DFE81C4B0_0 .net/s "mac_result", 15 0, v0000029DFE81C190_0;  1 drivers
v0000029DFE81C730_0 .net "rst", 0 0, v0000029DFE89FF60_0;  alias, 1 drivers
v0000029DFE81AB10_0 .var/s "stationary_weight", 15 0;
v0000029DFE81C550_0 .net/s "weight_in", 15 0, v0000029DFE81A890_0;  alias, 1 drivers
v0000029DFE81ACF0_0 .var/s "weight_out", 15 0;
S_0000029DFE819F40 .scope module, "core_mac" "mac_q4_12" 4 19, 5 1 0, S_0000029DFE819770;
 .timescale -9 -12;
    .port_info 0 /INPUT 16 "weight";
    .port_info 1 /INPUT 16 "in_val";
    .port_info 2 /INPUT 16 "acc_in";
    .port_info 3 /OUTPUT 16 "acc_out";
v0000029DFE81CE10_0 .net/s *"_ivl_0", 31 0, L_0000029DFE8916E0;  1 drivers
v0000029DFE81C370_0 .net/s *"_ivl_2", 31 0, L_0000029DFE891780;  1 drivers
v0000029DFE81CB90_0 .net/s "acc_in", 15 0, v0000029DFE81DB30_0;  alias, 1 drivers
v0000029DFE81C190_0 .var/s "acc_out", 15 0;
v0000029DFE81B0B0_0 .net/s "in_val", 15 0, L_0000029DFE891820;  alias, 1 drivers
v0000029DFE81B510_0 .net/s "product", 31 0, L_0000029DFE890380;  1 drivers
v0000029DFE81A930_0 .net/s "weight", 15 0, v0000029DFE81AB10_0;  1 drivers
E_0000029DFE7A81E0 .event anyedge, v0000029DFE81DB30_0, v0000029DFE81B510_0;
L_0000029DFE8916E0 .extend/s 32, v0000029DFE81AB10_0;
L_0000029DFE891780 .extend/s 32, L_0000029DFE891820;
L_0000029DFE890380 .arith/mult 32, L_0000029DFE8916E0, L_0000029DFE891780;
S_0000029DFE81A580 .scope generate, "gen_col[14]" "gen_col[14]" 3 27, 3 27 0, S_0000029DFE7B7650;
 .timescale -9 -12;
P_0000029DFE7A8660 .param/l "c" 1 3 27, +C4<01110>;
S_0000029DFE8187D0 .scope generate, "genblk1" "genblk1" 3 28, 3 28 0, S_0000029DFE81A580;
 .timescale -9 -12;
S_0000029DFE818AF0 .scope module, "pe_inst" "systolic_pe" 3 32, 4 3 0, S_0000029DFE81A580;
 .timescale -9 -12;
    .port_info 0 /INPUT 1 "clk";
    .port_info 1 /INPUT 1 "rst";
    .port_info 2 /INPUT 1 "load_weight";
    .port_info 3 /INPUT 16 "weight_in";
    .port_info 4 /INPUT 16 "in_val_in";
    .port_info 5 /INPUT 16 "acc_in";
    .port_info 6 /OUTPUT 16 "weight_out";
    .port_info 7 /OUTPUT 16 "in_val_out";
    .port_info 8 /OUTPUT 16 "acc_out";
v0000029DFE81CC30_0 .net/s "acc_in", 15 0, v0000029DFE81B150_0;  alias, 1 drivers
v0000029DFE81BA10_0 .var/s "acc_out", 15 0;
v0000029DFE81B330_0 .net "clk", 0 0, v0000029DFE89F9C0_0;  alias, 1 drivers
v0000029DFE81B3D0_0 .net/s "in_val_in", 15 0, L_0000029DFE890600;  alias, 1 drivers
v0000029DFE81B470_0 .var/s "in_val_out", 15 0;
v0000029DFE81BC90_0 .net "load_weight", 0 0, v0000029DFE89FCE0_0;  alias, 1 drivers
v0000029DFE81C870_0 .net/s "mac_result", 15 0, v0000029DFE81B1F0_0;  1 drivers
v0000029DFE81AC50_0 .net "rst", 0 0, v0000029DFE89FF60_0;  alias, 1 drivers
v0000029DFE81C5F0_0 .var/s "stationary_weight", 15 0;
v0000029DFE81BF10_0 .net/s "weight_in", 15 0, v0000029DFE81ACF0_0;  alias, 1 drivers
v0000029DFE81C910_0 .var/s "weight_out", 15 0;
S_0000029DFE818C80 .scope module, "core_mac" "mac_q4_12" 4 19, 5 1 0, S_0000029DFE818AF0;
 .timescale -9 -12;
    .port_info 0 /INPUT 16 "weight";
    .port_info 1 /INPUT 16 "in_val";
    .port_info 2 /INPUT 16 "acc_in";
    .port_info 3 /OUTPUT 16 "acc_out";
v0000029DFE81C690_0 .net/s *"_ivl_0", 31 0, L_0000029DFE8907E0;  1 drivers
v0000029DFE81BE70_0 .net/s *"_ivl_2", 31 0, L_0000029DFE890420;  1 drivers
v0000029DFE81ABB0_0 .net/s "acc_in", 15 0, v0000029DFE81B150_0;  alias, 1 drivers
v0000029DFE81B1F0_0 .var/s "acc_out", 15 0;
v0000029DFE81B650_0 .net/s "in_val", 15 0, L_0000029DFE890600;  alias, 1 drivers
v0000029DFE81C2D0_0 .net/s "product", 31 0, L_0000029DFE891AA0;  1 drivers
v0000029DFE81C7D0_0 .net/s "weight", 15 0, v0000029DFE81C5F0_0;  1 drivers
E_0000029DFE7A8DE0 .event anyedge, v0000029DFE81B150_0, v0000029DFE81C2D0_0;
L_0000029DFE8907E0 .extend/s 32, v0000029DFE81C5F0_0;
L_0000029DFE890420 .extend/s 32, L_0000029DFE890600;
L_0000029DFE891AA0 .arith/mult 32, L_0000029DFE8907E0, L_0000029DFE890420;
S_0000029DFE820280 .scope generate, "gen_col[15]" "gen_col[15]" 3 27, 3 27 0, S_0000029DFE7B7650;
 .timescale -9 -12;
P_0000029DFE7A8C20 .param/l "c" 1 3 27, +C4<01111>;
S_0000029DFE81F470 .scope generate, "genblk1" "genblk1" 3 28, 3 28 0, S_0000029DFE820280;
 .timescale -9 -12;
S_0000029DFE81F2E0 .scope module, "pe_inst" "systolic_pe" 3 32, 4 3 0, S_0000029DFE820280;
 .timescale -9 -12;
    .port_info 0 /INPUT 1 "clk";
    .port_info 1 /INPUT 1 "rst";
    .port_info 2 /INPUT 1 "load_weight";
    .port_info 3 /INPUT 16 "weight_in";
    .port_info 4 /INPUT 16 "in_val_in";
    .port_info 5 /INPUT 16 "acc_in";
    .port_info 6 /OUTPUT 16 "weight_out";
    .port_info 7 /OUTPUT 16 "in_val_out";
    .port_info 8 /OUTPUT 16 "acc_out";
v0000029DFE81BDD0_0 .net/s "acc_in", 15 0, v0000029DFE81BA10_0;  alias, 1 drivers
v0000029DFE81CA50_0 .var/s "acc_out", 15 0;
v0000029DFE81B010_0 .net "clk", 0 0, v0000029DFE89F9C0_0;  alias, 1 drivers
v0000029DFE81C050_0 .net/s "in_val_in", 15 0, L_0000029DFE891960;  alias, 1 drivers
v0000029DFE81CAF0_0 .var/s "in_val_out", 15 0;
v0000029DFE81B6F0_0 .net "load_weight", 0 0, v0000029DFE89FCE0_0;  alias, 1 drivers
v0000029DFE81CCD0_0 .net/s "mac_result", 15 0, v0000029DFE81C9B0_0;  1 drivers
v0000029DFE81CD70_0 .net "rst", 0 0, v0000029DFE89FF60_0;  alias, 1 drivers
v0000029DFE81CEB0_0 .var/s "stationary_weight", 15 0;
v0000029DFE81CF50_0 .net/s "weight_in", 15 0, v0000029DFE81C910_0;  alias, 1 drivers
v0000029DFE81AE30_0 .var/s "weight_out", 15 0;
S_0000029DFE81EB10 .scope module, "core_mac" "mac_q4_12" 4 19, 5 1 0, S_0000029DFE81F2E0;
 .timescale -9 -12;
    .port_info 0 /INPUT 16 "weight";
    .port_info 1 /INPUT 16 "in_val";
    .port_info 2 /INPUT 16 "acc_in";
    .port_info 3 /OUTPUT 16 "acc_out";
v0000029DFE81B5B0_0 .net/s *"_ivl_0", 31 0, L_0000029DFE8918C0;  1 drivers
v0000029DFE81BAB0_0 .net/s *"_ivl_2", 31 0, L_0000029DFE890740;  1 drivers
v0000029DFE81AD90_0 .net/s "acc_in", 15 0, v0000029DFE81BA10_0;  alias, 1 drivers
v0000029DFE81C9B0_0 .var/s "acc_out", 15 0;
v0000029DFE81B790_0 .net/s "in_val", 15 0, L_0000029DFE891960;  alias, 1 drivers
v0000029DFE81BFB0_0 .net/s "product", 31 0, L_0000029DFE8909C0;  1 drivers
v0000029DFE81BD30_0 .net/s "weight", 15 0, v0000029DFE81CEB0_0;  1 drivers
E_0000029DFE7A8EA0 .event anyedge, v0000029DFE81BA10_0, v0000029DFE81BFB0_0;
L_0000029DFE8918C0 .extend/s 32, v0000029DFE81CEB0_0;
L_0000029DFE890740 .extend/s 32, L_0000029DFE891960;
L_0000029DFE8909C0 .arith/mult 32, L_0000029DFE8918C0, L_0000029DFE890740;
S_0000029DFE820410 .scope generate, "gen_row[1]" "gen_row[1]" 3 22, 3 22 0, S_0000029DFE7B6390;
 .timescale -9 -12;
P_0000029DFE7A8820 .param/l "r" 1 3 22, +C4<01>;
L_0000029DFE730CE0 .functor BUFZ 16, v0000029DFE82FAF0_0, C4<0000000000000000>, C4<0000000000000000>, C4<0000000000000000>;
v0000029DFE82F910_0 .net *"_ivl_7", 15 0, L_0000029DFE730CE0;  1 drivers
S_0000029DFE81EE30 .scope generate, "gen_col[0]" "gen_col[0]" 3 27, 3 27 0, S_0000029DFE820410;
 .timescale -9 -12;
P_0000029DFE7A8320 .param/l "c" 1 3 27, +C4<00>;
S_0000029DFE81FC40 .scope module, "pe_inst" "systolic_pe" 3 32, 4 3 0, S_0000029DFE81EE30;
 .timescale -9 -12;
    .port_info 0 /INPUT 1 "clk";
    .port_info 1 /INPUT 1 "rst";
    .port_info 2 /INPUT 1 "load_weight";
    .port_info 3 /INPUT 16 "weight_in";
    .port_info 4 /INPUT 16 "in_val_in";
    .port_info 5 /INPUT 16 "acc_in";
    .port_info 6 /OUTPUT 16 "weight_out";
    .port_info 7 /OUTPUT 16 "in_val_out";
    .port_info 8 /OUTPUT 16 "acc_out";
v0000029DFE823F10_0 .net/s "acc_in", 15 0, L_0000029DFE8A80F0;  alias, 1 drivers
v0000029DFE823470_0 .var/s "acc_out", 15 0;
v0000029DFE823AB0_0 .net "clk", 0 0, v0000029DFE89F9C0_0;  alias, 1 drivers
v0000029DFE823B50_0 .net/s "in_val_in", 15 0, v0000029DFE7B05F0_0;  alias, 1 drivers
v0000029DFE823650_0 .var/s "in_val_out", 15 0;
v0000029DFE8231F0_0 .net "load_weight", 0 0, v0000029DFE89FCE0_0;  alias, 1 drivers
v0000029DFE823510_0 .net/s "mac_result", 15 0, v0000029DFE81B970_0;  1 drivers
v0000029DFE824370_0 .net "rst", 0 0, v0000029DFE89FF60_0;  alias, 1 drivers
v0000029DFE823D30_0 .var/s "stationary_weight", 15 0;
v0000029DFE823BF0_0 .net/s "weight_in", 15 0, L_0000029DFE909420;  alias, 1 drivers
v0000029DFE823330_0 .var/s "weight_out", 15 0;
S_0000029DFE81ECA0 .scope module, "core_mac" "mac_q4_12" 4 19, 5 1 0, S_0000029DFE81FC40;
 .timescale -9 -12;
    .port_info 0 /INPUT 16 "weight";
    .port_info 1 /INPUT 16 "in_val";
    .port_info 2 /INPUT 16 "acc_in";
    .port_info 3 /OUTPUT 16 "acc_out";
v0000029DFE81AF70_0 .net/s *"_ivl_0", 31 0, L_0000029DFE908B60;  1 drivers
v0000029DFE81B830_0 .net/s *"_ivl_2", 31 0, L_0000029DFE909880;  1 drivers
v0000029DFE81B8D0_0 .net/s "acc_in", 15 0, L_0000029DFE8A80F0;  alias, 1 drivers
v0000029DFE81B970_0 .var/s "acc_out", 15 0;
v0000029DFE81BB50_0 .net/s "in_val", 15 0, v0000029DFE7B05F0_0;  alias, 1 drivers
v0000029DFE81BBF0_0 .net/s "product", 31 0, L_0000029DFE909B00;  1 drivers
v0000029DFE823A10_0 .net/s "weight", 15 0, v0000029DFE823D30_0;  1 drivers
E_0000029DFE7A8960 .event anyedge, v0000029DFE81B8D0_0, v0000029DFE81BBF0_0;
L_0000029DFE908B60 .extend/s 32, v0000029DFE823D30_0;
L_0000029DFE909880 .extend/s 32, v0000029DFE7B05F0_0;
L_0000029DFE909B00 .arith/mult 32, L_0000029DFE908B60, L_0000029DFE909880;
S_0000029DFE81F600 .scope generate, "gen_col[1]" "gen_col[1]" 3 27, 3 27 0, S_0000029DFE820410;
 .timescale -9 -12;
P_0000029DFE7A8E60 .param/l "c" 1 3 27, +C4<01>;
S_0000029DFE81F790 .scope module, "pe_inst" "systolic_pe" 3 32, 4 3 0, S_0000029DFE81F600;
 .timescale -9 -12;
    .port_info 0 /INPUT 1 "clk";
    .port_info 1 /INPUT 1 "rst";
    .port_info 2 /INPUT 1 "load_weight";
    .port_info 3 /INPUT 16 "weight_in";
    .port_info 4 /INPUT 16 "in_val_in";
    .port_info 5 /INPUT 16 "acc_in";
    .port_info 6 /OUTPUT 16 "weight_out";
    .port_info 7 /OUTPUT 16 "in_val_out";
    .port_info 8 /OUTPUT 16 "acc_out";
v0000029DFE8230B0_0 .net/s "acc_in", 15 0, v0000029DFE823470_0;  alias, 1 drivers
v0000029DFE823790_0 .var/s "acc_out", 15 0;
v0000029DFE824050_0 .net "clk", 0 0, v0000029DFE89F9C0_0;  alias, 1 drivers
v0000029DFE824550_0 .net/s "in_val_in", 15 0, v0000029DFE709700_0;  alias, 1 drivers
v0000029DFE823C90_0 .var/s "in_val_out", 15 0;
v0000029DFE8238D0_0 .net "load_weight", 0 0, v0000029DFE89FCE0_0;  alias, 1 drivers
v0000029DFE8240F0_0 .net/s "mac_result", 15 0, v0000029DFE823FB0_0;  1 drivers
v0000029DFE823150_0 .net "rst", 0 0, v0000029DFE89FF60_0;  alias, 1 drivers
v0000029DFE823DD0_0 .var/s "stationary_weight", 15 0;
v0000029DFE824190_0 .net/s "weight_in", 15 0, v0000029DFE823330_0;  alias, 1 drivers
v0000029DFE824230_0 .var/s "weight_out", 15 0;
S_0000029DFE81F150 .scope module, "core_mac" "mac_q4_12" 4 19, 5 1 0, S_0000029DFE81F790;
 .timescale -9 -12;
    .port_info 0 /INPUT 16 "weight";
    .port_info 1 /INPUT 16 "in_val";
    .port_info 2 /INPUT 16 "acc_in";
    .port_info 3 /OUTPUT 16 "acc_out";
v0000029DFE8235B0_0 .net/s *"_ivl_0", 31 0, L_0000029DFE909380;  1 drivers
v0000029DFE823830_0 .net/s *"_ivl_2", 31 0, L_0000029DFE908200;  1 drivers
v0000029DFE8245F0_0 .net/s "acc_in", 15 0, v0000029DFE823470_0;  alias, 1 drivers
v0000029DFE823FB0_0 .var/s "acc_out", 15 0;
v0000029DFE823290_0 .net/s "in_val", 15 0, v0000029DFE709700_0;  alias, 1 drivers
v0000029DFE8233D0_0 .net/s "product", 31 0, L_0000029DFE908E80;  1 drivers
v0000029DFE8236F0_0 .net/s "weight", 15 0, v0000029DFE823DD0_0;  1 drivers
E_0000029DFE7A8220 .event anyedge, v0000029DFE823470_0, v0000029DFE8233D0_0;
L_0000029DFE909380 .extend/s 32, v0000029DFE823DD0_0;
L_0000029DFE908200 .extend/s 32, v0000029DFE709700_0;
L_0000029DFE908E80 .arith/mult 32, L_0000029DFE909380, L_0000029DFE908200;
S_0000029DFE81FDD0 .scope generate, "gen_col[2]" "gen_col[2]" 3 27, 3 27 0, S_0000029DFE820410;
 .timescale -9 -12;
P_0000029DFE7A8D20 .param/l "c" 1 3 27, +C4<010>;
S_0000029DFE81EFC0 .scope module, "pe_inst" "systolic_pe" 3 32, 4 3 0, S_0000029DFE81FDD0;
 .timescale -9 -12;
    .port_info 0 /INPUT 1 "clk";
    .port_info 1 /INPUT 1 "rst";
    .port_info 2 /INPUT 1 "load_weight";
    .port_info 3 /INPUT 16 "weight_in";
    .port_info 4 /INPUT 16 "in_val_in";
    .port_info 5 /INPUT 16 "acc_in";
    .port_info 6 /OUTPUT 16 "weight_out";
    .port_info 7 /OUTPUT 16 "in_val_out";
    .port_info 8 /OUTPUT 16 "acc_out";
v0000029DFE822CF0_0 .net/s "acc_in", 15 0, v0000029DFE823790_0;  alias, 1 drivers
v0000029DFE822610_0 .var/s "acc_out", 15 0;
v0000029DFE822930_0 .net "clk", 0 0, v0000029DFE89F9C0_0;  alias, 1 drivers
v0000029DFE821490_0 .net/s "in_val_in", 15 0, v0000029DFE707CC0_0;  alias, 1 drivers
v0000029DFE821E90_0 .var/s "in_val_out", 15 0;
v0000029DFE821670_0 .net "load_weight", 0 0, v0000029DFE89FCE0_0;  alias, 1 drivers
v0000029DFE820950_0 .net/s "mac_result", 15 0, v0000029DFE823970_0;  1 drivers
v0000029DFE821030_0 .net "rst", 0 0, v0000029DFE89FF60_0;  alias, 1 drivers
v0000029DFE822890_0 .var/s "stationary_weight", 15 0;
v0000029DFE8210D0_0 .net/s "weight_in", 15 0, v0000029DFE824230_0;  alias, 1 drivers
v0000029DFE8209F0_0 .var/s "weight_out", 15 0;
S_0000029DFE81FF60 .scope module, "core_mac" "mac_q4_12" 4 19, 5 1 0, S_0000029DFE81EFC0;
 .timescale -9 -12;
    .port_info 0 /INPUT 16 "weight";
    .port_info 1 /INPUT 16 "in_val";
    .port_info 2 /INPUT 16 "acc_in";
    .port_info 3 /OUTPUT 16 "acc_out";
v0000029DFE824690_0 .net/s *"_ivl_0", 31 0, L_0000029DFE9094C0;  1 drivers
v0000029DFE823E70_0 .net/s *"_ivl_2", 31 0, L_0000029DFE909D80;  1 drivers
v0000029DFE8242D0_0 .net/s "acc_in", 15 0, v0000029DFE823790_0;  alias, 1 drivers
v0000029DFE823970_0 .var/s "acc_out", 15 0;
v0000029DFE824410_0 .net/s "in_val", 15 0, v0000029DFE707CC0_0;  alias, 1 drivers
v0000029DFE8244B0_0 .net/s "product", 31 0, L_0000029DFE908C00;  1 drivers
v0000029DFE823010_0 .net/s "weight", 15 0, v0000029DFE822890_0;  1 drivers
E_0000029DFE7A84A0 .event anyedge, v0000029DFE823790_0, v0000029DFE8244B0_0;
L_0000029DFE9094C0 .extend/s 32, v0000029DFE822890_0;
L_0000029DFE909D80 .extend/s 32, v0000029DFE707CC0_0;
L_0000029DFE908C00 .arith/mult 32, L_0000029DFE9094C0, L_0000029DFE909D80;
S_0000029DFE81F920 .scope generate, "gen_col[3]" "gen_col[3]" 3 27, 3 27 0, S_0000029DFE820410;
 .timescale -9 -12;
P_0000029DFE7A89A0 .param/l "c" 1 3 27, +C4<011>;
S_0000029DFE81FAB0 .scope module, "pe_inst" "systolic_pe" 3 32, 4 3 0, S_0000029DFE81F920;
 .timescale -9 -12;
    .port_info 0 /INPUT 1 "clk";
    .port_info 1 /INPUT 1 "rst";
    .port_info 2 /INPUT 1 "load_weight";
    .port_info 3 /INPUT 16 "weight_in";
    .port_info 4 /INPUT 16 "in_val_in";
    .port_info 5 /INPUT 16 "acc_in";
    .port_info 6 /OUTPUT 16 "weight_out";
    .port_info 7 /OUTPUT 16 "in_val_out";
    .port_info 8 /OUTPUT 16 "acc_out";
v0000029DFE822D90_0 .net/s "acc_in", 15 0, v0000029DFE822610_0;  alias, 1 drivers
v0000029DFE821210_0 .var/s "acc_out", 15 0;
v0000029DFE8217B0_0 .net "clk", 0 0, v0000029DFE89F9C0_0;  alias, 1 drivers
v0000029DFE820A90_0 .net/s "in_val_in", 15 0, v0000029DFE6A2510_0;  alias, 1 drivers
v0000029DFE821850_0 .var/s "in_val_out", 15 0;
v0000029DFE821F30_0 .net "load_weight", 0 0, v0000029DFE89FCE0_0;  alias, 1 drivers
v0000029DFE822250_0 .net/s "mac_result", 15 0, v0000029DFE821530_0;  1 drivers
v0000029DFE821170_0 .net "rst", 0 0, v0000029DFE89FF60_0;  alias, 1 drivers
v0000029DFE821D50_0 .var/s "stationary_weight", 15 0;
v0000029DFE820E50_0 .net/s "weight_in", 15 0, v0000029DFE8209F0_0;  alias, 1 drivers
v0000029DFE822570_0 .var/s "weight_out", 15 0;
S_0000029DFE8205A0 .scope module, "core_mac" "mac_q4_12" 4 19, 5 1 0, S_0000029DFE81FAB0;
 .timescale -9 -12;
    .port_info 0 /INPUT 16 "weight";
    .port_info 1 /INPUT 16 "in_val";
    .port_info 2 /INPUT 16 "acc_in";
    .port_info 3 /OUTPUT 16 "acc_out";
v0000029DFE820D10_0 .net/s *"_ivl_0", 31 0, L_0000029DFE9085C0;  1 drivers
v0000029DFE820810_0 .net/s *"_ivl_2", 31 0, L_0000029DFE9082A0;  1 drivers
v0000029DFE821A30_0 .net/s "acc_in", 15 0, v0000029DFE822610_0;  alias, 1 drivers
v0000029DFE821530_0 .var/s "acc_out", 15 0;
v0000029DFE821710_0 .net/s "in_val", 15 0, v0000029DFE6A2510_0;  alias, 1 drivers
v0000029DFE8227F0_0 .net/s "product", 31 0, L_0000029DFE908DE0;  1 drivers
v0000029DFE820DB0_0 .net/s "weight", 15 0, v0000029DFE821D50_0;  1 drivers
E_0000029DFE7A88A0 .event anyedge, v0000029DFE822610_0, v0000029DFE8227F0_0;
L_0000029DFE9085C0 .extend/s 32, v0000029DFE821D50_0;
L_0000029DFE9082A0 .extend/s 32, v0000029DFE6A2510_0;
L_0000029DFE908DE0 .arith/mult 32, L_0000029DFE9085C0, L_0000029DFE9082A0;
S_0000029DFE8200F0 .scope generate, "gen_col[4]" "gen_col[4]" 3 27, 3 27 0, S_0000029DFE820410;
 .timescale -9 -12;
P_0000029DFE7A84E0 .param/l "c" 1 3 27, +C4<0100>;
S_0000029DFE81E7F0 .scope module, "pe_inst" "systolic_pe" 3 32, 4 3 0, S_0000029DFE8200F0;
 .timescale -9 -12;
    .port_info 0 /INPUT 1 "clk";
    .port_info 1 /INPUT 1 "rst";
    .port_info 2 /INPUT 1 "load_weight";
    .port_info 3 /INPUT 16 "weight_in";
    .port_info 4 /INPUT 16 "in_val_in";
    .port_info 5 /INPUT 16 "acc_in";
    .port_info 6 /OUTPUT 16 "weight_out";
    .port_info 7 /OUTPUT 16 "in_val_out";
    .port_info 8 /OUTPUT 16 "acc_out";
v0000029DFE822E30_0 .net/s "acc_in", 15 0, v0000029DFE821210_0;  alias, 1 drivers
v0000029DFE821350_0 .var/s "acc_out", 15 0;
v0000029DFE821DF0_0 .net "clk", 0 0, v0000029DFE89F9C0_0;  alias, 1 drivers
v0000029DFE822BB0_0 .net/s "in_val_in", 15 0, v0000029DFE6E0FB0_0;  alias, 1 drivers
v0000029DFE8229D0_0 .var/s "in_val_out", 15 0;
v0000029DFE8213F0_0 .net "load_weight", 0 0, v0000029DFE89FCE0_0;  alias, 1 drivers
v0000029DFE8215D0_0 .net/s "mac_result", 15 0, v0000029DFE821FD0_0;  1 drivers
v0000029DFE8218F0_0 .net "rst", 0 0, v0000029DFE89FF60_0;  alias, 1 drivers
v0000029DFE820BD0_0 .var/s "stationary_weight", 15 0;
v0000029DFE821990_0 .net/s "weight_in", 15 0, v0000029DFE822570_0;  alias, 1 drivers
v0000029DFE822390_0 .var/s "weight_out", 15 0;
S_0000029DFE81E980 .scope module, "core_mac" "mac_q4_12" 4 19, 5 1 0, S_0000029DFE81E7F0;
 .timescale -9 -12;
    .port_info 0 /INPUT 16 "weight";
    .port_info 1 /INPUT 16 "in_val";
    .port_info 2 /INPUT 16 "acc_in";
    .port_info 3 /OUTPUT 16 "acc_out";
v0000029DFE822750_0 .net/s *"_ivl_0", 31 0, L_0000029DFE908340;  1 drivers
v0000029DFE8208B0_0 .net/s *"_ivl_2", 31 0, L_0000029DFE908CA0;  1 drivers
v0000029DFE820EF0_0 .net/s "acc_in", 15 0, v0000029DFE821210_0;  alias, 1 drivers
v0000029DFE821FD0_0 .var/s "acc_out", 15 0;
v0000029DFE8212B0_0 .net/s "in_val", 15 0, v0000029DFE6E0FB0_0;  alias, 1 drivers
v0000029DFE822B10_0 .net/s "product", 31 0, L_0000029DFE9087A0;  1 drivers
v0000029DFE820B30_0 .net/s "weight", 15 0, v0000029DFE820BD0_0;  1 drivers
E_0000029DFE7A8B20 .event anyedge, v0000029DFE821210_0, v0000029DFE822B10_0;
L_0000029DFE908340 .extend/s 32, v0000029DFE820BD0_0;
L_0000029DFE908CA0 .extend/s 32, v0000029DFE6E0FB0_0;
L_0000029DFE9087A0 .arith/mult 32, L_0000029DFE908340, L_0000029DFE908CA0;
S_0000029DFE825300 .scope generate, "gen_col[5]" "gen_col[5]" 3 27, 3 27 0, S_0000029DFE820410;
 .timescale -9 -12;
P_0000029DFE7A8560 .param/l "c" 1 3 27, +C4<0101>;
S_0000029DFE824E50 .scope module, "pe_inst" "systolic_pe" 3 32, 4 3 0, S_0000029DFE825300;
 .timescale -9 -12;
    .port_info 0 /INPUT 1 "clk";
    .port_info 1 /INPUT 1 "rst";
    .port_info 2 /INPUT 1 "load_weight";
    .port_info 3 /INPUT 16 "weight_in";
    .port_info 4 /INPUT 16 "in_val_in";
    .port_info 5 /INPUT 16 "acc_in";
    .port_info 6 /OUTPUT 16 "weight_out";
    .port_info 7 /OUTPUT 16 "in_val_out";
    .port_info 8 /OUTPUT 16 "acc_out";
v0000029DFE822110_0 .net/s "acc_in", 15 0, v0000029DFE821350_0;  alias, 1 drivers
v0000029DFE8221B0_0 .var/s "acc_out", 15 0;
v0000029DFE822430_0 .net "clk", 0 0, v0000029DFE89F9C0_0;  alias, 1 drivers
v0000029DFE8224D0_0 .net/s "in_val_in", 15 0, v0000029DFE74F1E0_0;  alias, 1 drivers
v0000029DFE822F70_0 .var/s "in_val_out", 15 0;
v0000029DFE821CB0_0 .net "load_weight", 0 0, v0000029DFE89FCE0_0;  alias, 1 drivers
v0000029DFE820F90_0 .net/s "mac_result", 15 0, v0000029DFE821C10_0;  1 drivers
v0000029DFE8222F0_0 .net "rst", 0 0, v0000029DFE89FF60_0;  alias, 1 drivers
v0000029DFE822A70_0 .var/s "stationary_weight", 15 0;
v0000029DFE822C50_0 .net/s "weight_in", 15 0, v0000029DFE822390_0;  alias, 1 drivers
v0000029DFE827910_0 .var/s "weight_out", 15 0;
S_0000029DFE825C60 .scope module, "core_mac" "mac_q4_12" 4 19, 5 1 0, S_0000029DFE824E50;
 .timescale -9 -12;
    .port_info 0 /INPUT 16 "weight";
    .port_info 1 /INPUT 16 "in_val";
    .port_info 2 /INPUT 16 "acc_in";
    .port_info 3 /OUTPUT 16 "acc_out";
v0000029DFE820C70_0 .net/s *"_ivl_0", 31 0, L_0000029DFE9088E0;  1 drivers
v0000029DFE821AD0_0 .net/s *"_ivl_2", 31 0, L_0000029DFE908660;  1 drivers
v0000029DFE8226B0_0 .net/s "acc_in", 15 0, v0000029DFE821350_0;  alias, 1 drivers
v0000029DFE821C10_0 .var/s "acc_out", 15 0;
v0000029DFE822070_0 .net/s "in_val", 15 0, v0000029DFE74F1E0_0;  alias, 1 drivers
v0000029DFE822ED0_0 .net/s "product", 31 0, L_0000029DFE909C40;  1 drivers
v0000029DFE821B70_0 .net/s "weight", 15 0, v0000029DFE822A70_0;  1 drivers
E_0000029DFE7A88E0 .event anyedge, v0000029DFE821350_0, v0000029DFE822ED0_0;
L_0000029DFE9088E0 .extend/s 32, v0000029DFE822A70_0;
L_0000029DFE908660 .extend/s 32, v0000029DFE74F1E0_0;
L_0000029DFE909C40 .arith/mult 32, L_0000029DFE9088E0, L_0000029DFE908660;
S_0000029DFE824CC0 .scope generate, "gen_col[6]" "gen_col[6]" 3 27, 3 27 0, S_0000029DFE820410;
 .timescale -9 -12;
P_0000029DFE7A8AE0 .param/l "c" 1 3 27, +C4<0110>;
S_0000029DFE825490 .scope module, "pe_inst" "systolic_pe" 3 32, 4 3 0, S_0000029DFE824CC0;
 .timescale -9 -12;
    .port_info 0 /INPUT 1 "clk";
    .port_info 1 /INPUT 1 "rst";
    .port_info 2 /INPUT 1 "load_weight";
    .port_info 3 /INPUT 16 "weight_in";
    .port_info 4 /INPUT 16 "in_val_in";
    .port_info 5 /INPUT 16 "acc_in";
    .port_info 6 /OUTPUT 16 "weight_out";
    .port_info 7 /OUTPUT 16 "in_val_out";
    .port_info 8 /OUTPUT 16 "acc_out";
v0000029DFE8274B0_0 .net/s "acc_in", 15 0, v0000029DFE8221B0_0;  alias, 1 drivers
v0000029DFE827EB0_0 .var/s "acc_out", 15 0;
v0000029DFE827690_0 .net "clk", 0 0, v0000029DFE89F9C0_0;  alias, 1 drivers
v0000029DFE8284F0_0 .net/s "in_val_in", 15 0, v0000029DFE74FB40_0;  alias, 1 drivers
v0000029DFE8288B0_0 .var/s "in_val_out", 15 0;
v0000029DFE8270F0_0 .net "load_weight", 0 0, v0000029DFE89FCE0_0;  alias, 1 drivers
v0000029DFE8286D0_0 .net/s "mac_result", 15 0, v0000029DFE828770_0;  1 drivers
v0000029DFE828310_0 .net "rst", 0 0, v0000029DFE89FF60_0;  alias, 1 drivers
v0000029DFE828450_0 .var/s "stationary_weight", 15 0;
v0000029DFE827550_0 .net/s "weight_in", 15 0, v0000029DFE827910_0;  alias, 1 drivers
v0000029DFE828630_0 .var/s "weight_out", 15 0;
S_0000029DFE825DF0 .scope module, "core_mac" "mac_q4_12" 4 19, 5 1 0, S_0000029DFE825490;
 .timescale -9 -12;
    .port_info 0 /INPUT 16 "weight";
    .port_info 1 /INPUT 16 "in_val";
    .port_info 2 /INPUT 16 "acc_in";
    .port_info 3 /OUTPUT 16 "acc_out";
v0000029DFE8279B0_0 .net/s *"_ivl_0", 31 0, L_0000029DFE908160;  1 drivers
v0000029DFE827410_0 .net/s *"_ivl_2", 31 0, L_0000029DFE907940;  1 drivers
v0000029DFE827C30_0 .net/s "acc_in", 15 0, v0000029DFE8221B0_0;  alias, 1 drivers
v0000029DFE828770_0 .var/s "acc_out", 15 0;
v0000029DFE826C90_0 .net/s "in_val", 15 0, v0000029DFE74FB40_0;  alias, 1 drivers
v0000029DFE827CD0_0 .net/s "product", 31 0, L_0000029DFE907C60;  1 drivers
v0000029DFE8283B0_0 .net/s "weight", 15 0, v0000029DFE828450_0;  1 drivers
E_0000029DFE7A85A0 .event anyedge, v0000029DFE8221B0_0, v0000029DFE827CD0_0;
L_0000029DFE908160 .extend/s 32, v0000029DFE828450_0;
L_0000029DFE907940 .extend/s 32, v0000029DFE74FB40_0;
L_0000029DFE907C60 .arith/mult 32, L_0000029DFE908160, L_0000029DFE907940;
S_0000029DFE824FE0 .scope generate, "gen_col[7]" "gen_col[7]" 3 27, 3 27 0, S_0000029DFE820410;
 .timescale -9 -12;
P_0000029DFE7A8DA0 .param/l "c" 1 3 27, +C4<0111>;
S_0000029DFE825620 .scope module, "pe_inst" "systolic_pe" 3 32, 4 3 0, S_0000029DFE824FE0;
 .timescale -9 -12;
    .port_info 0 /INPUT 1 "clk";
    .port_info 1 /INPUT 1 "rst";
    .port_info 2 /INPUT 1 "load_weight";
    .port_info 3 /INPUT 16 "weight_in";
    .port_info 4 /INPUT 16 "in_val_in";
    .port_info 5 /INPUT 16 "acc_in";
    .port_info 6 /OUTPUT 16 "weight_out";
    .port_info 7 /OUTPUT 16 "in_val_out";
    .port_info 8 /OUTPUT 16 "acc_out";
v0000029DFE8277D0_0 .net/s "acc_in", 15 0, v0000029DFE827EB0_0;  alias, 1 drivers
v0000029DFE827B90_0 .var/s "acc_out", 15 0;
v0000029DFE8275F0_0 .net "clk", 0 0, v0000029DFE89F9C0_0;  alias, 1 drivers
v0000029DFE826E70_0 .net/s "in_val_in", 15 0, v0000029DFE732F60_0;  alias, 1 drivers
v0000029DFE827050_0 .var/s "in_val_out", 15 0;
v0000029DFE828090_0 .net "load_weight", 0 0, v0000029DFE89FCE0_0;  alias, 1 drivers
v0000029DFE827230_0 .net/s "mac_result", 15 0, v0000029DFE827AF0_0;  1 drivers
v0000029DFE826830_0 .net "rst", 0 0, v0000029DFE89FF60_0;  alias, 1 drivers
v0000029DFE827D70_0 .var/s "stationary_weight", 15 0;
v0000029DFE828590_0 .net/s "weight_in", 15 0, v0000029DFE828630_0;  alias, 1 drivers
v0000029DFE8289F0_0 .var/s "weight_out", 15 0;
S_0000029DFE8257B0 .scope module, "core_mac" "mac_q4_12" 4 19, 5 1 0, S_0000029DFE825620;
 .timescale -9 -12;
    .port_info 0 /INPUT 16 "weight";
    .port_info 1 /INPUT 16 "in_val";
    .port_info 2 /INPUT 16 "acc_in";
    .port_info 3 /OUTPUT 16 "acc_out";
v0000029DFE827A50_0 .net/s *"_ivl_0", 31 0, L_0000029DFE907BC0;  1 drivers
v0000029DFE827730_0 .net/s *"_ivl_2", 31 0, L_0000029DFE909740;  1 drivers
v0000029DFE828B30_0 .net/s "acc_in", 15 0, v0000029DFE827EB0_0;  alias, 1 drivers
v0000029DFE827AF0_0 .var/s "acc_out", 15 0;
v0000029DFE828810_0 .net/s "in_val", 15 0, v0000029DFE732F60_0;  alias, 1 drivers
v0000029DFE828950_0 .net/s "product", 31 0, L_0000029DFE907D00;  1 drivers
v0000029DFE8268D0_0 .net/s "weight", 15 0, v0000029DFE827D70_0;  1 drivers
E_0000029DFE7A86A0 .event anyedge, v0000029DFE827EB0_0, v0000029DFE828950_0;
L_0000029DFE907BC0 .extend/s 32, v0000029DFE827D70_0;
L_0000029DFE909740 .extend/s 32, v0000029DFE732F60_0;
L_0000029DFE907D00 .arith/mult 32, L_0000029DFE907BC0, L_0000029DFE909740;
S_0000029DFE825940 .scope generate, "gen_col[8]" "gen_col[8]" 3 27, 3 27 0, S_0000029DFE820410;
 .timescale -9 -12;
P_0000029DFE7A86E0 .param/l "c" 1 3 27, +C4<01000>;
S_0000029DFE825AD0 .scope module, "pe_inst" "systolic_pe" 3 32, 4 3 0, S_0000029DFE825940;
 .timescale -9 -12;
    .port_info 0 /INPUT 1 "clk";
    .port_info 1 /INPUT 1 "rst";
    .port_info 2 /INPUT 1 "load_weight";
    .port_info 3 /INPUT 16 "weight_in";
    .port_info 4 /INPUT 16 "in_val_in";
    .port_info 5 /INPUT 16 "acc_in";
    .port_info 6 /OUTPUT 16 "weight_out";
    .port_info 7 /OUTPUT 16 "in_val_out";
    .port_info 8 /OUTPUT 16 "acc_out";
v0000029DFE826970_0 .net/s "acc_in", 15 0, v0000029DFE827B90_0;  alias, 1 drivers
v0000029DFE826D30_0 .var/s "acc_out", 15 0;
v0000029DFE827F50_0 .net "clk", 0 0, v0000029DFE89F9C0_0;  alias, 1 drivers
v0000029DFE828C70_0 .net/s "in_val_in", 15 0, v0000029DFE682140_0;  alias, 1 drivers
v0000029DFE828D10_0 .var/s "in_val_out", 15 0;
v0000029DFE828DB0_0 .net "load_weight", 0 0, v0000029DFE89FCE0_0;  alias, 1 drivers
v0000029DFE828E50_0 .net/s "mac_result", 15 0, v0000029DFE826BF0_0;  1 drivers
v0000029DFE827FF0_0 .net "rst", 0 0, v0000029DFE89FF60_0;  alias, 1 drivers
v0000029DFE828EF0_0 .var/s "stationary_weight", 15 0;
v0000029DFE826A10_0 .net/s "weight_in", 15 0, v0000029DFE8289F0_0;  alias, 1 drivers
v0000029DFE8272D0_0 .var/s "weight_out", 15 0;
S_0000029DFE825F80 .scope module, "core_mac" "mac_q4_12" 4 19, 5 1 0, S_0000029DFE825AD0;
 .timescale -9 -12;
    .port_info 0 /INPUT 16 "weight";
    .port_info 1 /INPUT 16 "in_val";
    .port_info 2 /INPUT 16 "acc_in";
    .port_info 3 /OUTPUT 16 "acc_out";
v0000029DFE828A90_0 .net/s *"_ivl_0", 31 0, L_0000029DFE907DA0;  1 drivers
v0000029DFE827870_0 .net/s *"_ivl_2", 31 0, L_0000029DFE908D40;  1 drivers
v0000029DFE827370_0 .net/s "acc_in", 15 0, v0000029DFE827B90_0;  alias, 1 drivers
v0000029DFE826BF0_0 .var/s "acc_out", 15 0;
v0000029DFE828BD0_0 .net/s "in_val", 15 0, v0000029DFE682140_0;  alias, 1 drivers
v0000029DFE827E10_0 .net/s "product", 31 0, L_0000029DFE909F60;  1 drivers
v0000029DFE828F90_0 .net/s "weight", 15 0, v0000029DFE828EF0_0;  1 drivers
E_0000029DFE7A8720 .event anyedge, v0000029DFE827B90_0, v0000029DFE827E10_0;
L_0000029DFE907DA0 .extend/s 32, v0000029DFE828EF0_0;
L_0000029DFE908D40 .extend/s 32, v0000029DFE682140_0;
L_0000029DFE909F60 .arith/mult 32, L_0000029DFE907DA0, L_0000029DFE908D40;
S_0000029DFE826110 .scope generate, "gen_col[9]" "gen_col[9]" 3 27, 3 27 0, S_0000029DFE820410;
 .timescale -9 -12;
P_0000029DFE7A8920 .param/l "c" 1 3 27, +C4<01001>;
S_0000029DFE825170 .scope module, "pe_inst" "systolic_pe" 3 32, 4 3 0, S_0000029DFE826110;
 .timescale -9 -12;
    .port_info 0 /INPUT 1 "clk";
    .port_info 1 /INPUT 1 "rst";
    .port_info 2 /INPUT 1 "load_weight";
    .port_info 3 /INPUT 16 "weight_in";
    .port_info 4 /INPUT 16 "in_val_in";
    .port_info 5 /INPUT 16 "acc_in";
    .port_info 6 /OUTPUT 16 "weight_out";
    .port_info 7 /OUTPUT 16 "in_val_out";
    .port_info 8 /OUTPUT 16 "acc_out";
v0000029DFE826F10_0 .net/s "acc_in", 15 0, v0000029DFE826D30_0;  alias, 1 drivers
v0000029DFE826FB0_0 .var/s "acc_out", 15 0;
v0000029DFE8298F0_0 .net "clk", 0 0, v0000029DFE89F9C0_0;  alias, 1 drivers
v0000029DFE829530_0 .net/s "in_val_in", 15 0, v0000029DFE653E70_0;  alias, 1 drivers
v0000029DFE829990_0 .var/s "in_val_out", 15 0;
v0000029DFE829170_0 .net "load_weight", 0 0, v0000029DFE89FCE0_0;  alias, 1 drivers
v0000029DFE829B70_0 .net/s "mac_result", 15 0, v0000029DFE826AB0_0;  1 drivers
v0000029DFE82A4D0_0 .net "rst", 0 0, v0000029DFE89FF60_0;  alias, 1 drivers
v0000029DFE82A070_0 .var/s "stationary_weight", 15 0;
v0000029DFE829D50_0 .net/s "weight_in", 15 0, v0000029DFE8272D0_0;  alias, 1 drivers
v0000029DFE829490_0 .var/s "weight_out", 15 0;
S_0000029DFE8262A0 .scope module, "core_mac" "mac_q4_12" 4 19, 5 1 0, S_0000029DFE825170;
 .timescale -9 -12;
    .port_info 0 /INPUT 16 "weight";
    .port_info 1 /INPUT 16 "in_val";
    .port_info 2 /INPUT 16 "acc_in";
    .port_info 3 /OUTPUT 16 "acc_out";
v0000029DFE827190_0 .net/s *"_ivl_0", 31 0, L_0000029DFE9096A0;  1 drivers
v0000029DFE828270_0 .net/s *"_ivl_2", 31 0, L_0000029DFE909560;  1 drivers
v0000029DFE828130_0 .net/s "acc_in", 15 0, v0000029DFE826D30_0;  alias, 1 drivers
v0000029DFE826AB0_0 .var/s "acc_out", 15 0;
v0000029DFE8281D0_0 .net/s "in_val", 15 0, v0000029DFE653E70_0;  alias, 1 drivers
v0000029DFE826B50_0 .net/s "product", 31 0, L_0000029DFE909920;  1 drivers
v0000029DFE826DD0_0 .net/s "weight", 15 0, v0000029DFE82A070_0;  1 drivers
E_0000029DFE7A8A20 .event anyedge, v0000029DFE826D30_0, v0000029DFE826B50_0;
L_0000029DFE9096A0 .extend/s 32, v0000029DFE82A070_0;
L_0000029DFE909560 .extend/s 32, v0000029DFE653E70_0;
L_0000029DFE909920 .arith/mult 32, L_0000029DFE9096A0, L_0000029DFE909560;
S_0000029DFE826430 .scope generate, "gen_col[10]" "gen_col[10]" 3 27, 3 27 0, S_0000029DFE820410;
 .timescale -9 -12;
P_0000029DFE7A8D60 .param/l "c" 1 3 27, +C4<01010>;
S_0000029DFE8265C0 .scope module, "pe_inst" "systolic_pe" 3 32, 4 3 0, S_0000029DFE826430;
 .timescale -9 -12;
    .port_info 0 /INPUT 1 "clk";
    .port_info 1 /INPUT 1 "rst";
    .port_info 2 /INPUT 1 "load_weight";
    .port_info 3 /INPUT 16 "weight_in";
    .port_info 4 /INPUT 16 "in_val_in";
    .port_info 5 /INPUT 16 "acc_in";
    .port_info 6 /OUTPUT 16 "weight_out";
    .port_info 7 /OUTPUT 16 "in_val_out";
    .port_info 8 /OUTPUT 16 "acc_out";
v0000029DFE8297B0_0 .net/s "acc_in", 15 0, v0000029DFE826FB0_0;  alias, 1 drivers
v0000029DFE82A390_0 .var/s "acc_out", 15 0;
v0000029DFE829CB0_0 .net "clk", 0 0, v0000029DFE89F9C0_0;  alias, 1 drivers
v0000029DFE829DF0_0 .net/s "in_val_in", 15 0, v0000029DFE647D90_0;  alias, 1 drivers
v0000029DFE82A570_0 .var/s "in_val_out", 15 0;
v0000029DFE829E90_0 .net "load_weight", 0 0, v0000029DFE89FCE0_0;  alias, 1 drivers
v0000029DFE8295D0_0 .net/s "mac_result", 15 0, v0000029DFE82A250_0;  1 drivers
v0000029DFE82A110_0 .net "rst", 0 0, v0000029DFE89FF60_0;  alias, 1 drivers
v0000029DFE829F30_0 .var/s "stationary_weight", 15 0;
v0000029DFE829670_0 .net/s "weight_in", 15 0, v0000029DFE829490_0;  alias, 1 drivers
v0000029DFE82A430_0 .var/s "weight_out", 15 0;
S_0000029DFE824810 .scope module, "core_mac" "mac_q4_12" 4 19, 5 1 0, S_0000029DFE8265C0;
 .timescale -9 -12;
    .port_info 0 /INPUT 16 "weight";
    .port_info 1 /INPUT 16 "in_val";
    .port_info 2 /INPUT 16 "acc_in";
    .port_info 3 /OUTPUT 16 "acc_out";
v0000029DFE829A30_0 .net/s *"_ivl_0", 31 0, L_0000029DFE908A20;  1 drivers
v0000029DFE829AD0_0 .net/s *"_ivl_2", 31 0, L_0000029DFE908840;  1 drivers
v0000029DFE829C10_0 .net/s "acc_in", 15 0, v0000029DFE826FB0_0;  alias, 1 drivers
v0000029DFE82A250_0 .var/s "acc_out", 15 0;
v0000029DFE829350_0 .net/s "in_val", 15 0, v0000029DFE647D90_0;  alias, 1 drivers
v0000029DFE829710_0 .net/s "product", 31 0, L_0000029DFE9099C0;  1 drivers
v0000029DFE829850_0 .net/s "weight", 15 0, v0000029DFE829F30_0;  1 drivers
E_0000029DFE7A8EE0 .event anyedge, v0000029DFE826FB0_0, v0000029DFE829710_0;
L_0000029DFE908A20 .extend/s 32, v0000029DFE829F30_0;
L_0000029DFE908840 .extend/s 32, v0000029DFE647D90_0;
L_0000029DFE9099C0 .arith/mult 32, L_0000029DFE908A20, L_0000029DFE908840;
S_0000029DFE8249A0 .scope generate, "gen_col[11]" "gen_col[11]" 3 27, 3 27 0, S_0000029DFE820410;
 .timescale -9 -12;
P_0000029DFE7A8F20 .param/l "c" 1 3 27, +C4<01011>;
S_0000029DFE824B30 .scope module, "pe_inst" "systolic_pe" 3 32, 4 3 0, S_0000029DFE8249A0;
 .timescale -9 -12;
    .port_info 0 /INPUT 1 "clk";
    .port_info 1 /INPUT 1 "rst";
    .port_info 2 /INPUT 1 "load_weight";
    .port_info 3 /INPUT 16 "weight_in";
    .port_info 4 /INPUT 16 "in_val_in";
    .port_info 5 /INPUT 16 "acc_in";
    .port_info 6 /OUTPUT 16 "weight_out";
    .port_info 7 /OUTPUT 16 "in_val_out";
    .port_info 8 /OUTPUT 16 "acc_out";
v0000029DFE8290D0_0 .net/s "acc_in", 15 0, v0000029DFE82A390_0;  alias, 1 drivers
v0000029DFE8292B0_0 .var/s "acc_out", 15 0;
v0000029DFE8293F0_0 .net "clk", 0 0, v0000029DFE89F9C0_0;  alias, 1 drivers
v0000029DFE82E790_0 .net/s "in_val_in", 15 0, v0000029DFE81DD10_0;  alias, 1 drivers
v0000029DFE82DED0_0 .var/s "in_val_out", 15 0;
v0000029DFE82E8D0_0 .net "load_weight", 0 0, v0000029DFE89FCE0_0;  alias, 1 drivers
v0000029DFE82D1B0_0 .net/s "mac_result", 15 0, v0000029DFE82A610_0;  1 drivers
v0000029DFE82D6B0_0 .net "rst", 0 0, v0000029DFE89FF60_0;  alias, 1 drivers
v0000029DFE82CE90_0 .var/s "stationary_weight", 15 0;
v0000029DFE82D750_0 .net/s "weight_in", 15 0, v0000029DFE82A430_0;  alias, 1 drivers
v0000029DFE82D890_0 .var/s "weight_out", 15 0;
S_0000029DFE82C450 .scope module, "core_mac" "mac_q4_12" 4 19, 5 1 0, S_0000029DFE824B30;
 .timescale -9 -12;
    .port_info 0 /INPUT 16 "weight";
    .port_info 1 /INPUT 16 "in_val";
    .port_info 2 /INPUT 16 "acc_in";
    .port_info 3 /OUTPUT 16 "acc_out";
v0000029DFE829FD0_0 .net/s *"_ivl_0", 31 0, L_0000029DFE909A60;  1 drivers
v0000029DFE82A1B0_0 .net/s *"_ivl_2", 31 0, L_0000029DFE9097E0;  1 drivers
v0000029DFE82A2F0_0 .net/s "acc_in", 15 0, v0000029DFE82A390_0;  alias, 1 drivers
v0000029DFE82A610_0 .var/s "acc_out", 15 0;
v0000029DFE829210_0 .net/s "in_val", 15 0, v0000029DFE81DD10_0;  alias, 1 drivers
v0000029DFE82A6B0_0 .net/s "product", 31 0, L_0000029DFE909BA0;  1 drivers
v0000029DFE829030_0 .net/s "weight", 15 0, v0000029DFE82CE90_0;  1 drivers
E_0000029DFE7A8FE0 .event anyedge, v0000029DFE82A390_0, v0000029DFE82A6B0_0;
L_0000029DFE909A60 .extend/s 32, v0000029DFE82CE90_0;
L_0000029DFE9097E0 .extend/s 32, v0000029DFE81DD10_0;
L_0000029DFE909BA0 .arith/mult 32, L_0000029DFE909A60, L_0000029DFE9097E0;
S_0000029DFE82B4B0 .scope generate, "gen_col[12]" "gen_col[12]" 3 27, 3 27 0, S_0000029DFE820410;
 .timescale -9 -12;
P_0000029DFE7A9520 .param/l "c" 1 3 27, +C4<01100>;
S_0000029DFE82AE70 .scope module, "pe_inst" "systolic_pe" 3 32, 4 3 0, S_0000029DFE82B4B0;
 .timescale -9 -12;
    .port_info 0 /INPUT 1 "clk";
    .port_info 1 /INPUT 1 "rst";
    .port_info 2 /INPUT 1 "load_weight";
    .port_info 3 /INPUT 16 "weight_in";
    .port_info 4 /INPUT 16 "in_val_in";
    .port_info 5 /INPUT 16 "acc_in";
    .port_info 6 /OUTPUT 16 "weight_out";
    .port_info 7 /OUTPUT 16 "in_val_out";
    .port_info 8 /OUTPUT 16 "acc_out";
v0000029DFE82CA30_0 .net/s "acc_in", 15 0, v0000029DFE8292B0_0;  alias, 1 drivers
v0000029DFE82E330_0 .var/s "acc_out", 15 0;
v0000029DFE82CFD0_0 .net "clk", 0 0, v0000029DFE89F9C0_0;  alias, 1 drivers
v0000029DFE82D570_0 .net/s "in_val_in", 15 0, v0000029DFE81DF90_0;  alias, 1 drivers
v0000029DFE82D610_0 .var/s "in_val_out", 15 0;
v0000029DFE82CCB0_0 .net "load_weight", 0 0, v0000029DFE89FCE0_0;  alias, 1 drivers
v0000029DFE82D430_0 .net/s "mac_result", 15 0, v0000029DFE82EBF0_0;  1 drivers
v0000029DFE82D110_0 .net "rst", 0 0, v0000029DFE89FF60_0;  alias, 1 drivers
v0000029DFE82D250_0 .var/s "stationary_weight", 15 0;
v0000029DFE82CF30_0 .net/s "weight_in", 15 0, v0000029DFE82D890_0;  alias, 1 drivers
v0000029DFE82DB10_0 .var/s "weight_out", 15 0;
S_0000029DFE82BFA0 .scope module, "core_mac" "mac_q4_12" 4 19, 5 1 0, S_0000029DFE82AE70;
 .timescale -9 -12;
    .port_info 0 /INPUT 16 "weight";
    .port_info 1 /INPUT 16 "in_val";
    .port_info 2 /INPUT 16 "acc_in";
    .port_info 3 /OUTPUT 16 "acc_out";
v0000029DFE82DF70_0 .net/s *"_ivl_0", 31 0, L_0000029DFE908700;  1 drivers
v0000029DFE82CDF0_0 .net/s *"_ivl_2", 31 0, L_0000029DFE909CE0;  1 drivers
v0000029DFE82E290_0 .net/s "acc_in", 15 0, v0000029DFE8292B0_0;  alias, 1 drivers
v0000029DFE82EBF0_0 .var/s "acc_out", 15 0;
v0000029DFE82CC10_0 .net/s "in_val", 15 0, v0000029DFE81DF90_0;  alias, 1 drivers
v0000029DFE82C990_0 .net/s "product", 31 0, L_0000029DFE908980;  1 drivers
v0000029DFE82D070_0 .net/s "weight", 15 0, v0000029DFE82D250_0;  1 drivers
E_0000029DFE7A9020 .event anyedge, v0000029DFE8292B0_0, v0000029DFE82C990_0;
L_0000029DFE908700 .extend/s 32, v0000029DFE82D250_0;
L_0000029DFE909CE0 .extend/s 32, v0000029DFE81DF90_0;
L_0000029DFE908980 .arith/mult 32, L_0000029DFE908700, L_0000029DFE909CE0;
S_0000029DFE82AB50 .scope generate, "gen_col[13]" "gen_col[13]" 3 27, 3 27 0, S_0000029DFE820410;
 .timescale -9 -12;
P_0000029DFE7A9560 .param/l "c" 1 3 27, +C4<01101>;
S_0000029DFE82B000 .scope module, "pe_inst" "systolic_pe" 3 32, 4 3 0, S_0000029DFE82AB50;
 .timescale -9 -12;
    .port_info 0 /INPUT 1 "clk";
    .port_info 1 /INPUT 1 "rst";
    .port_info 2 /INPUT 1 "load_weight";
    .port_info 3 /INPUT 16 "weight_in";
    .port_info 4 /INPUT 16 "in_val_in";
    .port_info 5 /INPUT 16 "acc_in";
    .port_info 6 /OUTPUT 16 "weight_out";
    .port_info 7 /OUTPUT 16 "in_val_out";
    .port_info 8 /OUTPUT 16 "acc_out";
v0000029DFE82EB50_0 .net/s "acc_in", 15 0, v0000029DFE82E330_0;  alias, 1 drivers
v0000029DFE82DC50_0 .var/s "acc_out", 15 0;
v0000029DFE82E510_0 .net "clk", 0 0, v0000029DFE89F9C0_0;  alias, 1 drivers
v0000029DFE82D390_0 .net/s "in_val_in", 15 0, v0000029DFE81AA70_0;  alias, 1 drivers
v0000029DFE82E970_0 .var/s "in_val_out", 15 0;
v0000029DFE82D4D0_0 .net "load_weight", 0 0, v0000029DFE89FCE0_0;  alias, 1 drivers
v0000029DFE82EF10_0 .net/s "mac_result", 15 0, v0000029DFE82D2F0_0;  1 drivers
v0000029DFE82EC90_0 .net "rst", 0 0, v0000029DFE89FF60_0;  alias, 1 drivers
v0000029DFE82EAB0_0 .var/s "stationary_weight", 15 0;
v0000029DFE82D7F0_0 .net/s "weight_in", 15 0, v0000029DFE82DB10_0;  alias, 1 drivers
v0000029DFE82E830_0 .var/s "weight_out", 15 0;
S_0000029DFE82C5E0 .scope module, "core_mac" "mac_q4_12" 4 19, 5 1 0, S_0000029DFE82B000;
 .timescale -9 -12;
    .port_info 0 /INPUT 16 "weight";
    .port_info 1 /INPUT 16 "in_val";
    .port_info 2 /INPUT 16 "acc_in";
    .port_info 3 /OUTPUT 16 "acc_out";
v0000029DFE82E3D0_0 .net/s *"_ivl_0", 31 0, L_0000029DFE907E40;  1 drivers
v0000029DFE82DBB0_0 .net/s *"_ivl_2", 31 0, L_0000029DFE909240;  1 drivers
v0000029DFE82E470_0 .net/s "acc_in", 15 0, v0000029DFE82E330_0;  alias, 1 drivers
v0000029DFE82D2F0_0 .var/s "acc_out", 15 0;
v0000029DFE82E010_0 .net/s "in_val", 15 0, v0000029DFE81AA70_0;  alias, 1 drivers
v0000029DFE82CD50_0 .net/s "product", 31 0, L_0000029DFE909E20;  1 drivers
v0000029DFE82E0B0_0 .net/s "weight", 15 0, v0000029DFE82EAB0_0;  1 drivers
E_0000029DFE7A9C60 .event anyedge, v0000029DFE82E330_0, v0000029DFE82CD50_0;
L_0000029DFE907E40 .extend/s 32, v0000029DFE82EAB0_0;
L_0000029DFE909240 .extend/s 32, v0000029DFE81AA70_0;
L_0000029DFE909E20 .arith/mult 32, L_0000029DFE907E40, L_0000029DFE909240;
S_0000029DFE82BC80 .scope generate, "gen_col[14]" "gen_col[14]" 3 27, 3 27 0, S_0000029DFE820410;
 .timescale -9 -12;
P_0000029DFE7A95E0 .param/l "c" 1 3 27, +C4<01110>;
S_0000029DFE82ACE0 .scope module, "pe_inst" "systolic_pe" 3 32, 4 3 0, S_0000029DFE82BC80;
 .timescale -9 -12;
    .port_info 0 /INPUT 1 "clk";
    .port_info 1 /INPUT 1 "rst";
    .port_info 2 /INPUT 1 "load_weight";
    .port_info 3 /INPUT 16 "weight_in";
    .port_info 4 /INPUT 16 "in_val_in";
    .port_info 5 /INPUT 16 "acc_in";
    .port_info 6 /OUTPUT 16 "weight_out";
    .port_info 7 /OUTPUT 16 "in_val_out";
    .port_info 8 /OUTPUT 16 "acc_out";
v0000029DFE82DA70_0 .net/s "acc_in", 15 0, v0000029DFE82DC50_0;  alias, 1 drivers
v0000029DFE82DCF0_0 .var/s "acc_out", 15 0;
v0000029DFE82CAD0_0 .net "clk", 0 0, v0000029DFE89F9C0_0;  alias, 1 drivers
v0000029DFE82DD90_0 .net/s "in_val_in", 15 0, v0000029DFE81B470_0;  alias, 1 drivers
v0000029DFE82DE30_0 .var/s "in_val_out", 15 0;
v0000029DFE82E6F0_0 .net "load_weight", 0 0, v0000029DFE89FCE0_0;  alias, 1 drivers
v0000029DFE82ED30_0 .net/s "mac_result", 15 0, v0000029DFE82E150_0;  1 drivers
v0000029DFE82EDD0_0 .net "rst", 0 0, v0000029DFE89FF60_0;  alias, 1 drivers
v0000029DFE82EE70_0 .var/s "stationary_weight", 15 0;
v0000029DFE82EFB0_0 .net/s "weight_in", 15 0, v0000029DFE82E830_0;  alias, 1 drivers
v0000029DFE82C850_0 .var/s "weight_out", 15 0;
S_0000029DFE82B960 .scope module, "core_mac" "mac_q4_12" 4 19, 5 1 0, S_0000029DFE82ACE0;
 .timescale -9 -12;
    .port_info 0 /INPUT 16 "weight";
    .port_info 1 /INPUT 16 "in_val";
    .port_info 2 /INPUT 16 "acc_in";
    .port_info 3 /OUTPUT 16 "acc_out";
v0000029DFE82EA10_0 .net/s *"_ivl_0", 31 0, L_0000029DFE9083E0;  1 drivers
v0000029DFE82D930_0 .net/s *"_ivl_2", 31 0, L_0000029DFE909EC0;  1 drivers
v0000029DFE82D9D0_0 .net/s "acc_in", 15 0, v0000029DFE82DC50_0;  alias, 1 drivers
v0000029DFE82E150_0 .var/s "acc_out", 15 0;
v0000029DFE82E5B0_0 .net/s "in_val", 15 0, v0000029DFE81B470_0;  alias, 1 drivers
v0000029DFE82E1F0_0 .net/s "product", 31 0, L_0000029DFE908F20;  1 drivers
v0000029DFE82E650_0 .net/s "weight", 15 0, v0000029DFE82EE70_0;  1 drivers
E_0000029DFE7A9760 .event anyedge, v0000029DFE82DC50_0, v0000029DFE82E1F0_0;
L_0000029DFE9083E0 .extend/s 32, v0000029DFE82EE70_0;
L_0000029DFE909EC0 .extend/s 32, v0000029DFE81B470_0;
L_0000029DFE908F20 .arith/mult 32, L_0000029DFE9083E0, L_0000029DFE909EC0;
S_0000029DFE82B190 .scope generate, "gen_col[15]" "gen_col[15]" 3 27, 3 27 0, S_0000029DFE820410;
 .timescale -9 -12;
P_0000029DFE7A9920 .param/l "c" 1 3 27, +C4<01111>;
S_0000029DFE82B320 .scope module, "pe_inst" "systolic_pe" 3 32, 4 3 0, S_0000029DFE82B190;
 .timescale -9 -12;
    .port_info 0 /INPUT 1 "clk";
    .port_info 1 /INPUT 1 "rst";
    .port_info 2 /INPUT 1 "load_weight";
    .port_info 3 /INPUT 16 "weight_in";
    .port_info 4 /INPUT 16 "in_val_in";
    .port_info 5 /INPUT 16 "acc_in";
    .port_info 6 /OUTPUT 16 "weight_out";
    .port_info 7 /OUTPUT 16 "in_val_out";
    .port_info 8 /OUTPUT 16 "acc_out";
v0000029DFE82F190_0 .net/s "acc_in", 15 0, v0000029DFE82DCF0_0;  alias, 1 drivers
v0000029DFE82FAF0_0 .var/s "acc_out", 15 0;
v0000029DFE82FF50_0 .net "clk", 0 0, v0000029DFE89F9C0_0;  alias, 1 drivers
v0000029DFE8304F0_0 .net/s "in_val_in", 15 0, v0000029DFE81CAF0_0;  alias, 1 drivers
v0000029DFE82F2D0_0 .var/s "in_val_out", 15 0;
v0000029DFE82F550_0 .net "load_weight", 0 0, v0000029DFE89FCE0_0;  alias, 1 drivers
v0000029DFE830130_0 .net/s "mac_result", 15 0, v0000029DFE82F370_0;  1 drivers
v0000029DFE82FFF0_0 .net "rst", 0 0, v0000029DFE89FF60_0;  alias, 1 drivers
v0000029DFE82F230_0 .var/s "stationary_weight", 15 0;
v0000029DFE82FB90_0 .net/s "weight_in", 15 0, v0000029DFE82C850_0;  alias, 1 drivers
v0000029DFE82FCD0_0 .var/s "weight_out", 15 0;
S_0000029DFE82BE10 .scope module, "core_mac" "mac_q4_12" 4 19, 5 1 0, S_0000029DFE82B320;
 .timescale -9 -12;
    .port_info 0 /INPUT 16 "weight";
    .port_info 1 /INPUT 16 "in_val";
    .port_info 2 /INPUT 16 "acc_in";
    .port_info 3 /OUTPUT 16 "acc_out";
v0000029DFE82C8F0_0 .net/s *"_ivl_0", 31 0, L_0000029DFE9091A0;  1 drivers
v0000029DFE82CB70_0 .net/s *"_ivl_2", 31 0, L_0000029DFE907EE0;  1 drivers
v0000029DFE82FC30_0 .net/s "acc_in", 15 0, v0000029DFE82DCF0_0;  alias, 1 drivers
v0000029DFE82F370_0 .var/s "acc_out", 15 0;
v0000029DFE82F0F0_0 .net/s "in_val", 15 0, v0000029DFE81CAF0_0;  alias, 1 drivers
v0000029DFE82F870_0 .net/s "product", 31 0, L_0000029DFE90A000;  1 drivers
v0000029DFE830310_0 .net/s "weight", 15 0, v0000029DFE82F230_0;  1 drivers
E_0000029DFE7A97A0 .event anyedge, v0000029DFE82DCF0_0, v0000029DFE82F870_0;
L_0000029DFE9091A0 .extend/s 32, v0000029DFE82F230_0;
L_0000029DFE907EE0 .extend/s 32, v0000029DFE81CAF0_0;
L_0000029DFE90A000 .arith/mult 32, L_0000029DFE9091A0, L_0000029DFE907EE0;
S_0000029DFE82B640 .scope generate, "gen_row[2]" "gen_row[2]" 3 22, 3 22 0, S_0000029DFE7B6390;
 .timescale -9 -12;
P_0000029DFE7A9360 .param/l "r" 1 3 22, +C4<010>;
L_0000029DFE730F10 .functor BUFZ 16, v0000029DFE857C70_0, C4<0000000000000000>, C4<0000000000000000>, C4<0000000000000000>;
v0000029DFE85BFF0_0 .net *"_ivl_7", 15 0, L_0000029DFE730F10;  1 drivers
S_0000029DFE82C130 .scope generate, "gen_col[0]" "gen_col[0]" 3 27, 3 27 0, S_0000029DFE82B640;
 .timescale -9 -12;
P_0000029DFE7A93E0 .param/l "c" 1 3 27, +C4<00>;
S_0000029DFE82A830 .scope module, "pe_inst" "systolic_pe" 3 32, 4 3 0, S_0000029DFE82C130;
 .timescale -9 -12;
    .port_info 0 /INPUT 1 "clk";
    .port_info 1 /INPUT 1 "rst";
    .port_info 2 /INPUT 1 "load_weight";
    .port_info 3 /INPUT 16 "weight_in";
    .port_info 4 /INPUT 16 "in_val_in";
    .port_info 5 /INPUT 16 "acc_in";
    .port_info 6 /OUTPUT 16 "weight_out";
    .port_info 7 /OUTPUT 16 "in_val_out";
    .port_info 8 /OUTPUT 16 "acc_out";
v0000029DFE830630_0 .net/s "acc_in", 15 0, L_0000029DFE8A8138;  alias, 1 drivers
v0000029DFE82F690_0 .var/s "acc_out", 15 0;
v0000029DFE82FEB0_0 .net "clk", 0 0, v0000029DFE89F9C0_0;  alias, 1 drivers
v0000029DFE8306D0_0 .net/s "in_val_in", 15 0, v0000029DFE823650_0;  alias, 1 drivers
v0000029DFE8303B0_0 .var/s "in_val_out", 15 0;
v0000029DFE82F9B0_0 .net "load_weight", 0 0, v0000029DFE89FCE0_0;  alias, 1 drivers
v0000029DFE8301D0_0 .net/s "mac_result", 15 0, v0000029DFE82FE10_0;  1 drivers
v0000029DFE830090_0 .net "rst", 0 0, v0000029DFE89FF60_0;  alias, 1 drivers
v0000029DFE82F050_0 .var/s "stationary_weight", 15 0;
v0000029DFE830270_0 .net/s "weight_in", 15 0, L_0000029DFE90A0A0;  alias, 1 drivers
v0000029DFE82F730_0 .var/s "weight_out", 15 0;
S_0000029DFE82B7D0 .scope module, "core_mac" "mac_q4_12" 4 19, 5 1 0, S_0000029DFE82A830;
 .timescale -9 -12;
    .port_info 0 /INPUT 16 "weight";
    .port_info 1 /INPUT 16 "in_val";
    .port_info 2 /INPUT 16 "acc_in";
    .port_info 3 /OUTPUT 16 "acc_out";
v0000029DFE830590_0 .net/s *"_ivl_0", 31 0, L_0000029DFE907F80;  1 drivers
v0000029DFE82FD70_0 .net/s *"_ivl_2", 31 0, L_0000029DFE907A80;  1 drivers
v0000029DFE82F410_0 .net/s "acc_in", 15 0, L_0000029DFE8A8138;  alias, 1 drivers
v0000029DFE82FE10_0 .var/s "acc_out", 15 0;
v0000029DFE82F5F0_0 .net/s "in_val", 15 0, v0000029DFE823650_0;  alias, 1 drivers
v0000029DFE830450_0 .net/s "product", 31 0, L_0000029DFE9079E0;  1 drivers
v0000029DFE82F4B0_0 .net/s "weight", 15 0, v0000029DFE82F050_0;  1 drivers
E_0000029DFE7A9B20 .event anyedge, v0000029DFE82F410_0, v0000029DFE830450_0;
L_0000029DFE907F80 .extend/s 32, v0000029DFE82F050_0;
L_0000029DFE907A80 .extend/s 32, v0000029DFE823650_0;
L_0000029DFE9079E0 .arith/mult 32, L_0000029DFE907F80, L_0000029DFE907A80;
S_0000029DFE82C2C0 .scope generate, "gen_col[1]" "gen_col[1]" 3 27, 3 27 0, S_0000029DFE82B640;
 .timescale -9 -12;
P_0000029DFE7A9660 .param/l "c" 1 3 27, +C4<01>;
S_0000029DFE82BAF0 .scope module, "pe_inst" "systolic_pe" 3 32, 4 3 0, S_0000029DFE82C2C0;
 .timescale -9 -12;
    .port_info 0 /INPUT 1 "clk";
    .port_info 1 /INPUT 1 "rst";
    .port_info 2 /INPUT 1 "load_weight";
    .port_info 3 /INPUT 16 "weight_in";
    .port_info 4 /INPUT 16 "in_val_in";
    .port_info 5 /INPUT 16 "acc_in";
    .port_info 6 /OUTPUT 16 "weight_out";
    .port_info 7 /OUTPUT 16 "in_val_out";
    .port_info 8 /OUTPUT 16 "acc_out";
v0000029DFE8424E0_0 .net/s "acc_in", 15 0, v0000029DFE82F690_0;  alias, 1 drivers
v0000029DFE843340_0 .var/s "acc_out", 15 0;
v0000029DFE8430C0_0 .net "clk", 0 0, v0000029DFE89F9C0_0;  alias, 1 drivers
v0000029DFE842EE0_0 .net/s "in_val_in", 15 0, v0000029DFE823C90_0;  alias, 1 drivers
v0000029DFE843980_0 .var/s "in_val_out", 15 0;
v0000029DFE841E00_0 .net "load_weight", 0 0, v0000029DFE89FCE0_0;  alias, 1 drivers
v0000029DFE841680_0 .net/s "mac_result", 15 0, v0000029DFE8438E0_0;  1 drivers
v0000029DFE841EA0_0 .net "rst", 0 0, v0000029DFE89FF60_0;  alias, 1 drivers
v0000029DFE842940_0 .var/s "stationary_weight", 15 0;
v0000029DFE841CC0_0 .net/s "weight_in", 15 0, v0000029DFE82F730_0;  alias, 1 drivers
v0000029DFE841F40_0 .var/s "weight_out", 15 0;
S_0000029DFE82A9C0 .scope module, "core_mac" "mac_q4_12" 4 19, 5 1 0, S_0000029DFE82BAF0;
 .timescale -9 -12;
    .port_info 0 /INPUT 16 "weight";
    .port_info 1 /INPUT 16 "in_val";
    .port_info 2 /INPUT 16 "acc_in";
    .port_info 3 /OUTPUT 16 "acc_out";
v0000029DFE82F7D0_0 .net/s *"_ivl_0", 31 0, L_0000029DFE907B20;  1 drivers
v0000029DFE82FA50_0 .net/s *"_ivl_2", 31 0, L_0000029DFE908020;  1 drivers
v0000029DFE843200_0 .net/s "acc_in", 15 0, v0000029DFE82F690_0;  alias, 1 drivers
v0000029DFE8438E0_0 .var/s "acc_out", 15 0;
v0000029DFE842440_0 .net/s "in_val", 15 0, v0000029DFE823C90_0;  alias, 1 drivers
v0000029DFE8421C0_0 .net/s "product", 31 0, L_0000029DFE908AC0;  1 drivers
v0000029DFE843480_0 .net/s "weight", 15 0, v0000029DFE842940_0;  1 drivers
E_0000029DFE7A9AA0 .event anyedge, v0000029DFE82F690_0, v0000029DFE8421C0_0;
L_0000029DFE907B20 .extend/s 32, v0000029DFE842940_0;
L_0000029DFE908020 .extend/s 32, v0000029DFE823C90_0;
L_0000029DFE908AC0 .arith/mult 32, L_0000029DFE907B20, L_0000029DFE908020;
S_0000029DFE84AA80 .scope generate, "gen_col[2]" "gen_col[2]" 3 27, 3 27 0, S_0000029DFE82B640;
 .timescale -9 -12;
P_0000029DFE7A9DA0 .param/l "c" 1 3 27, +C4<010>;
S_0000029DFE849E00 .scope module, "pe_inst" "systolic_pe" 3 32, 4 3 0, S_0000029DFE84AA80;
 .timescale -9 -12;
    .port_info 0 /INPUT 1 "clk";
    .port_info 1 /INPUT 1 "rst";
    .port_info 2 /INPUT 1 "load_weight";
    .port_info 3 /INPUT 16 "weight_in";
    .port_info 4 /INPUT 16 "in_val_in";
    .port_info 5 /INPUT 16 "acc_in";
    .port_info 6 /OUTPUT 16 "weight_out";
    .port_info 7 /OUTPUT 16 "in_val_out";
    .port_info 8 /OUTPUT 16 "acc_out";
v0000029DFE843020_0 .net/s "acc_in", 15 0, v0000029DFE843340_0;  alias, 1 drivers
v0000029DFE842760_0 .var/s "acc_out", 15 0;
v0000029DFE843160_0 .net "clk", 0 0, v0000029DFE89F9C0_0;  alias, 1 drivers
v0000029DFE843AC0_0 .net/s "in_val_in", 15 0, v0000029DFE821E90_0;  alias, 1 drivers
v0000029DFE841A40_0 .var/s "in_val_out", 15 0;
v0000029DFE843B60_0 .net "load_weight", 0 0, v0000029DFE89FCE0_0;  alias, 1 drivers
v0000029DFE842E40_0 .net/s "mac_result", 15 0, v0000029DFE842120_0;  1 drivers
v0000029DFE8433E0_0 .net "rst", 0 0, v0000029DFE89FF60_0;  alias, 1 drivers
v0000029DFE842BC0_0 .var/s "stationary_weight", 15 0;
v0000029DFE842080_0 .net/s "weight_in", 15 0, v0000029DFE841F40_0;  alias, 1 drivers
v0000029DFE842580_0 .var/s "weight_out", 15 0;
S_0000029DFE84AF30 .scope module, "core_mac" "mac_q4_12" 4 19, 5 1 0, S_0000029DFE849E00;
 .timescale -9 -12;
    .port_info 0 /INPUT 16 "weight";
    .port_info 1 /INPUT 16 "in_val";
    .port_info 2 /INPUT 16 "acc_in";
    .port_info 3 /OUTPUT 16 "acc_out";
v0000029DFE841540_0 .net/s *"_ivl_0", 31 0, L_0000029DFE908480;  1 drivers
v0000029DFE842260_0 .net/s *"_ivl_2", 31 0, L_0000029DFE9080C0;  1 drivers
v0000029DFE843700_0 .net/s "acc_in", 15 0, v0000029DFE843340_0;  alias, 1 drivers
v0000029DFE842120_0 .var/s "acc_out", 15 0;
v0000029DFE841FE0_0 .net/s "in_val", 15 0, v0000029DFE821E90_0;  alias, 1 drivers
v0000029DFE842A80_0 .net/s "product", 31 0, L_0000029DFE908FC0;  1 drivers
v0000029DFE843A20_0 .net/s "weight", 15 0, v0000029DFE842BC0_0;  1 drivers
E_0000029DFE7A9260 .event anyedge, v0000029DFE843340_0, v0000029DFE842A80_0;
L_0000029DFE908480 .extend/s 32, v0000029DFE842BC0_0;
L_0000029DFE9080C0 .extend/s 32, v0000029DFE821E90_0;
L_0000029DFE908FC0 .arith/mult 32, L_0000029DFE908480, L_0000029DFE9080C0;
S_0000029DFE84A5D0 .scope generate, "gen_col[3]" "gen_col[3]" 3 27, 3 27 0, S_0000029DFE82B640;
 .timescale -9 -12;
P_0000029DFE7A93A0 .param/l "c" 1 3 27, +C4<011>;
S_0000029DFE84A440 .scope module, "pe_inst" "systolic_pe" 3 32, 4 3 0, S_0000029DFE84A5D0;
 .timescale -9 -12;
    .port_info 0 /INPUT 1 "clk";
    .port_info 1 /INPUT 1 "rst";
    .port_info 2 /INPUT 1 "load_weight";
    .port_info 3 /INPUT 16 "weight_in";
    .port_info 4 /INPUT 16 "in_val_in";
    .port_info 5 /INPUT 16 "acc_in";
    .port_info 6 /OUTPUT 16 "weight_out";
    .port_info 7 /OUTPUT 16 "in_val_out";
    .port_info 8 /OUTPUT 16 "acc_out";
v0000029DFE843660_0 .net/s "acc_in", 15 0, v0000029DFE842760_0;  alias, 1 drivers
v0000029DFE8423A0_0 .var/s "acc_out", 15 0;
v0000029DFE841D60_0 .net "clk", 0 0, v0000029DFE89F9C0_0;  alias, 1 drivers
v0000029DFE8429E0_0 .net/s "in_val_in", 15 0, v0000029DFE821850_0;  alias, 1 drivers
v0000029DFE842620_0 .var/s "in_val_out", 15 0;
v0000029DFE842800_0 .net "load_weight", 0 0, v0000029DFE89FCE0_0;  alias, 1 drivers
v0000029DFE842D00_0 .net/s "mac_result", 15 0, v0000029DFE842F80_0;  1 drivers
v0000029DFE8437A0_0 .net "rst", 0 0, v0000029DFE89FF60_0;  alias, 1 drivers
v0000029DFE8426C0_0 .var/s "stationary_weight", 15 0;
v0000029DFE843840_0 .net/s "weight_in", 15 0, v0000029DFE842580_0;  alias, 1 drivers
v0000029DFE8428A0_0 .var/s "weight_out", 15 0;
S_0000029DFE84B0C0 .scope module, "core_mac" "mac_q4_12" 4 19, 5 1 0, S_0000029DFE84A440;
 .timescale -9 -12;
    .port_info 0 /INPUT 16 "weight";
    .port_info 1 /INPUT 16 "in_val";
    .port_info 2 /INPUT 16 "acc_in";
    .port_info 3 /OUTPUT 16 "acc_out";
v0000029DFE842B20_0 .net/s *"_ivl_0", 31 0, L_0000029DFE908520;  1 drivers
v0000029DFE843520_0 .net/s *"_ivl_2", 31 0, L_0000029DFE9092E0;  1 drivers
v0000029DFE842300_0 .net/s "acc_in", 15 0, v0000029DFE842760_0;  alias, 1 drivers
v0000029DFE842F80_0 .var/s "acc_out", 15 0;
v0000029DFE8435C0_0 .net/s "in_val", 15 0, v0000029DFE821850_0;  alias, 1 drivers
v0000029DFE8432A0_0 .net/s "product", 31 0, L_0000029DFE909060;  1 drivers
v0000029DFE842C60_0 .net/s "weight", 15 0, v0000029DFE8426C0_0;  1 drivers
E_0000029DFE7A9CA0 .event anyedge, v0000029DFE842760_0, v0000029DFE8432A0_0;
L_0000029DFE908520 .extend/s 32, v0000029DFE8426C0_0;
L_0000029DFE9092E0 .extend/s 32, v0000029DFE821850_0;
L_0000029DFE909060 .arith/mult 32, L_0000029DFE908520, L_0000029DFE9092E0;
S_0000029DFE84ADA0 .scope generate, "gen_col[4]" "gen_col[4]" 3 27, 3 27 0, S_0000029DFE82B640;
 .timescale -9 -12;
P_0000029DFE7A9420 .param/l "c" 1 3 27, +C4<0100>;
S_0000029DFE84A8F0 .scope module, "pe_inst" "systolic_pe" 3 32, 4 3 0, S_0000029DFE84ADA0;
 .timescale -9 -12;
    .port_info 0 /INPUT 1 "clk";
    .port_info 1 /INPUT 1 "rst";
    .port_info 2 /INPUT 1 "load_weight";
    .port_info 3 /INPUT 16 "weight_in";
    .port_info 4 /INPUT 16 "in_val_in";
    .port_info 5 /INPUT 16 "acc_in";
    .port_info 6 /OUTPUT 16 "weight_out";
    .port_info 7 /OUTPUT 16 "in_val_out";
    .port_info 8 /OUTPUT 16 "acc_out";
v0000029DFE8415E0_0 .net/s "acc_in", 15 0, v0000029DFE8423A0_0;  alias, 1 drivers
v0000029DFE841720_0 .var/s "acc_out", 15 0;
v0000029DFE8417C0_0 .net "clk", 0 0, v0000029DFE89F9C0_0;  alias, 1 drivers
v0000029DFE841C20_0 .net/s "in_val_in", 15 0, v0000029DFE8229D0_0;  alias, 1 drivers
v0000029DFE841860_0 .var/s "in_val_out", 15 0;
v0000029DFE844A60_0 .net "load_weight", 0 0, v0000029DFE89FCE0_0;  alias, 1 drivers
v0000029DFE846180_0 .net/s "mac_result", 15 0, v0000029DFE841AE0_0;  1 drivers
v0000029DFE845F00_0 .net "rst", 0 0, v0000029DFE89FF60_0;  alias, 1 drivers
v0000029DFE8446A0_0 .var/s "stationary_weight", 15 0;
v0000029DFE844B00_0 .net/s "weight_in", 15 0, v0000029DFE8428A0_0;  alias, 1 drivers
v0000029DFE845FA0_0 .var/s "weight_out", 15 0;
S_0000029DFE849F90 .scope module, "core_mac" "mac_q4_12" 4 19, 5 1 0, S_0000029DFE84A8F0;
 .timescale -9 -12;
    .port_info 0 /INPUT 16 "weight";
    .port_info 1 /INPUT 16 "in_val";
    .port_info 2 /INPUT 16 "acc_in";
    .port_info 3 /OUTPUT 16 "acc_out";
v0000029DFE842DA0_0 .net/s *"_ivl_0", 31 0, L_0000029DFE909100;  1 drivers
v0000029DFE841900_0 .net/s *"_ivl_2", 31 0, L_0000029DFE909600;  1 drivers
v0000029DFE843C00_0 .net/s "acc_in", 15 0, v0000029DFE8423A0_0;  alias, 1 drivers
v0000029DFE841AE0_0 .var/s "acc_out", 15 0;
v0000029DFE8419A0_0 .net/s "in_val", 15 0, v0000029DFE8229D0_0;  alias, 1 drivers
v0000029DFE841B80_0 .net/s "product", 31 0, L_0000029DFE90ADC0;  1 drivers
v0000029DFE8414A0_0 .net/s "weight", 15 0, v0000029DFE8446A0_0;  1 drivers
E_0000029DFE7A9460 .event anyedge, v0000029DFE8423A0_0, v0000029DFE841B80_0;
L_0000029DFE909100 .extend/s 32, v0000029DFE8446A0_0;
L_0000029DFE909600 .extend/s 32, v0000029DFE8229D0_0;
L_0000029DFE90ADC0 .arith/mult 32, L_0000029DFE909100, L_0000029DFE909600;
S_0000029DFE84A760 .scope generate, "gen_col[5]" "gen_col[5]" 3 27, 3 27 0, S_0000029DFE82B640;
 .timescale -9 -12;
P_0000029DFE7A94A0 .param/l "c" 1 3 27, +C4<0101>;
S_0000029DFE84AC10 .scope module, "pe_inst" "systolic_pe" 3 32, 4 3 0, S_0000029DFE84A760;
 .timescale -9 -12;
    .port_info 0 /INPUT 1 "clk";
    .port_info 1 /INPUT 1 "rst";
    .port_info 2 /INPUT 1 "load_weight";
    .port_info 3 /INPUT 16 "weight_in";
    .port_info 4 /INPUT 16 "in_val_in";
    .port_info 5 /INPUT 16 "acc_in";
    .port_info 6 /OUTPUT 16 "weight_out";
    .port_info 7 /OUTPUT 16 "in_val_out";
    .port_info 8 /OUTPUT 16 "acc_out";
v0000029DFE8453C0_0 .net/s "acc_in", 15 0, v0000029DFE841720_0;  alias, 1 drivers
v0000029DFE8441A0_0 .var/s "acc_out", 15 0;
v0000029DFE845460_0 .net "clk", 0 0, v0000029DFE89F9C0_0;  alias, 1 drivers
v0000029DFE8455A0_0 .net/s "in_val_in", 15 0, v0000029DFE822F70_0;  alias, 1 drivers
v0000029DFE845320_0 .var/s "in_val_out", 15 0;
v0000029DFE8451E0_0 .net "load_weight", 0 0, v0000029DFE89FCE0_0;  alias, 1 drivers
v0000029DFE843E80_0 .net/s "mac_result", 15 0, v0000029DFE845B40_0;  1 drivers
v0000029DFE8458C0_0 .net "rst", 0 0, v0000029DFE89FF60_0;  alias, 1 drivers
v0000029DFE8460E0_0 .var/s "stationary_weight", 15 0;
v0000029DFE846220_0 .net/s "weight_in", 15 0, v0000029DFE845FA0_0;  alias, 1 drivers
v0000029DFE845000_0 .var/s "weight_out", 15 0;
S_0000029DFE84B250 .scope module, "core_mac" "mac_q4_12" 4 19, 5 1 0, S_0000029DFE84AC10;
 .timescale -9 -12;
    .port_info 0 /INPUT 16 "weight";
    .port_info 1 /INPUT 16 "in_val";
    .port_info 2 /INPUT 16 "acc_in";
    .port_info 3 /OUTPUT 16 "acc_out";
v0000029DFE844600_0 .net/s *"_ivl_0", 31 0, L_0000029DFE90C440;  1 drivers
v0000029DFE845280_0 .net/s *"_ivl_2", 31 0, L_0000029DFE90B400;  1 drivers
v0000029DFE844BA0_0 .net/s "acc_in", 15 0, v0000029DFE841720_0;  alias, 1 drivers
v0000029DFE845B40_0 .var/s "acc_out", 15 0;
v0000029DFE845820_0 .net/s "in_val", 15 0, v0000029DFE822F70_0;  alias, 1 drivers
v0000029DFE844F60_0 .net/s "product", 31 0, L_0000029DFE90A1E0;  1 drivers
v0000029DFE843CA0_0 .net/s "weight", 15 0, v0000029DFE8460E0_0;  1 drivers
E_0000029DFE7A94E0 .event anyedge, v0000029DFE841720_0, v0000029DFE844F60_0;
L_0000029DFE90C440 .extend/s 32, v0000029DFE8460E0_0;
L_0000029DFE90B400 .extend/s 32, v0000029DFE822F70_0;
L_0000029DFE90A1E0 .arith/mult 32, L_0000029DFE90C440, L_0000029DFE90B400;
S_0000029DFE8494A0 .scope generate, "gen_col[6]" "gen_col[6]" 3 27, 3 27 0, S_0000029DFE82B640;
 .timescale -9 -12;
P_0000029DFE7A98A0 .param/l "c" 1 3 27, +C4<0110>;
S_0000029DFE8497C0 .scope module, "pe_inst" "systolic_pe" 3 32, 4 3 0, S_0000029DFE8494A0;
 .timescale -9 -12;
    .port_info 0 /INPUT 1 "clk";
    .port_info 1 /INPUT 1 "rst";
    .port_info 2 /INPUT 1 "load_weight";
    .port_info 3 /INPUT 16 "weight_in";
    .port_info 4 /INPUT 16 "in_val_in";
    .port_info 5 /INPUT 16 "acc_in";
    .port_info 6 /OUTPUT 16 "weight_out";
    .port_info 7 /OUTPUT 16 "in_val_out";
    .port_info 8 /OUTPUT 16 "acc_out";
v0000029DFE843D40_0 .net/s "acc_in", 15 0, v0000029DFE8441A0_0;  alias, 1 drivers
v0000029DFE846360_0 .var/s "acc_out", 15 0;
v0000029DFE845500_0 .net "clk", 0 0, v0000029DFE89F9C0_0;  alias, 1 drivers
v0000029DFE845E60_0 .net/s "in_val_in", 15 0, v0000029DFE8288B0_0;  alias, 1 drivers
v0000029DFE844880_0 .var/s "in_val_out", 15 0;
v0000029DFE845640_0 .net "load_weight", 0 0, v0000029DFE89FCE0_0;  alias, 1 drivers
v0000029DFE844060_0 .net/s "mac_result", 15 0, v0000029DFE845C80_0;  1 drivers
v0000029DFE844C40_0 .net "rst", 0 0, v0000029DFE89FF60_0;  alias, 1 drivers
v0000029DFE843DE0_0 .var/s "stationary_weight", 15 0;
v0000029DFE845D20_0 .net/s "weight_in", 15 0, v0000029DFE845000_0;  alias, 1 drivers
v0000029DFE844EC0_0 .var/s "weight_out", 15 0;
S_0000029DFE849630 .scope module, "core_mac" "mac_q4_12" 4 19, 5 1 0, S_0000029DFE8497C0;
 .timescale -9 -12;
    .port_info 0 /INPUT 16 "weight";
    .port_info 1 /INPUT 16 "in_val";
    .port_info 2 /INPUT 16 "acc_in";
    .port_info 3 /OUTPUT 16 "acc_out";
v0000029DFE844CE0_0 .net/s *"_ivl_0", 31 0, L_0000029DFE90C620;  1 drivers
v0000029DFE8462C0_0 .net/s *"_ivl_2", 31 0, L_0000029DFE90AB40;  1 drivers
v0000029DFE8450A0_0 .net/s "acc_in", 15 0, v0000029DFE8441A0_0;  alias, 1 drivers
v0000029DFE845C80_0 .var/s "acc_out", 15 0;
v0000029DFE844560_0 .net/s "in_val", 15 0, v0000029DFE8288B0_0;  alias, 1 drivers
v0000029DFE8442E0_0 .net/s "product", 31 0, L_0000029DFE90AFA0;  1 drivers
v0000029DFE8444C0_0 .net/s "weight", 15 0, v0000029DFE843DE0_0;  1 drivers
E_0000029DFE7A9620 .event anyedge, v0000029DFE8441A0_0, v0000029DFE8442E0_0;
L_0000029DFE90C620 .extend/s 32, v0000029DFE843DE0_0;
L_0000029DFE90AB40 .extend/s 32, v0000029DFE8288B0_0;
L_0000029DFE90AFA0 .arith/mult 32, L_0000029DFE90C620, L_0000029DFE90AB40;
S_0000029DFE849950 .scope generate, "gen_col[7]" "gen_col[7]" 3 27, 3 27 0, S_0000029DFE82B640;
 .timescale -9 -12;
P_0000029DFE7A90E0 .param/l "c" 1 3 27, +C4<0111>;
S_0000029DFE849AE0 .scope module, "pe_inst" "systolic_pe" 3 32, 4 3 0, S_0000029DFE849950;
 .timescale -9 -12;
    .port_info 0 /INPUT 1 "clk";
    .port_info 1 /INPUT 1 "rst";
    .port_info 2 /INPUT 1 "load_weight";
    .port_info 3 /INPUT 16 "weight_in";
    .port_info 4 /INPUT 16 "in_val_in";
    .port_info 5 /INPUT 16 "acc_in";
    .port_info 6 /OUTPUT 16 "weight_out";
    .port_info 7 /OUTPUT 16 "in_val_out";
    .port_info 8 /OUTPUT 16 "acc_out";
v0000029DFE844920_0 .net/s "acc_in", 15 0, v0000029DFE846360_0;  alias, 1 drivers
v0000029DFE846400_0 .var/s "acc_out", 15 0;
v0000029DFE844740_0 .net "clk", 0 0, v0000029DFE89F9C0_0;  alias, 1 drivers
v0000029DFE843F20_0 .net/s "in_val_in", 15 0, v0000029DFE827050_0;  alias, 1 drivers
v0000029DFE843FC0_0 .var/s "in_val_out", 15 0;
v0000029DFE845140_0 .net "load_weight", 0 0, v0000029DFE89FCE0_0;  alias, 1 drivers
v0000029DFE845780_0 .net/s "mac_result", 15 0, v0000029DFE846040_0;  1 drivers
v0000029DFE845A00_0 .net "rst", 0 0, v0000029DFE89FF60_0;  alias, 1 drivers
v0000029DFE845BE0_0 .var/s "stationary_weight", 15 0;
v0000029DFE845DC0_0 .net/s "weight_in", 15 0, v0000029DFE844EC0_0;  alias, 1 drivers
v0000029DFE8447E0_0 .var/s "weight_out", 15 0;
S_0000029DFE849C70 .scope module, "core_mac" "mac_q4_12" 4 19, 5 1 0, S_0000029DFE849AE0;
 .timescale -9 -12;
    .port_info 0 /INPUT 16 "weight";
    .port_info 1 /INPUT 16 "in_val";
    .port_info 2 /INPUT 16 "acc_in";
    .port_info 3 /OUTPUT 16 "acc_out";
v0000029DFE844240_0 .net/s *"_ivl_0", 31 0, L_0000029DFE90B040;  1 drivers
v0000029DFE845AA0_0 .net/s *"_ivl_2", 31 0, L_0000029DFE90BB80;  1 drivers
v0000029DFE845960_0 .net/s "acc_in", 15 0, v0000029DFE846360_0;  alias, 1 drivers
v0000029DFE846040_0 .var/s "acc_out", 15 0;
v0000029DFE844D80_0 .net/s "in_val", 15 0, v0000029DFE827050_0;  alias, 1 drivers
v0000029DFE844E20_0 .net/s "product", 31 0, L_0000029DFE90AAA0;  1 drivers
v0000029DFE8456E0_0 .net/s "weight", 15 0, v0000029DFE845BE0_0;  1 drivers
E_0000029DFE7A9F60 .event anyedge, v0000029DFE846360_0, v0000029DFE844E20_0;
L_0000029DFE90B040 .extend/s 32, v0000029DFE845BE0_0;
L_0000029DFE90BB80 .extend/s 32, v0000029DFE827050_0;
L_0000029DFE90AAA0 .arith/mult 32, L_0000029DFE90B040, L_0000029DFE90BB80;
S_0000029DFE84A120 .scope generate, "gen_col[8]" "gen_col[8]" 3 27, 3 27 0, S_0000029DFE82B640;
 .timescale -9 -12;
P_0000029DFE7A9E20 .param/l "c" 1 3 27, +C4<01000>;
S_0000029DFE84A2B0 .scope module, "pe_inst" "systolic_pe" 3 32, 4 3 0, S_0000029DFE84A120;
 .timescale -9 -12;
    .port_info 0 /INPUT 1 "clk";
    .port_info 1 /INPUT 1 "rst";
    .port_info 2 /INPUT 1 "load_weight";
    .port_info 3 /INPUT 16 "weight_in";
    .port_info 4 /INPUT 16 "in_val_in";
    .port_info 5 /INPUT 16 "acc_in";
    .port_info 6 /OUTPUT 16 "weight_out";
    .port_info 7 /OUTPUT 16 "in_val_out";
    .port_info 8 /OUTPUT 16 "acc_out";
v0000029DFE847BC0_0 .net/s "acc_in", 15 0, v0000029DFE846400_0;  alias, 1 drivers
v0000029DFE8482A0_0 .var/s "acc_out", 15 0;
v0000029DFE846EA0_0 .net "clk", 0 0, v0000029DFE89F9C0_0;  alias, 1 drivers
v0000029DFE848A20_0 .net/s "in_val_in", 15 0, v0000029DFE828D10_0;  alias, 1 drivers
v0000029DFE847940_0 .var/s "in_val_out", 15 0;
v0000029DFE847E40_0 .net "load_weight", 0 0, v0000029DFE89FCE0_0;  alias, 1 drivers
v0000029DFE847300_0 .net/s "mac_result", 15 0, v0000029DFE8449C0_0;  1 drivers
v0000029DFE8474E0_0 .net "rst", 0 0, v0000029DFE89FF60_0;  alias, 1 drivers
v0000029DFE846C20_0 .var/s "stationary_weight", 15 0;
v0000029DFE847F80_0 .net/s "weight_in", 15 0, v0000029DFE8447E0_0;  alias, 1 drivers
v0000029DFE847760_0 .var/s "weight_out", 15 0;
S_0000029DFE856600 .scope module, "core_mac" "mac_q4_12" 4 19, 5 1 0, S_0000029DFE84A2B0;
 .timescale -9 -12;
    .port_info 0 /INPUT 16 "weight";
    .port_info 1 /INPUT 16 "in_val";
    .port_info 2 /INPUT 16 "acc_in";
    .port_info 3 /OUTPUT 16 "acc_out";
v0000029DFE844100_0 .net/s *"_ivl_0", 31 0, L_0000029DFE90A780;  1 drivers
v0000029DFE844380_0 .net/s *"_ivl_2", 31 0, L_0000029DFE90B0E0;  1 drivers
v0000029DFE844420_0 .net/s "acc_in", 15 0, v0000029DFE846400_0;  alias, 1 drivers
v0000029DFE8449C0_0 .var/s "acc_out", 15 0;
v0000029DFE847B20_0 .net/s "in_val", 15 0, v0000029DFE828D10_0;  alias, 1 drivers
v0000029DFE848980_0 .net/s "product", 31 0, L_0000029DFE90ABE0;  1 drivers
v0000029DFE8479E0_0 .net/s "weight", 15 0, v0000029DFE846C20_0;  1 drivers
E_0000029DFE7A9720 .event anyedge, v0000029DFE846400_0, v0000029DFE848980_0;
L_0000029DFE90A780 .extend/s 32, v0000029DFE846C20_0;
L_0000029DFE90B0E0 .extend/s 32, v0000029DFE828D10_0;
L_0000029DFE90ABE0 .arith/mult 32, L_0000029DFE90A780, L_0000029DFE90B0E0;
S_0000029DFE856470 .scope generate, "gen_col[9]" "gen_col[9]" 3 27, 3 27 0, S_0000029DFE82B640;
 .timescale -9 -12;
P_0000029DFE7A9860 .param/l "c" 1 3 27, +C4<01001>;
S_0000029DFE8557F0 .scope module, "pe_inst" "systolic_pe" 3 32, 4 3 0, S_0000029DFE856470;
 .timescale -9 -12;
    .port_info 0 /INPUT 1 "clk";
    .port_info 1 /INPUT 1 "rst";
    .port_info 2 /INPUT 1 "load_weight";
    .port_info 3 /INPUT 16 "weight_in";
    .port_info 4 /INPUT 16 "in_val_in";
    .port_info 5 /INPUT 16 "acc_in";
    .port_info 6 /OUTPUT 16 "weight_out";
    .port_info 7 /OUTPUT 16 "in_val_out";
    .port_info 8 /OUTPUT 16 "acc_out";
v0000029DFE846CC0_0 .net/s "acc_in", 15 0, v0000029DFE8482A0_0;  alias, 1 drivers
v0000029DFE846680_0 .var/s "acc_out", 15 0;
v0000029DFE847A80_0 .net "clk", 0 0, v0000029DFE89F9C0_0;  alias, 1 drivers
v0000029DFE846900_0 .net/s "in_val_in", 15 0, v0000029DFE829990_0;  alias, 1 drivers
v0000029DFE847580_0 .var/s "in_val_out", 15 0;
v0000029DFE847D00_0 .net "load_weight", 0 0, v0000029DFE89FCE0_0;  alias, 1 drivers
v0000029DFE848AC0_0 .net/s "mac_result", 15 0, v0000029DFE848160_0;  1 drivers
v0000029DFE8469A0_0 .net "rst", 0 0, v0000029DFE89FF60_0;  alias, 1 drivers
v0000029DFE846A40_0 .var/s "stationary_weight", 15 0;
v0000029DFE846AE0_0 .net/s "weight_in", 15 0, v0000029DFE847760_0;  alias, 1 drivers
v0000029DFE848200_0 .var/s "weight_out", 15 0;
S_0000029DFE856790 .scope module, "core_mac" "mac_q4_12" 4 19, 5 1 0, S_0000029DFE8557F0;
 .timescale -9 -12;
    .port_info 0 /INPUT 16 "weight";
    .port_info 1 /INPUT 16 "in_val";
    .port_info 2 /INPUT 16 "acc_in";
    .port_info 3 /OUTPUT 16 "acc_out";
v0000029DFE847C60_0 .net/s *"_ivl_0", 31 0, L_0000029DFE90AE60;  1 drivers
v0000029DFE848840_0 .net/s *"_ivl_2", 31 0, L_0000029DFE90A5A0;  1 drivers
v0000029DFE848480_0 .net/s "acc_in", 15 0, v0000029DFE8482A0_0;  alias, 1 drivers
v0000029DFE848160_0 .var/s "acc_out", 15 0;
v0000029DFE848520_0 .net/s "in_val", 15 0, v0000029DFE829990_0;  alias, 1 drivers
v0000029DFE846D60_0 .net/s "product", 31 0, L_0000029DFE90C4E0;  1 drivers
v0000029DFE8465E0_0 .net/s "weight", 15 0, v0000029DFE846A40_0;  1 drivers
E_0000029DFE7A98E0 .event anyedge, v0000029DFE8482A0_0, v0000029DFE846D60_0;
L_0000029DFE90AE60 .extend/s 32, v0000029DFE846A40_0;
L_0000029DFE90A5A0 .extend/s 32, v0000029DFE829990_0;
L_0000029DFE90C4E0 .arith/mult 32, L_0000029DFE90AE60, L_0000029DFE90A5A0;
S_0000029DFE856F60 .scope generate, "gen_col[10]" "gen_col[10]" 3 27, 3 27 0, S_0000029DFE82B640;
 .timescale -9 -12;
P_0000029DFE7A9D60 .param/l "c" 1 3 27, +C4<01010>;
S_0000029DFE856DD0 .scope module, "pe_inst" "systolic_pe" 3 32, 4 3 0, S_0000029DFE856F60;
 .timescale -9 -12;
    .port_info 0 /INPUT 1 "clk";
    .port_info 1 /INPUT 1 "rst";
    .port_info 2 /INPUT 1 "load_weight";
    .port_info 3 /INPUT 16 "weight_in";
    .port_info 4 /INPUT 16 "in_val_in";
    .port_info 5 /INPUT 16 "acc_in";
    .port_info 6 /OUTPUT 16 "weight_out";
    .port_info 7 /OUTPUT 16 "in_val_out";
    .port_info 8 /OUTPUT 16 "acc_out";
v0000029DFE846E00_0 .net/s "acc_in", 15 0, v0000029DFE846680_0;  alias, 1 drivers
v0000029DFE847EE0_0 .var/s "acc_out", 15 0;
v0000029DFE847260_0 .net "clk", 0 0, v0000029DFE89F9C0_0;  alias, 1 drivers
v0000029DFE847800_0 .net/s "in_val_in", 15 0, v0000029DFE82A570_0;  alias, 1 drivers
v0000029DFE8464A0_0 .var/s "in_val_out", 15 0;
v0000029DFE848B60_0 .net "load_weight", 0 0, v0000029DFE89FCE0_0;  alias, 1 drivers
v0000029DFE846F40_0 .net/s "mac_result", 15 0, v0000029DFE846860_0;  1 drivers
v0000029DFE848020_0 .net "rst", 0 0, v0000029DFE89FF60_0;  alias, 1 drivers
v0000029DFE846FE0_0 .var/s "stationary_weight", 15 0;
v0000029DFE847620_0 .net/s "weight_in", 15 0, v0000029DFE848200_0;  alias, 1 drivers
v0000029DFE847080_0 .var/s "weight_out", 15 0;
S_0000029DFE855FC0 .scope module, "core_mac" "mac_q4_12" 4 19, 5 1 0, S_0000029DFE856DD0;
 .timescale -9 -12;
    .port_info 0 /INPUT 16 "weight";
    .port_info 1 /INPUT 16 "in_val";
    .port_info 2 /INPUT 16 "acc_in";
    .port_info 3 /OUTPUT 16 "acc_out";
v0000029DFE847120_0 .net/s *"_ivl_0", 31 0, L_0000029DFE90A960;  1 drivers
v0000029DFE848700_0 .net/s *"_ivl_2", 31 0, L_0000029DFE90AC80;  1 drivers
v0000029DFE8476C0_0 .net/s "acc_in", 15 0, v0000029DFE846680_0;  alias, 1 drivers
v0000029DFE846860_0 .var/s "acc_out", 15 0;
v0000029DFE847DA0_0 .net/s "in_val", 15 0, v0000029DFE82A570_0;  alias, 1 drivers
v0000029DFE846B80_0 .net/s "product", 31 0, L_0000029DFE90AD20;  1 drivers
v0000029DFE8473A0_0 .net/s "weight", 15 0, v0000029DFE846FE0_0;  1 drivers
E_0000029DFE7A95A0 .event anyedge, v0000029DFE846680_0, v0000029DFE846B80_0;
L_0000029DFE90A960 .extend/s 32, v0000029DFE846FE0_0;
L_0000029DFE90AC80 .extend/s 32, v0000029DFE82A570_0;
L_0000029DFE90AD20 .arith/mult 32, L_0000029DFE90A960, L_0000029DFE90AC80;
S_0000029DFE856AB0 .scope generate, "gen_col[11]" "gen_col[11]" 3 27, 3 27 0, S_0000029DFE82B640;
 .timescale -9 -12;
P_0000029DFE7A9960 .param/l "c" 1 3 27, +C4<01011>;
S_0000029DFE8570F0 .scope module, "pe_inst" "systolic_pe" 3 32, 4 3 0, S_0000029DFE856AB0;
 .timescale -9 -12;
    .port_info 0 /INPUT 1 "clk";
    .port_info 1 /INPUT 1 "rst";
    .port_info 2 /INPUT 1 "load_weight";
    .port_info 3 /INPUT 16 "weight_in";
    .port_info 4 /INPUT 16 "in_val_in";
    .port_info 5 /INPUT 16 "acc_in";
    .port_info 6 /OUTPUT 16 "weight_out";
    .port_info 7 /OUTPUT 16 "in_val_out";
    .port_info 8 /OUTPUT 16 "acc_out";
v0000029DFE848660_0 .net/s "acc_in", 15 0, v0000029DFE847EE0_0;  alias, 1 drivers
v0000029DFE8487A0_0 .var/s "acc_out", 15 0;
v0000029DFE8471C0_0 .net "clk", 0 0, v0000029DFE89F9C0_0;  alias, 1 drivers
v0000029DFE8488E0_0 .net/s "in_val_in", 15 0, v0000029DFE82DED0_0;  alias, 1 drivers
v0000029DFE848C00_0 .var/s "in_val_out", 15 0;
v0000029DFE846540_0 .net "load_weight", 0 0, v0000029DFE89FCE0_0;  alias, 1 drivers
v0000029DFE846720_0 .net/s "mac_result", 15 0, v0000029DFE8478A0_0;  1 drivers
v0000029DFE8491A0_0 .net "rst", 0 0, v0000029DFE89FF60_0;  alias, 1 drivers
v0000029DFE848CA0_0 .var/s "stationary_weight", 15 0;
v0000029DFE848D40_0 .net/s "weight_in", 15 0, v0000029DFE847080_0;  alias, 1 drivers
v0000029DFE849060_0 .var/s "weight_out", 15 0;
S_0000029DFE857280 .scope module, "core_mac" "mac_q4_12" 4 19, 5 1 0, S_0000029DFE8570F0;
 .timescale -9 -12;
    .port_info 0 /INPUT 16 "weight";
    .port_info 1 /INPUT 16 "in_val";
    .port_info 2 /INPUT 16 "acc_in";
    .port_info 3 /OUTPUT 16 "acc_out";
v0000029DFE847440_0 .net/s *"_ivl_0", 31 0, L_0000029DFE90A6E0;  1 drivers
v0000029DFE8480C0_0 .net/s *"_ivl_2", 31 0, L_0000029DFE90B180;  1 drivers
v0000029DFE8467C0_0 .net/s "acc_in", 15 0, v0000029DFE847EE0_0;  alias, 1 drivers
v0000029DFE8478A0_0 .var/s "acc_out", 15 0;
v0000029DFE848340_0 .net/s "in_val", 15 0, v0000029DFE82DED0_0;  alias, 1 drivers
v0000029DFE8483E0_0 .net/s "product", 31 0, L_0000029DFE90A640;  1 drivers
v0000029DFE8485C0_0 .net/s "weight", 15 0, v0000029DFE848CA0_0;  1 drivers
E_0000029DFE7A9160 .event anyedge, v0000029DFE847EE0_0, v0000029DFE8483E0_0;
L_0000029DFE90A6E0 .extend/s 32, v0000029DFE848CA0_0;
L_0000029DFE90B180 .extend/s 32, v0000029DFE82DED0_0;
L_0000029DFE90A640 .arith/mult 32, L_0000029DFE90A6E0, L_0000029DFE90B180;
S_0000029DFE8554D0 .scope generate, "gen_col[12]" "gen_col[12]" 3 27, 3 27 0, S_0000029DFE82B640;
 .timescale -9 -12;
P_0000029DFE7A9BA0 .param/l "c" 1 3 27, +C4<01100>;
S_0000029DFE8562E0 .scope module, "pe_inst" "systolic_pe" 3 32, 4 3 0, S_0000029DFE8554D0;
 .timescale -9 -12;
    .port_info 0 /INPUT 1 "clk";
    .port_info 1 /INPUT 1 "rst";
    .port_info 2 /INPUT 1 "load_weight";
    .port_info 3 /INPUT 16 "weight_in";
    .port_info 4 /INPUT 16 "in_val_in";
    .port_info 5 /INPUT 16 "acc_in";
    .port_info 6 /OUTPUT 16 "weight_out";
    .port_info 7 /OUTPUT 16 "in_val_out";
    .port_info 8 /OUTPUT 16 "acc_out";
v0000029DFE848F20_0 .net/s "acc_in", 15 0, v0000029DFE8487A0_0;  alias, 1 drivers
v0000029DFE857BD0_0 .var/s "acc_out", 15 0;
v0000029DFE858350_0 .net "clk", 0 0, v0000029DFE89F9C0_0;  alias, 1 drivers
v0000029DFE8583F0_0 .net/s "in_val_in", 15 0, v0000029DFE82D610_0;  alias, 1 drivers
v0000029DFE858A30_0 .var/s "in_val_out", 15 0;
v0000029DFE857A90_0 .net "load_weight", 0 0, v0000029DFE89FCE0_0;  alias, 1 drivers
v0000029DFE859070_0 .net/s "mac_result", 15 0, v0000029DFE849240_0;  1 drivers
v0000029DFE858170_0 .net "rst", 0 0, v0000029DFE89FF60_0;  alias, 1 drivers
v0000029DFE8585D0_0 .var/s "stationary_weight", 15 0;
v0000029DFE857590_0 .net/s "weight_in", 15 0, v0000029DFE849060_0;  alias, 1 drivers
v0000029DFE857EF0_0 .var/s "weight_out", 15 0;
S_0000029DFE856920 .scope module, "core_mac" "mac_q4_12" 4 19, 5 1 0, S_0000029DFE8562E0;
 .timescale -9 -12;
    .port_info 0 /INPUT 16 "weight";
    .port_info 1 /INPUT 16 "in_val";
    .port_info 2 /INPUT 16 "acc_in";
    .port_info 3 /OUTPUT 16 "acc_out";
v0000029DFE848DE0_0 .net/s *"_ivl_0", 31 0, L_0000029DFE90AF00;  1 drivers
v0000029DFE848FC0_0 .net/s *"_ivl_2", 31 0, L_0000029DFE90C580;  1 drivers
v0000029DFE849100_0 .net/s "acc_in", 15 0, v0000029DFE8487A0_0;  alias, 1 drivers
v0000029DFE849240_0 .var/s "acc_out", 15 0;
v0000029DFE8492E0_0 .net/s "in_val", 15 0, v0000029DFE82D610_0;  alias, 1 drivers
v0000029DFE848E80_0 .net/s "product", 31 0, L_0000029DFE90B9A0;  1 drivers
v0000029DFE849380_0 .net/s "weight", 15 0, v0000029DFE8585D0_0;  1 drivers
E_0000029DFE7A9AE0 .event anyedge, v0000029DFE8487A0_0, v0000029DFE848E80_0;
L_0000029DFE90AF00 .extend/s 32, v0000029DFE8585D0_0;
L_0000029DFE90C580 .extend/s 32, v0000029DFE82D610_0;
L_0000029DFE90B9A0 .arith/mult 32, L_0000029DFE90AF00, L_0000029DFE90C580;
S_0000029DFE856C40 .scope generate, "gen_col[13]" "gen_col[13]" 3 27, 3 27 0, S_0000029DFE82B640;
 .timescale -9 -12;
P_0000029DFE7A9E60 .param/l "c" 1 3 27, +C4<01101>;
S_0000029DFE855660 .scope module, "pe_inst" "systolic_pe" 3 32, 4 3 0, S_0000029DFE856C40;
 .timescale -9 -12;
    .port_info 0 /INPUT 1 "clk";
    .port_info 1 /INPUT 1 "rst";
    .port_info 2 /INPUT 1 "load_weight";
    .port_info 3 /INPUT 16 "weight_in";
    .port_info 4 /INPUT 16 "in_val_in";
    .port_info 5 /INPUT 16 "acc_in";
    .port_info 6 /OUTPUT 16 "weight_out";
    .port_info 7 /OUTPUT 16 "in_val_out";
    .port_info 8 /OUTPUT 16 "acc_out";
v0000029DFE858030_0 .net/s "acc_in", 15 0, v0000029DFE857BD0_0;  alias, 1 drivers
v0000029DFE858B70_0 .var/s "acc_out", 15 0;
v0000029DFE857950_0 .net "clk", 0 0, v0000029DFE89F9C0_0;  alias, 1 drivers
v0000029DFE8594D0_0 .net/s "in_val_in", 15 0, v0000029DFE82E970_0;  alias, 1 drivers
v0000029DFE857DB0_0 .var/s "in_val_out", 15 0;
v0000029DFE857B30_0 .net "load_weight", 0 0, v0000029DFE89FCE0_0;  alias, 1 drivers
v0000029DFE857F90_0 .net/s "mac_result", 15 0, v0000029DFE859390_0;  1 drivers
v0000029DFE858F30_0 .net "rst", 0 0, v0000029DFE89FF60_0;  alias, 1 drivers
v0000029DFE858990_0 .var/s "stationary_weight", 15 0;
v0000029DFE8579F0_0 .net/s "weight_in", 15 0, v0000029DFE857EF0_0;  alias, 1 drivers
v0000029DFE858850_0 .var/s "weight_out", 15 0;
S_0000029DFE855980 .scope module, "core_mac" "mac_q4_12" 4 19, 5 1 0, S_0000029DFE855660;
 .timescale -9 -12;
    .port_info 0 /INPUT 16 "weight";
    .port_info 1 /INPUT 16 "in_val";
    .port_info 2 /INPUT 16 "acc_in";
    .port_info 3 /OUTPUT 16 "acc_out";
v0000029DFE857E50_0 .net/s *"_ivl_0", 31 0, L_0000029DFE90BC20;  1 drivers
v0000029DFE858AD0_0 .net/s *"_ivl_2", 31 0, L_0000029DFE90B4A0;  1 drivers
v0000029DFE8582B0_0 .net/s "acc_in", 15 0, v0000029DFE857BD0_0;  alias, 1 drivers
v0000029DFE859390_0 .var/s "acc_out", 15 0;
v0000029DFE859110_0 .net/s "in_val", 15 0, v0000029DFE82E970_0;  alias, 1 drivers
v0000029DFE8587B0_0 .net/s "product", 31 0, L_0000029DFE90BCC0;  1 drivers
v0000029DFE858490_0 .net/s "weight", 15 0, v0000029DFE858990_0;  1 drivers
E_0000029DFE7A96A0 .event anyedge, v0000029DFE857BD0_0, v0000029DFE8587B0_0;
L_0000029DFE90BC20 .extend/s 32, v0000029DFE858990_0;
L_0000029DFE90B4A0 .extend/s 32, v0000029DFE82E970_0;
L_0000029DFE90BCC0 .arith/mult 32, L_0000029DFE90BC20, L_0000029DFE90B4A0;
S_0000029DFE855B10 .scope generate, "gen_col[14]" "gen_col[14]" 3 27, 3 27 0, S_0000029DFE82B640;
 .timescale -9 -12;
P_0000029DFE7A99A0 .param/l "c" 1 3 27, +C4<01110>;
S_0000029DFE855CA0 .scope module, "pe_inst" "systolic_pe" 3 32, 4 3 0, S_0000029DFE855B10;
 .timescale -9 -12;
    .port_info 0 /INPUT 1 "clk";
    .port_info 1 /INPUT 1 "rst";
    .port_info 2 /INPUT 1 "load_weight";
    .port_info 3 /INPUT 16 "weight_in";
    .port_info 4 /INPUT 16 "in_val_in";
    .port_info 5 /INPUT 16 "acc_in";
    .port_info 6 /OUTPUT 16 "weight_out";
    .port_info 7 /OUTPUT 16 "in_val_out";
    .port_info 8 /OUTPUT 16 "acc_out";
v0000029DFE859250_0 .net/s "acc_in", 15 0, v0000029DFE858B70_0;  alias, 1 drivers
v0000029DFE8591B0_0 .var/s "acc_out", 15 0;
v0000029DFE859610_0 .net "clk", 0 0, v0000029DFE89F9C0_0;  alias, 1 drivers
v0000029DFE859430_0 .net/s "in_val_in", 15 0, v0000029DFE82DE30_0;  alias, 1 drivers
v0000029DFE858670_0 .var/s "in_val_out", 15 0;
v0000029DFE858530_0 .net "load_weight", 0 0, v0000029DFE89FCE0_0;  alias, 1 drivers
v0000029DFE859890_0 .net/s "mac_result", 15 0, v0000029DFE8574F0_0;  1 drivers
v0000029DFE859750_0 .net "rst", 0 0, v0000029DFE89FF60_0;  alias, 1 drivers
v0000029DFE8597F0_0 .var/s "stationary_weight", 15 0;
v0000029DFE859930_0 .net/s "weight_in", 15 0, v0000029DFE858850_0;  alias, 1 drivers
v0000029DFE858710_0 .var/s "weight_out", 15 0;
S_0000029DFE855E30 .scope module, "core_mac" "mac_q4_12" 4 19, 5 1 0, S_0000029DFE855CA0;
 .timescale -9 -12;
    .port_info 0 /INPUT 16 "weight";
    .port_info 1 /INPUT 16 "in_val";
    .port_info 2 /INPUT 16 "acc_in";
    .port_info 3 /OUTPUT 16 "acc_out";
v0000029DFE858FD0_0 .net/s *"_ivl_0", 31 0, L_0000029DFE90AA00;  1 drivers
v0000029DFE857770_0 .net/s *"_ivl_2", 31 0, L_0000029DFE90B540;  1 drivers
v0000029DFE8592F0_0 .net/s "acc_in", 15 0, v0000029DFE858B70_0;  alias, 1 drivers
v0000029DFE8574F0_0 .var/s "acc_out", 15 0;
v0000029DFE858C10_0 .net/s "in_val", 15 0, v0000029DFE82DE30_0;  alias, 1 drivers
v0000029DFE8596B0_0 .net/s "product", 31 0, L_0000029DFE90B680;  1 drivers
v0000029DFE859570_0 .net/s "weight", 15 0, v0000029DFE8597F0_0;  1 drivers
E_0000029DFE7A9CE0 .event anyedge, v0000029DFE858B70_0, v0000029DFE8596B0_0;
L_0000029DFE90AA00 .extend/s 32, v0000029DFE8597F0_0;
L_0000029DFE90B540 .extend/s 32, v0000029DFE82DE30_0;
L_0000029DFE90B680 .arith/mult 32, L_0000029DFE90AA00, L_0000029DFE90B540;
S_0000029DFE856150 .scope generate, "gen_col[15]" "gen_col[15]" 3 27, 3 27 0, S_0000029DFE82B640;
 .timescale -9 -12;
P_0000029DFE7A96E0 .param/l "c" 1 3 27, +C4<01111>;
S_0000029DFE860AD0 .scope module, "pe_inst" "systolic_pe" 3 32, 4 3 0, S_0000029DFE856150;
 .timescale -9 -12;
    .port_info 0 /INPUT 1 "clk";
    .port_info 1 /INPUT 1 "rst";
    .port_info 2 /INPUT 1 "load_weight";
    .port_info 3 /INPUT 16 "weight_in";
    .port_info 4 /INPUT 16 "in_val_in";
    .port_info 5 /INPUT 16 "acc_in";
    .port_info 6 /OUTPUT 16 "weight_out";
    .port_info 7 /OUTPUT 16 "in_val_out";
    .port_info 8 /OUTPUT 16 "acc_out";
v0000029DFE859A70_0 .net/s "acc_in", 15 0, v0000029DFE8591B0_0;  alias, 1 drivers
v0000029DFE857C70_0 .var/s "acc_out", 15 0;
v0000029DFE858CB0_0 .net "clk", 0 0, v0000029DFE89F9C0_0;  alias, 1 drivers
v0000029DFE858DF0_0 .net/s "in_val_in", 15 0, v0000029DFE82F2D0_0;  alias, 1 drivers
v0000029DFE859B10_0 .var/s "in_val_out", 15 0;
v0000029DFE858E90_0 .net "load_weight", 0 0, v0000029DFE89FCE0_0;  alias, 1 drivers
v0000029DFE859BB0_0 .net/s "mac_result", 15 0, v0000029DFE858D50_0;  1 drivers
v0000029DFE859C50_0 .net "rst", 0 0, v0000029DFE89FF60_0;  alias, 1 drivers
v0000029DFE8576D0_0 .var/s "stationary_weight", 15 0;
v0000029DFE857810_0 .net/s "weight_in", 15 0, v0000029DFE858710_0;  alias, 1 drivers
v0000029DFE8578B0_0 .var/s "weight_out", 15 0;
S_0000029DFE85F810 .scope module, "core_mac" "mac_q4_12" 4 19, 5 1 0, S_0000029DFE860AD0;
 .timescale -9 -12;
    .port_info 0 /INPUT 16 "weight";
    .port_info 1 /INPUT 16 "in_val";
    .port_info 2 /INPUT 16 "acc_in";
    .port_info 3 /OUTPUT 16 "acc_out";
v0000029DFE8599D0_0 .net/s *"_ivl_0", 31 0, L_0000029DFE90C800;  1 drivers
v0000029DFE858210_0 .net/s *"_ivl_2", 31 0, L_0000029DFE90C260;  1 drivers
v0000029DFE8580D0_0 .net/s "acc_in", 15 0, v0000029DFE8591B0_0;  alias, 1 drivers
v0000029DFE858D50_0 .var/s "acc_out", 15 0;
v0000029DFE8588F0_0 .net/s "in_val", 15 0, v0000029DFE82F2D0_0;  alias, 1 drivers
v0000029DFE857630_0 .net/s "product", 31 0, L_0000029DFE90BD60;  1 drivers
v0000029DFE857D10_0 .net/s "weight", 15 0, v0000029DFE8576D0_0;  1 drivers
E_0000029DFE7A9BE0 .event anyedge, v0000029DFE8591B0_0, v0000029DFE857630_0;
L_0000029DFE90C800 .extend/s 32, v0000029DFE8576D0_0;
L_0000029DFE90C260 .extend/s 32, v0000029DFE82F2D0_0;
L_0000029DFE90BD60 .arith/mult 32, L_0000029DFE90C800, L_0000029DFE90C260;
S_0000029DFE860C60 .scope generate, "gen_row[3]" "gen_row[3]" 3 22, 3 22 0, S_0000029DFE7B6390;
 .timescale -9 -12;
P_0000029DFE7A97E0 .param/l "r" 1 3 22, +C4<011>;
L_0000029DFE7316F0 .functor BUFZ 16, v0000029DFE865CA0_0, C4<0000000000000000>, C4<0000000000000000>, C4<0000000000000000>;
v0000029DFE869300_0 .net *"_ivl_7", 15 0, L_0000029DFE7316F0;  1 drivers
S_0000029DFE860620 .scope generate, "gen_col[0]" "gen_col[0]" 3 27, 3 27 0, S_0000029DFE860C60;
 .timescale -9 -12;
P_0000029DFE7A9D20 .param/l "c" 1 3 27, +C4<00>;
S_0000029DFE860490 .scope module, "pe_inst" "systolic_pe" 3 32, 4 3 0, S_0000029DFE860620;
 .timescale -9 -12;
    .port_info 0 /INPUT 1 "clk";
    .port_info 1 /INPUT 1 "rst";
    .port_info 2 /INPUT 1 "load_weight";
    .port_info 3 /INPUT 16 "weight_in";
    .port_info 4 /INPUT 16 "in_val_in";
    .port_info 5 /INPUT 16 "acc_in";
    .port_info 6 /OUTPUT 16 "weight_out";
    .port_info 7 /OUTPUT 16 "in_val_out";
    .port_info 8 /OUTPUT 16 "acc_out";
v0000029DFE85B2D0_0 .net/s "acc_in", 15 0, L_0000029DFE8A8180;  alias, 1 drivers
v0000029DFE85BD70_0 .var/s "acc_out", 15 0;
v0000029DFE85A510_0 .net "clk", 0 0, v0000029DFE89F9C0_0;  alias, 1 drivers
v0000029DFE85B410_0 .net/s "in_val_in", 15 0, v0000029DFE8303B0_0;  alias, 1 drivers
v0000029DFE85BF50_0 .var/s "in_val_out", 15 0;
v0000029DFE85AAB0_0 .net "load_weight", 0 0, v0000029DFE89FCE0_0;  alias, 1 drivers
v0000029DFE85B4B0_0 .net/s "mac_result", 15 0, v0000029DFE85A150_0;  1 drivers
v0000029DFE85B550_0 .net "rst", 0 0, v0000029DFE89FF60_0;  alias, 1 drivers
v0000029DFE85BAF0_0 .var/s "stationary_weight", 15 0;
v0000029DFE85A6F0_0 .net/s "weight_in", 15 0, L_0000029DFE90BA40;  alias, 1 drivers
v0000029DFE85AF10_0 .var/s "weight_out", 15 0;
S_0000029DFE85FB30 .scope module, "core_mac" "mac_q4_12" 4 19, 5 1 0, S_0000029DFE860490;
 .timescale -9 -12;
    .port_info 0 /INPUT 16 "weight";
    .port_info 1 /INPUT 16 "in_val";
    .port_info 2 /INPUT 16 "acc_in";
    .port_info 3 /OUTPUT 16 "acc_out";
v0000029DFE85C090_0 .net/s *"_ivl_0", 31 0, L_0000029DFE90C6C0;  1 drivers
v0000029DFE85A290_0 .net/s *"_ivl_2", 31 0, L_0000029DFE90B360;  1 drivers
v0000029DFE85AD30_0 .net/s "acc_in", 15 0, L_0000029DFE8A8180;  alias, 1 drivers
v0000029DFE85A150_0 .var/s "acc_out", 15 0;
v0000029DFE85AE70_0 .net/s "in_val", 15 0, v0000029DFE8303B0_0;  alias, 1 drivers
v0000029DFE85B370_0 .net/s "product", 31 0, L_0000029DFE90B220;  1 drivers
v0000029DFE85B230_0 .net/s "weight", 15 0, v0000029DFE85BAF0_0;  1 drivers
E_0000029DFE7A9C20 .event anyedge, v0000029DFE85AD30_0, v0000029DFE85B370_0;
L_0000029DFE90C6C0 .extend/s 32, v0000029DFE85BAF0_0;
L_0000029DFE90B360 .extend/s 32, v0000029DFE8303B0_0;
L_0000029DFE90B220 .arith/mult 32, L_0000029DFE90C6C0, L_0000029DFE90B360;
S_0000029DFE860940 .scope generate, "gen_col[1]" "gen_col[1]" 3 27, 3 27 0, S_0000029DFE860C60;
 .timescale -9 -12;
P_0000029DFE7A9EA0 .param/l "c" 1 3 27, +C4<01>;
S_0000029DFE860300 .scope module, "pe_inst" "systolic_pe" 3 32, 4 3 0, S_0000029DFE860940;
 .timescale -9 -12;
    .port_info 0 /INPUT 1 "clk";
    .port_info 1 /INPUT 1 "rst";
    .port_info 2 /INPUT 1 "load_weight";
    .port_info 3 /INPUT 16 "weight_in";
    .port_info 4 /INPUT 16 "in_val_in";
    .port_info 5 /INPUT 16 "acc_in";
    .port_info 6 /OUTPUT 16 "weight_out";
    .port_info 7 /OUTPUT 16 "in_val_out";
    .port_info 8 /OUTPUT 16 "acc_out";
v0000029DFE85A330_0 .net/s "acc_in", 15 0, v0000029DFE85BD70_0;  alias, 1 drivers
v0000029DFE85AC90_0 .var/s "acc_out", 15 0;
v0000029DFE85B0F0_0 .net "clk", 0 0, v0000029DFE89F9C0_0;  alias, 1 drivers
v0000029DFE85B7D0_0 .net/s "in_val_in", 15 0, v0000029DFE843980_0;  alias, 1 drivers
v0000029DFE85B730_0 .var/s "in_val_out", 15 0;
v0000029DFE85A470_0 .net "load_weight", 0 0, v0000029DFE89FCE0_0;  alias, 1 drivers
v0000029DFE85BB90_0 .net/s "mac_result", 15 0, v0000029DFE85AFB0_0;  1 drivers
v0000029DFE859ED0_0 .net "rst", 0 0, v0000029DFE89FF60_0;  alias, 1 drivers
v0000029DFE859CF0_0 .var/s "stationary_weight", 15 0;
v0000029DFE85A3D0_0 .net/s "weight_in", 15 0, v0000029DFE85AF10_0;  alias, 1 drivers
v0000029DFE85BEB0_0 .var/s "weight_out", 15 0;
S_0000029DFE85FE50 .scope module, "core_mac" "mac_q4_12" 4 19, 5 1 0, S_0000029DFE860300;
 .timescale -9 -12;
    .port_info 0 /INPUT 16 "weight";
    .port_info 1 /INPUT 16 "in_val";
    .port_info 2 /INPUT 16 "acc_in";
    .port_info 3 /OUTPUT 16 "acc_out";
v0000029DFE85B190_0 .net/s *"_ivl_0", 31 0, L_0000029DFE90C760;  1 drivers
v0000029DFE85A1F0_0 .net/s *"_ivl_2", 31 0, L_0000029DFE90BAE0;  1 drivers
v0000029DFE85B5F0_0 .net/s "acc_in", 15 0, v0000029DFE85BD70_0;  alias, 1 drivers
v0000029DFE85AFB0_0 .var/s "acc_out", 15 0;
v0000029DFE85C130_0 .net/s "in_val", 15 0, v0000029DFE843980_0;  alias, 1 drivers
v0000029DFE85A8D0_0 .net/s "product", 31 0, L_0000029DFE90B2C0;  1 drivers
v0000029DFE85AA10_0 .net/s "weight", 15 0, v0000029DFE859CF0_0;  1 drivers
E_0000029DFE7A9820 .event anyedge, v0000029DFE85BD70_0, v0000029DFE85A8D0_0;
L_0000029DFE90C760 .extend/s 32, v0000029DFE859CF0_0;
L_0000029DFE90BAE0 .extend/s 32, v0000029DFE843980_0;
L_0000029DFE90B2C0 .arith/mult 32, L_0000029DFE90C760, L_0000029DFE90BAE0;
S_0000029DFE860DF0 .scope generate, "gen_col[2]" "gen_col[2]" 3 27, 3 27 0, S_0000029DFE860C60;
 .timescale -9 -12;
P_0000029DFE7A99E0 .param/l "c" 1 3 27, +C4<010>;
S_0000029DFE860F80 .scope module, "pe_inst" "systolic_pe" 3 32, 4 3 0, S_0000029DFE860DF0;
 .timescale -9 -12;
    .port_info 0 /INPUT 1 "clk";
    .port_info 1 /INPUT 1 "rst";
    .port_info 2 /INPUT 1 "load_weight";
    .port_info 3 /INPUT 16 "weight_in";
    .port_info 4 /INPUT 16 "in_val_in";
    .port_info 5 /INPUT 16 "acc_in";
    .port_info 6 /OUTPUT 16 "weight_out";
    .port_info 7 /OUTPUT 16 "in_val_out";
    .port_info 8 /OUTPUT 16 "acc_out";
v0000029DFE85A650_0 .net/s "acc_in", 15 0, v0000029DFE85AC90_0;  alias, 1 drivers
v0000029DFE85A5B0_0 .var/s "acc_out", 15 0;
v0000029DFE85ADD0_0 .net "clk", 0 0, v0000029DFE89F9C0_0;  alias, 1 drivers
v0000029DFE85B870_0 .net/s "in_val_in", 15 0, v0000029DFE841A40_0;  alias, 1 drivers
v0000029DFE85A790_0 .var/s "in_val_out", 15 0;
v0000029DFE85A830_0 .net "load_weight", 0 0, v0000029DFE89FCE0_0;  alias, 1 drivers
v0000029DFE85A970_0 .net/s "mac_result", 15 0, v0000029DFE85C1D0_0;  1 drivers
v0000029DFE85B910_0 .net "rst", 0 0, v0000029DFE89FF60_0;  alias, 1 drivers
v0000029DFE85B690_0 .var/s "stationary_weight", 15 0;
v0000029DFE85B9B0_0 .net/s "weight_in", 15 0, v0000029DFE85BEB0_0;  alias, 1 drivers
v0000029DFE85BA50_0 .var/s "weight_out", 15 0;
S_0000029DFE85FFE0 .scope module, "core_mac" "mac_q4_12" 4 19, 5 1 0, S_0000029DFE860F80;
 .timescale -9 -12;
    .port_info 0 /INPUT 16 "weight";
    .port_info 1 /INPUT 16 "in_val";
    .port_info 2 /INPUT 16 "acc_in";
    .port_info 3 /OUTPUT 16 "acc_out";
v0000029DFE85B050_0 .net/s *"_ivl_0", 31 0, L_0000029DFE90B5E0;  1 drivers
v0000029DFE859D90_0 .net/s *"_ivl_2", 31 0, L_0000029DFE90B7C0;  1 drivers
v0000029DFE85AB50_0 .net/s "acc_in", 15 0, v0000029DFE85AC90_0;  alias, 1 drivers
v0000029DFE85C1D0_0 .var/s "acc_out", 15 0;
v0000029DFE85C270_0 .net/s "in_val", 15 0, v0000029DFE841A40_0;  alias, 1 drivers
v0000029DFE859F70_0 .net/s "product", 31 0, L_0000029DFE90B720;  1 drivers
v0000029DFE85ABF0_0 .net/s "weight", 15 0, v0000029DFE85B690_0;  1 drivers
E_0000029DFE7A9A20 .event anyedge, v0000029DFE85AC90_0, v0000029DFE859F70_0;
L_0000029DFE90B5E0 .extend/s 32, v0000029DFE85B690_0;
L_0000029DFE90B7C0 .extend/s 32, v0000029DFE841A40_0;
L_0000029DFE90B720 .arith/mult 32, L_0000029DFE90B5E0, L_0000029DFE90B7C0;
S_0000029DFE860170 .scope generate, "gen_col[3]" "gen_col[3]" 3 27, 3 27 0, S_0000029DFE860C60;
 .timescale -9 -12;
P_0000029DFE7A92A0 .param/l "c" 1 3 27, +C4<011>;
S_0000029DFE8607B0 .scope module, "pe_inst" "systolic_pe" 3 32, 4 3 0, S_0000029DFE860170;
 .timescale -9 -12;
    .port_info 0 /INPUT 1 "clk";
    .port_info 1 /INPUT 1 "rst";
    .port_info 2 /INPUT 1 "load_weight";
    .port_info 3 /INPUT 16 "weight_in";
    .port_info 4 /INPUT 16 "in_val_in";
    .port_info 5 /INPUT 16 "acc_in";
    .port_info 6 /OUTPUT 16 "weight_out";
    .port_info 7 /OUTPUT 16 "in_val_out";
    .port_info 8 /OUTPUT 16 "acc_out";
v0000029DFE859E30_0 .net/s "acc_in", 15 0, v0000029DFE85A5B0_0;  alias, 1 drivers
v0000029DFE85A0B0_0 .var/s "acc_out", 15 0;
v0000029DFE85D350_0 .net "clk", 0 0, v0000029DFE89F9C0_0;  alias, 1 drivers
v0000029DFE85D3F0_0 .net/s "in_val_in", 15 0, v0000029DFE842620_0;  alias, 1 drivers
v0000029DFE85DA30_0 .var/s "in_val_out", 15 0;
v0000029DFE85CA90_0 .net "load_weight", 0 0, v0000029DFE89FCE0_0;  alias, 1 drivers
v0000029DFE85E070_0 .net/s "mac_result", 15 0, v0000029DFE85C310_0;  1 drivers
v0000029DFE85D170_0 .net "rst", 0 0, v0000029DFE89FF60_0;  alias, 1 drivers
v0000029DFE85D5D0_0 .var/s "stationary_weight", 15 0;
v0000029DFE85C590_0 .net/s "weight_in", 15 0, v0000029DFE85BA50_0;  alias, 1 drivers
v0000029DFE85CEF0_0 .var/s "weight_out", 15 0;
S_0000029DFE85F4F0 .scope module, "core_mac" "mac_q4_12" 4 19, 5 1 0, S_0000029DFE8607B0;
 .timescale -9 -12;
    .port_info 0 /INPUT 16 "weight";
    .port_info 1 /INPUT 16 "in_val";
    .port_info 2 /INPUT 16 "acc_in";
    .port_info 3 /OUTPUT 16 "acc_out";
v0000029DFE85BC30_0 .net/s *"_ivl_0", 31 0, L_0000029DFE90C3A0;  1 drivers
v0000029DFE85A010_0 .net/s *"_ivl_2", 31 0, L_0000029DFE90B860;  1 drivers
v0000029DFE85BCD0_0 .net/s "acc_in", 15 0, v0000029DFE85A5B0_0;  alias, 1 drivers
v0000029DFE85C310_0 .var/s "acc_out", 15 0;
v0000029DFE85BE10_0 .net/s "in_val", 15 0, v0000029DFE842620_0;  alias, 1 drivers
v0000029DFE85C3B0_0 .net/s "product", 31 0, L_0000029DFE90B900;  1 drivers
v0000029DFE85C450_0 .net/s "weight", 15 0, v0000029DFE85D5D0_0;  1 drivers
E_0000029DFE7A9120 .event anyedge, v0000029DFE85A5B0_0, v0000029DFE85C3B0_0;
L_0000029DFE90C3A0 .extend/s 32, v0000029DFE85D5D0_0;
L_0000029DFE90B860 .extend/s 32, v0000029DFE842620_0;
L_0000029DFE90B900 .arith/mult 32, L_0000029DFE90C3A0, L_0000029DFE90B860;
S_0000029DFE861110 .scope generate, "gen_col[4]" "gen_col[4]" 3 27, 3 27 0, S_0000029DFE860C60;
 .timescale -9 -12;
P_0000029DFE7A9A60 .param/l "c" 1 3 27, +C4<0100>;
S_0000029DFE85FCC0 .scope module, "pe_inst" "systolic_pe" 3 32, 4 3 0, S_0000029DFE861110;
 .timescale -9 -12;
    .port_info 0 /INPUT 1 "clk";
    .port_info 1 /INPUT 1 "rst";
    .port_info 2 /INPUT 1 "load_weight";
    .port_info 3 /INPUT 16 "weight_in";
    .port_info 4 /INPUT 16 "in_val_in";
    .port_info 5 /INPUT 16 "acc_in";
    .port_info 6 /OUTPUT 16 "weight_out";
    .port_info 7 /OUTPUT 16 "in_val_out";
    .port_info 8 /OUTPUT 16 "acc_out";
v0000029DFE85CF90_0 .net/s "acc_in", 15 0, v0000029DFE85A0B0_0;  alias, 1 drivers
v0000029DFE85D530_0 .var/s "acc_out", 15 0;
v0000029DFE85D670_0 .net "clk", 0 0, v0000029DFE89F9C0_0;  alias, 1 drivers
v0000029DFE85D0D0_0 .net/s "in_val_in", 15 0, v0000029DFE841860_0;  alias, 1 drivers
v0000029DFE85D490_0 .var/s "in_val_out", 15 0;
v0000029DFE85C6D0_0 .net "load_weight", 0 0, v0000029DFE89FCE0_0;  alias, 1 drivers
v0000029DFE85D850_0 .net/s "mac_result", 15 0, v0000029DFE85C630_0;  1 drivers
v0000029DFE85E930_0 .net "rst", 0 0, v0000029DFE89FF60_0;  alias, 1 drivers
v0000029DFE85E1B0_0 .var/s "stationary_weight", 15 0;
v0000029DFE85DB70_0 .net/s "weight_in", 15 0, v0000029DFE85CEF0_0;  alias, 1 drivers
v0000029DFE85D210_0 .var/s "weight_out", 15 0;
S_0000029DFE8612A0 .scope module, "core_mac" "mac_q4_12" 4 19, 5 1 0, S_0000029DFE85FCC0;
 .timescale -9 -12;
    .port_info 0 /INPUT 16 "weight";
    .port_info 1 /INPUT 16 "in_val";
    .port_info 2 /INPUT 16 "acc_in";
    .port_info 3 /OUTPUT 16 "acc_out";
v0000029DFE85CD10_0 .net/s *"_ivl_0", 31 0, L_0000029DFE90BE00;  1 drivers
v0000029DFE85DF30_0 .net/s *"_ivl_2", 31 0, L_0000029DFE90A820;  1 drivers
v0000029DFE85CE50_0 .net/s "acc_in", 15 0, v0000029DFE85A0B0_0;  alias, 1 drivers
v0000029DFE85C630_0 .var/s "acc_out", 15 0;
v0000029DFE85CDB0_0 .net/s "in_val", 15 0, v0000029DFE841860_0;  alias, 1 drivers
v0000029DFE85D030_0 .net/s "product", 31 0, L_0000029DFE90C080;  1 drivers
v0000029DFE85E110_0 .net/s "weight", 15 0, v0000029DFE85E1B0_0;  1 drivers
E_0000029DFE7A9B60 .event anyedge, v0000029DFE85A0B0_0, v0000029DFE85D030_0;
L_0000029DFE90BE00 .extend/s 32, v0000029DFE85E1B0_0;
L_0000029DFE90A820 .extend/s 32, v0000029DFE841860_0;
L_0000029DFE90C080 .arith/mult 32, L_0000029DFE90BE00, L_0000029DFE90A820;
S_0000029DFE85F680 .scope generate, "gen_col[5]" "gen_col[5]" 3 27, 3 27 0, S_0000029DFE860C60;
 .timescale -9 -12;
P_0000029DFE7A9DE0 .param/l "c" 1 3 27, +C4<0101>;
S_0000029DFE85F9A0 .scope module, "pe_inst" "systolic_pe" 3 32, 4 3 0, S_0000029DFE85F680;
 .timescale -9 -12;
    .port_info 0 /INPUT 1 "clk";
    .port_info 1 /INPUT 1 "rst";
    .port_info 2 /INPUT 1 "load_weight";
    .port_info 3 /INPUT 16 "weight_in";
    .port_info 4 /INPUT 16 "in_val_in";
    .port_info 5 /INPUT 16 "acc_in";
    .port_info 6 /OUTPUT 16 "weight_out";
    .port_info 7 /OUTPUT 16 "in_val_out";
    .port_info 8 /OUTPUT 16 "acc_out";
v0000029DFE85D990_0 .net/s "acc_in", 15 0, v0000029DFE85D530_0;  alias, 1 drivers
v0000029DFE85E2F0_0 .var/s "acc_out", 15 0;
v0000029DFE85DE90_0 .net "clk", 0 0, v0000029DFE89F9C0_0;  alias, 1 drivers
v0000029DFE85C9F0_0 .net/s "in_val_in", 15 0, v0000029DFE845320_0;  alias, 1 drivers
v0000029DFE85E390_0 .var/s "in_val_out", 15 0;
v0000029DFE85DAD0_0 .net "load_weight", 0 0, v0000029DFE89FCE0_0;  alias, 1 drivers
v0000029DFE85DC10_0 .net/s "mac_result", 15 0, v0000029DFE85D7B0_0;  1 drivers
v0000029DFE85E430_0 .net "rst", 0 0, v0000029DFE89FF60_0;  alias, 1 drivers
v0000029DFE85CBD0_0 .var/s "stationary_weight", 15 0;
v0000029DFE85DCB0_0 .net/s "weight_in", 15 0, v0000029DFE85D210_0;  alias, 1 drivers
v0000029DFE85E890_0 .var/s "weight_out", 15 0;
S_0000029DFE864A20 .scope module, "core_mac" "mac_q4_12" 4 19, 5 1 0, S_0000029DFE85F9A0;
 .timescale -9 -12;
    .port_info 0 /INPUT 16 "weight";
    .port_info 1 /INPUT 16 "in_val";
    .port_info 2 /INPUT 16 "acc_in";
    .port_info 3 /OUTPUT 16 "acc_out";
v0000029DFE85CC70_0 .net/s *"_ivl_0", 31 0, L_0000029DFE90A8C0;  1 drivers
v0000029DFE85DFD0_0 .net/s *"_ivl_2", 31 0, L_0000029DFE90BEA0;  1 drivers
v0000029DFE85D710_0 .net/s "acc_in", 15 0, v0000029DFE85D530_0;  alias, 1 drivers
v0000029DFE85D7B0_0 .var/s "acc_out", 15 0;
v0000029DFE85D2B0_0 .net/s "in_val", 15 0, v0000029DFE845320_0;  alias, 1 drivers
v0000029DFE85D8F0_0 .net/s "product", 31 0, L_0000029DFE90C300;  1 drivers
v0000029DFE85E250_0 .net/s "weight", 15 0, v0000029DFE85CBD0_0;  1 drivers
E_0000029DFE7A9EE0 .event anyedge, v0000029DFE85D530_0, v0000029DFE85D8F0_0;
L_0000029DFE90A8C0 .extend/s 32, v0000029DFE85CBD0_0;
L_0000029DFE90BEA0 .extend/s 32, v0000029DFE845320_0;
L_0000029DFE90C300 .arith/mult 32, L_0000029DFE90A8C0, L_0000029DFE90BEA0;
S_0000029DFE862AE0 .scope generate, "gen_col[6]" "gen_col[6]" 3 27, 3 27 0, S_0000029DFE860C60;
 .timescale -9 -12;
P_0000029DFE7A9F20 .param/l "c" 1 3 27, +C4<0110>;
S_0000029DFE864BB0 .scope module, "pe_inst" "systolic_pe" 3 32, 4 3 0, S_0000029DFE862AE0;
 .timescale -9 -12;
    .port_info 0 /INPUT 1 "clk";
    .port_info 1 /INPUT 1 "rst";
    .port_info 2 /INPUT 1 "load_weight";
    .port_info 3 /INPUT 16 "weight_in";
    .port_info 4 /INPUT 16 "in_val_in";
    .port_info 5 /INPUT 16 "acc_in";
    .port_info 6 /OUTPUT 16 "weight_out";
    .port_info 7 /OUTPUT 16 "in_val_out";
    .port_info 8 /OUTPUT 16 "acc_out";
v0000029DFE85E750_0 .net/s "acc_in", 15 0, v0000029DFE85E2F0_0;  alias, 1 drivers
v0000029DFE85E7F0_0 .var/s "acc_out", 15 0;
v0000029DFE85E9D0_0 .net "clk", 0 0, v0000029DFE89F9C0_0;  alias, 1 drivers
v0000029DFE85C4F0_0 .net/s "in_val_in", 15 0, v0000029DFE844880_0;  alias, 1 drivers
v0000029DFE85EA70_0 .var/s "in_val_out", 15 0;
v0000029DFE85EB10_0 .net "load_weight", 0 0, v0000029DFE89FCE0_0;  alias, 1 drivers
v0000029DFE85EBB0_0 .net/s "mac_result", 15 0, v0000029DFE85E4D0_0;  1 drivers
v0000029DFE85EC50_0 .net "rst", 0 0, v0000029DFE89FF60_0;  alias, 1 drivers
v0000029DFE85C770_0 .var/s "stationary_weight", 15 0;
v0000029DFE85C810_0 .net/s "weight_in", 15 0, v0000029DFE85E890_0;  alias, 1 drivers
v0000029DFE85C8B0_0 .var/s "weight_out", 15 0;
S_0000029DFE864D40 .scope module, "core_mac" "mac_q4_12" 4 19, 5 1 0, S_0000029DFE864BB0;
 .timescale -9 -12;
    .port_info 0 /INPUT 16 "weight";
    .port_info 1 /INPUT 16 "in_val";
    .port_info 2 /INPUT 16 "acc_in";
    .port_info 3 /OUTPUT 16 "acc_out";
v0000029DFE85DD50_0 .net/s *"_ivl_0", 31 0, L_0000029DFE90BF40;  1 drivers
v0000029DFE85C950_0 .net/s *"_ivl_2", 31 0, L_0000029DFE90BFE0;  1 drivers
v0000029DFE85DDF0_0 .net/s "acc_in", 15 0, v0000029DFE85E2F0_0;  alias, 1 drivers
v0000029DFE85E4D0_0 .var/s "acc_out", 15 0;
v0000029DFE85E570_0 .net/s "in_val", 15 0, v0000029DFE844880_0;  alias, 1 drivers
v0000029DFE85E610_0 .net/s "product", 31 0, L_0000029DFE90C8A0;  1 drivers
v0000029DFE85E6B0_0 .net/s "weight", 15 0, v0000029DFE85C770_0;  1 drivers
E_0000029DFE7A9FA0 .event anyedge, v0000029DFE85E2F0_0, v0000029DFE85E610_0;
L_0000029DFE90BF40 .extend/s 32, v0000029DFE85C770_0;
L_0000029DFE90BFE0 .extend/s 32, v0000029DFE844880_0;
L_0000029DFE90C8A0 .arith/mult 32, L_0000029DFE90BF40, L_0000029DFE90BFE0;
S_0000029DFE863760 .scope generate, "gen_col[7]" "gen_col[7]" 3 27, 3 27 0, S_0000029DFE860C60;
 .timescale -9 -12;
P_0000029DFE7A9FE0 .param/l "c" 1 3 27, +C4<0111>;
S_0000029DFE864ED0 .scope module, "pe_inst" "systolic_pe" 3 32, 4 3 0, S_0000029DFE863760;
 .timescale -9 -12;
    .port_info 0 /INPUT 1 "clk";
    .port_info 1 /INPUT 1 "rst";
    .port_info 2 /INPUT 1 "load_weight";
    .port_info 3 /INPUT 16 "weight_in";
    .port_info 4 /INPUT 16 "in_val_in";
    .port_info 5 /INPUT 16 "acc_in";
    .port_info 6 /OUTPUT 16 "weight_out";
    .port_info 7 /OUTPUT 16 "in_val_out";
    .port_info 8 /OUTPUT 16 "acc_out";
v0000029DFE85F150_0 .net/s "acc_in", 15 0, v0000029DFE85E7F0_0;  alias, 1 drivers
v0000029DFE85EED0_0 .var/s "acc_out", 15 0;
v0000029DFE85EF70_0 .net "clk", 0 0, v0000029DFE89F9C0_0;  alias, 1 drivers
v0000029DFE85ED90_0 .net/s "in_val_in", 15 0, v0000029DFE843FC0_0;  alias, 1 drivers
v0000029DFE85EE30_0 .var/s "in_val_out", 15 0;
v0000029DFE85F010_0 .net "load_weight", 0 0, v0000029DFE89FCE0_0;  alias, 1 drivers
v0000029DFE86A980_0 .net/s "mac_result", 15 0, v0000029DFE85F3D0_0;  1 drivers
v0000029DFE86B880_0 .net "rst", 0 0, v0000029DFE89FF60_0;  alias, 1 drivers
v0000029DFE86CB40_0 .var/s "stationary_weight", 15 0;
v0000029DFE86BA60_0 .net/s "weight_in", 15 0, v0000029DFE85C8B0_0;  alias, 1 drivers
v0000029DFE86BCE0_0 .var/s "weight_out", 15 0;
S_0000029DFE865060 .scope module, "core_mac" "mac_q4_12" 4 19, 5 1 0, S_0000029DFE864ED0;
 .timescale -9 -12;
    .port_info 0 /INPUT 16 "weight";
    .port_info 1 /INPUT 16 "in_val";
    .port_info 2 /INPUT 16 "acc_in";
    .port_info 3 /OUTPUT 16 "acc_out";
v0000029DFE85CB30_0 .net/s *"_ivl_0", 31 0, L_0000029DFE90A140;  1 drivers
v0000029DFE85F330_0 .net/s *"_ivl_2", 31 0, L_0000029DFE90C120;  1 drivers
v0000029DFE85ECF0_0 .net/s "acc_in", 15 0, v0000029DFE85E7F0_0;  alias, 1 drivers
v0000029DFE85F3D0_0 .var/s "acc_out", 15 0;
v0000029DFE85F1F0_0 .net/s "in_val", 15 0, v0000029DFE843FC0_0;  alias, 1 drivers
v0000029DFE85F0B0_0 .net/s "product", 31 0, L_0000029DFE90C1C0;  1 drivers
v0000029DFE85F290_0 .net/s "weight", 15 0, v0000029DFE86CB40_0;  1 drivers
E_0000029DFE7A9060 .event anyedge, v0000029DFE85E7F0_0, v0000029DFE85F0B0_0;
L_0000029DFE90A140 .extend/s 32, v0000029DFE86CB40_0;
L_0000029DFE90C120 .extend/s 32, v0000029DFE843FC0_0;
L_0000029DFE90C1C0 .arith/mult 32, L_0000029DFE90A140, L_0000029DFE90C120;
S_0000029DFE861CD0 .scope generate, "gen_col[8]" "gen_col[8]" 3 27, 3 27 0, S_0000029DFE860C60;
 .timescale -9 -12;
P_0000029DFE7A90A0 .param/l "c" 1 3 27, +C4<01000>;
S_0000029DFE863440 .scope module, "pe_inst" "systolic_pe" 3 32, 4 3 0, S_0000029DFE861CD0;
 .timescale -9 -12;
    .port_info 0 /INPUT 1 "clk";
    .port_info 1 /INPUT 1 "rst";
    .port_info 2 /INPUT 1 "load_weight";
    .port_info 3 /INPUT 16 "weight_in";
    .port_info 4 /INPUT 16 "in_val_in";
    .port_info 5 /INPUT 16 "acc_in";
    .port_info 6 /OUTPUT 16 "weight_out";
    .port_info 7 /OUTPUT 16 "in_val_out";
    .port_info 8 /OUTPUT 16 "acc_out";
v0000029DFE86B560_0 .net/s "acc_in", 15 0, v0000029DFE85EED0_0;  alias, 1 drivers
v0000029DFE86BBA0_0 .var/s "acc_out", 15 0;
v0000029DFE86B7E0_0 .net "clk", 0 0, v0000029DFE89F9C0_0;  alias, 1 drivers
v0000029DFE86BF60_0 .net/s "in_val_in", 15 0, v0000029DFE847940_0;  alias, 1 drivers
v0000029DFE86C780_0 .var/s "in_val_out", 15 0;
v0000029DFE86B380_0 .net "load_weight", 0 0, v0000029DFE89FCE0_0;  alias, 1 drivers
v0000029DFE86B600_0 .net/s "mac_result", 15 0, v0000029DFE86C820_0;  1 drivers
v0000029DFE86ACA0_0 .net "rst", 0 0, v0000029DFE89FF60_0;  alias, 1 drivers
v0000029DFE86B060_0 .var/s "stationary_weight", 15 0;
v0000029DFE86BB00_0 .net/s "weight_in", 15 0, v0000029DFE86BCE0_0;  alias, 1 drivers
v0000029DFE86B4C0_0 .var/s "weight_out", 15 0;
S_0000029DFE863DA0 .scope module, "core_mac" "mac_q4_12" 4 19, 5 1 0, S_0000029DFE863440;
 .timescale -9 -12;
    .port_info 0 /INPUT 16 "weight";
    .port_info 1 /INPUT 16 "in_val";
    .port_info 2 /INPUT 16 "acc_in";
    .port_info 3 /OUTPUT 16 "acc_out";
v0000029DFE86A700_0 .net/s *"_ivl_0", 31 0, L_0000029DFE90A280;  1 drivers
v0000029DFE86B9C0_0 .net/s *"_ivl_2", 31 0, L_0000029DFE90A320;  1 drivers
v0000029DFE86C6E0_0 .net/s "acc_in", 15 0, v0000029DFE85EED0_0;  alias, 1 drivers
v0000029DFE86C820_0 .var/s "acc_out", 15 0;
v0000029DFE86C5A0_0 .net/s "in_val", 15 0, v0000029DFE847940_0;  alias, 1 drivers
v0000029DFE86AD40_0 .net/s "product", 31 0, L_0000029DFE90A3C0;  1 drivers
v0000029DFE86A8E0_0 .net/s "weight", 15 0, v0000029DFE86B060_0;  1 drivers
E_0000029DFE7A91A0 .event anyedge, v0000029DFE85EED0_0, v0000029DFE86AD40_0;
L_0000029DFE90A280 .extend/s 32, v0000029DFE86B060_0;
L_0000029DFE90A320 .extend/s 32, v0000029DFE847940_0;
L_0000029DFE90A3C0 .arith/mult 32, L_0000029DFE90A280, L_0000029DFE90A320;
S_0000029DFE862180 .scope generate, "gen_col[9]" "gen_col[9]" 3 27, 3 27 0, S_0000029DFE860C60;
 .timescale -9 -12;
P_0000029DFE7A91E0 .param/l "c" 1 3 27, +C4<01001>;
S_0000029DFE8624A0 .scope module, "pe_inst" "systolic_pe" 3 32, 4 3 0, S_0000029DFE862180;
 .timescale -9 -12;
    .port_info 0 /INPUT 1 "clk";
    .port_info 1 /INPUT 1 "rst";
    .port_info 2 /INPUT 1 "load_weight";
    .port_info 3 /INPUT 16 "weight_in";
    .port_info 4 /INPUT 16 "in_val_in";
    .port_info 5 /INPUT 16 "acc_in";
    .port_info 6 /OUTPUT 16 "weight_out";
    .port_info 7 /OUTPUT 16 "in_val_out";
    .port_info 8 /OUTPUT 16 "acc_out";
v0000029DFE86C320_0 .net/s "acc_in", 15 0, v0000029DFE86BBA0_0;  alias, 1 drivers
v0000029DFE86A520_0 .var/s "acc_out", 15 0;
v0000029DFE86AA20_0 .net "clk", 0 0, v0000029DFE89F9C0_0;  alias, 1 drivers
v0000029DFE86B100_0 .net/s "in_val_in", 15 0, v0000029DFE847580_0;  alias, 1 drivers
v0000029DFE86B920_0 .var/s "in_val_out", 15 0;
v0000029DFE86CBE0_0 .net "load_weight", 0 0, v0000029DFE89FCE0_0;  alias, 1 drivers
v0000029DFE86AB60_0 .net/s "mac_result", 15 0, v0000029DFE86AAC0_0;  1 drivers
v0000029DFE86AC00_0 .net "rst", 0 0, v0000029DFE89FF60_0;  alias, 1 drivers
v0000029DFE86C280_0 .var/s "stationary_weight", 15 0;
v0000029DFE86C0A0_0 .net/s "weight_in", 15 0, v0000029DFE86B4C0_0;  alias, 1 drivers
v0000029DFE86BC40_0 .var/s "weight_out", 15 0;
S_0000029DFE8651F0 .scope module, "core_mac" "mac_q4_12" 4 19, 5 1 0, S_0000029DFE8624A0;
 .timescale -9 -12;
    .port_info 0 /INPUT 16 "weight";
    .port_info 1 /INPUT 16 "in_val";
    .port_info 2 /INPUT 16 "acc_in";
    .port_info 3 /OUTPUT 16 "acc_out";
v0000029DFE86B6A0_0 .net/s *"_ivl_0", 31 0, L_0000029DFE90A460;  1 drivers
v0000029DFE86B240_0 .net/s *"_ivl_2", 31 0, L_0000029DFE90A500;  1 drivers
v0000029DFE86C8C0_0 .net/s "acc_in", 15 0, v0000029DFE86BBA0_0;  alias, 1 drivers
v0000029DFE86AAC0_0 .var/s "acc_out", 15 0;
v0000029DFE86B740_0 .net/s "in_val", 15 0, v0000029DFE847580_0;  alias, 1 drivers
v0000029DFE86C3C0_0 .net/s "product", 31 0, L_0000029DFE90D2A0;  1 drivers
v0000029DFE86C000_0 .net/s "weight", 15 0, v0000029DFE86C280_0;  1 drivers
E_0000029DFE7A9220 .event anyedge, v0000029DFE86BBA0_0, v0000029DFE86C3C0_0;
L_0000029DFE90A460 .extend/s 32, v0000029DFE86C280_0;
L_0000029DFE90A500 .extend/s 32, v0000029DFE847580_0;
L_0000029DFE90D2A0 .arith/mult 32, L_0000029DFE90A460, L_0000029DFE90A500;
S_0000029DFE8635D0 .scope generate, "gen_col[10]" "gen_col[10]" 3 27, 3 27 0, S_0000029DFE860C60;
 .timescale -9 -12;
P_0000029DFE7A92E0 .param/l "c" 1 3 27, +C4<01010>;
S_0000029DFE861690 .scope module, "pe_inst" "systolic_pe" 3 32, 4 3 0, S_0000029DFE8635D0;
 .timescale -9 -12;
    .port_info 0 /INPUT 1 "clk";
    .port_info 1 /INPUT 1 "rst";
    .port_info 2 /INPUT 1 "load_weight";
    .port_info 3 /INPUT 16 "weight_in";
    .port_info 4 /INPUT 16 "in_val_in";
    .port_info 5 /INPUT 16 "acc_in";
    .port_info 6 /OUTPUT 16 "weight_out";
    .port_info 7 /OUTPUT 16 "in_val_out";
    .port_info 8 /OUTPUT 16 "acc_out";
v0000029DFE86AFC0_0 .net/s "acc_in", 15 0, v0000029DFE86A520_0;  alias, 1 drivers
v0000029DFE86C140_0 .var/s "acc_out", 15 0;
v0000029DFE86B1A0_0 .net "clk", 0 0, v0000029DFE89F9C0_0;  alias, 1 drivers
v0000029DFE86BE20_0 .net/s "in_val_in", 15 0, v0000029DFE8464A0_0;  alias, 1 drivers
v0000029DFE86BEC0_0 .var/s "in_val_out", 15 0;
v0000029DFE86A7A0_0 .net "load_weight", 0 0, v0000029DFE89FCE0_0;  alias, 1 drivers
v0000029DFE86C1E0_0 .net/s "mac_result", 15 0, v0000029DFE86ADE0_0;  1 drivers
v0000029DFE86A5C0_0 .net "rst", 0 0, v0000029DFE89FF60_0;  alias, 1 drivers
v0000029DFE86C460_0 .var/s "stationary_weight", 15 0;
v0000029DFE86C500_0 .net/s "weight_in", 15 0, v0000029DFE86BC40_0;  alias, 1 drivers
v0000029DFE86C640_0 .var/s "weight_out", 15 0;
S_0000029DFE861500 .scope module, "core_mac" "mac_q4_12" 4 19, 5 1 0, S_0000029DFE861690;
 .timescale -9 -12;
    .port_info 0 /INPUT 16 "weight";
    .port_info 1 /INPUT 16 "in_val";
    .port_info 2 /INPUT 16 "acc_in";
    .port_info 3 /OUTPUT 16 "acc_out";
v0000029DFE86B420_0 .net/s *"_ivl_0", 31 0, L_0000029DFE90DA20;  1 drivers
v0000029DFE86CC80_0 .net/s *"_ivl_2", 31 0, L_0000029DFE90DFC0;  1 drivers
v0000029DFE86B2E0_0 .net/s "acc_in", 15 0, v0000029DFE86A520_0;  alias, 1 drivers
v0000029DFE86ADE0_0 .var/s "acc_out", 15 0;
v0000029DFE86AE80_0 .net/s "in_val", 15 0, v0000029DFE8464A0_0;  alias, 1 drivers
v0000029DFE86AF20_0 .net/s "product", 31 0, L_0000029DFE90CE40;  1 drivers
v0000029DFE86BD80_0 .net/s "weight", 15 0, v0000029DFE86C460_0;  1 drivers
E_0000029DFE7A9320 .event anyedge, v0000029DFE86A520_0, v0000029DFE86AF20_0;
L_0000029DFE90DA20 .extend/s 32, v0000029DFE86C460_0;
L_0000029DFE90DFC0 .extend/s 32, v0000029DFE8464A0_0;
L_0000029DFE90CE40 .arith/mult 32, L_0000029DFE90DA20, L_0000029DFE90DFC0;
S_0000029DFE863A80 .scope generate, "gen_col[11]" "gen_col[11]" 3 27, 3 27 0, S_0000029DFE860C60;
 .timescale -9 -12;
P_0000029DFE7AA8A0 .param/l "c" 1 3 27, +C4<01011>;
S_0000029DFE862F90 .scope module, "pe_inst" "systolic_pe" 3 32, 4 3 0, S_0000029DFE863A80;
 .timescale -9 -12;
    .port_info 0 /INPUT 1 "clk";
    .port_info 1 /INPUT 1 "rst";
    .port_info 2 /INPUT 1 "load_weight";
    .port_info 3 /INPUT 16 "weight_in";
    .port_info 4 /INPUT 16 "in_val_in";
    .port_info 5 /INPUT 16 "acc_in";
    .port_info 6 /OUTPUT 16 "weight_out";
    .port_info 7 /OUTPUT 16 "in_val_out";
    .port_info 8 /OUTPUT 16 "acc_out";
v0000029DFE86CE60_0 .net/s "acc_in", 15 0, v0000029DFE86C140_0;  alias, 1 drivers
v0000029DFE86D0E0_0 .var/s "acc_out", 15 0;
v0000029DFE86CDC0_0 .net "clk", 0 0, v0000029DFE89F9C0_0;  alias, 1 drivers
v0000029DFE86D2C0_0 .net/s "in_val_in", 15 0, v0000029DFE848C00_0;  alias, 1 drivers
v0000029DFE86CFA0_0 .var/s "in_val_out", 15 0;
v0000029DFE86D180_0 .net "load_weight", 0 0, v0000029DFE89FCE0_0;  alias, 1 drivers
v0000029DFE86D360_0 .net/s "mac_result", 15 0, v0000029DFE86A660_0;  1 drivers
v0000029DFE86D220_0 .net "rst", 0 0, v0000029DFE89FF60_0;  alias, 1 drivers
v0000029DFE86CD20_0 .var/s "stationary_weight", 15 0;
v0000029DFE86CF00_0 .net/s "weight_in", 15 0, v0000029DFE86C640_0;  alias, 1 drivers
v0000029DFE866EC0_0 .var/s "weight_out", 15 0;
S_0000029DFE862630 .scope module, "core_mac" "mac_q4_12" 4 19, 5 1 0, S_0000029DFE862F90;
 .timescale -9 -12;
    .port_info 0 /INPUT 16 "weight";
    .port_info 1 /INPUT 16 "in_val";
    .port_info 2 /INPUT 16 "acc_in";
    .port_info 3 /OUTPUT 16 "acc_out";
v0000029DFE86C960_0 .net/s *"_ivl_0", 31 0, L_0000029DFE90CEE0;  1 drivers
v0000029DFE86CA00_0 .net/s *"_ivl_2", 31 0, L_0000029DFE90DAC0;  1 drivers
v0000029DFE86CAA0_0 .net/s "acc_in", 15 0, v0000029DFE86C140_0;  alias, 1 drivers
v0000029DFE86A660_0 .var/s "acc_out", 15 0;
v0000029DFE86A840_0 .net/s "in_val", 15 0, v0000029DFE848C00_0;  alias, 1 drivers
v0000029DFE86D040_0 .net/s "product", 31 0, L_0000029DFE90D020;  1 drivers
v0000029DFE86D400_0 .net/s "weight", 15 0, v0000029DFE86CD20_0;  1 drivers
E_0000029DFE7AA3A0 .event anyedge, v0000029DFE86C140_0, v0000029DFE86D040_0;
L_0000029DFE90CEE0 .extend/s 32, v0000029DFE86CD20_0;
L_0000029DFE90DAC0 .extend/s 32, v0000029DFE848C00_0;
L_0000029DFE90D020 .arith/mult 32, L_0000029DFE90CEE0, L_0000029DFE90DAC0;
S_0000029DFE863120 .scope generate, "gen_col[12]" "gen_col[12]" 3 27, 3 27 0, S_0000029DFE860C60;
 .timescale -9 -12;
P_0000029DFE7AACE0 .param/l "c" 1 3 27, +C4<01100>;
S_0000029DFE862C70 .scope module, "pe_inst" "systolic_pe" 3 32, 4 3 0, S_0000029DFE863120;
 .timescale -9 -12;
    .port_info 0 /INPUT 1 "clk";
    .port_info 1 /INPUT 1 "rst";
    .port_info 2 /INPUT 1 "load_weight";
    .port_info 3 /INPUT 16 "weight_in";
    .port_info 4 /INPUT 16 "in_val_in";
    .port_info 5 /INPUT 16 "acc_in";
    .port_info 6 /OUTPUT 16 "weight_out";
    .port_info 7 /OUTPUT 16 "in_val_out";
    .port_info 8 /OUTPUT 16 "acc_out";
v0000029DFE866740_0 .net/s "acc_in", 15 0, v0000029DFE86D0E0_0;  alias, 1 drivers
v0000029DFE865660_0 .var/s "acc_out", 15 0;
v0000029DFE866F60_0 .net "clk", 0 0, v0000029DFE89F9C0_0;  alias, 1 drivers
v0000029DFE866240_0 .net/s "in_val_in", 15 0, v0000029DFE858A30_0;  alias, 1 drivers
v0000029DFE867320_0 .var/s "in_val_out", 15 0;
v0000029DFE865520_0 .net "load_weight", 0 0, v0000029DFE89FCE0_0;  alias, 1 drivers
v0000029DFE866920_0 .net/s "mac_result", 15 0, v0000029DFE866CE0_0;  1 drivers
v0000029DFE865A20_0 .net "rst", 0 0, v0000029DFE89FF60_0;  alias, 1 drivers
v0000029DFE865980_0 .var/s "stationary_weight", 15 0;
v0000029DFE8667E0_0 .net/s "weight_in", 15 0, v0000029DFE866EC0_0;  alias, 1 drivers
v0000029DFE866BA0_0 .var/s "weight_out", 15 0;
S_0000029DFE8638F0 .scope module, "core_mac" "mac_q4_12" 4 19, 5 1 0, S_0000029DFE862C70;
 .timescale -9 -12;
    .port_info 0 /INPUT 16 "weight";
    .port_info 1 /INPUT 16 "in_val";
    .port_info 2 /INPUT 16 "acc_in";
    .port_info 3 /OUTPUT 16 "acc_out";
v0000029DFE865F20_0 .net/s *"_ivl_0", 31 0, L_0000029DFE90D480;  1 drivers
v0000029DFE866880_0 .net/s *"_ivl_2", 31 0, L_0000029DFE90DE80;  1 drivers
v0000029DFE866380_0 .net/s "acc_in", 15 0, v0000029DFE86D0E0_0;  alias, 1 drivers
v0000029DFE866CE0_0 .var/s "acc_out", 15 0;
v0000029DFE8661A0_0 .net/s "in_val", 15 0, v0000029DFE858A30_0;  alias, 1 drivers
v0000029DFE8658E0_0 .net/s "product", 31 0, L_0000029DFE90CF80;  1 drivers
v0000029DFE866420_0 .net/s "weight", 15 0, v0000029DFE865980_0;  1 drivers
E_0000029DFE7AA9E0 .event anyedge, v0000029DFE86D0E0_0, v0000029DFE8658E0_0;
L_0000029DFE90D480 .extend/s 32, v0000029DFE865980_0;
L_0000029DFE90DE80 .extend/s 32, v0000029DFE858A30_0;
L_0000029DFE90CF80 .arith/mult 32, L_0000029DFE90D480, L_0000029DFE90DE80;
S_0000029DFE8632B0 .scope generate, "gen_col[13]" "gen_col[13]" 3 27, 3 27 0, S_0000029DFE860C60;
 .timescale -9 -12;
P_0000029DFE7AAB20 .param/l "c" 1 3 27, +C4<01101>;
S_0000029DFE862E00 .scope module, "pe_inst" "systolic_pe" 3 32, 4 3 0, S_0000029DFE8632B0;
 .timescale -9 -12;
    .port_info 0 /INPUT 1 "clk";
    .port_info 1 /INPUT 1 "rst";
    .port_info 2 /INPUT 1 "load_weight";
    .port_info 3 /INPUT 16 "weight_in";
    .port_info 4 /INPUT 16 "in_val_in";
    .port_info 5 /INPUT 16 "acc_in";
    .port_info 6 /OUTPUT 16 "weight_out";
    .port_info 7 /OUTPUT 16 "in_val_out";
    .port_info 8 /OUTPUT 16 "acc_out";
v0000029DFE865DE0_0 .net/s "acc_in", 15 0, v0000029DFE865660_0;  alias, 1 drivers
v0000029DFE866560_0 .var/s "acc_out", 15 0;
v0000029DFE865FC0_0 .net "clk", 0 0, v0000029DFE89F9C0_0;  alias, 1 drivers
v0000029DFE866600_0 .net/s "in_val_in", 15 0, v0000029DFE857DB0_0;  alias, 1 drivers
v0000029DFE865D40_0 .var/s "in_val_out", 15 0;
v0000029DFE8670A0_0 .net "load_weight", 0 0, v0000029DFE89FCE0_0;  alias, 1 drivers
v0000029DFE866D80_0 .net/s "mac_result", 15 0, v0000029DFE8664C0_0;  1 drivers
v0000029DFE865E80_0 .net "rst", 0 0, v0000029DFE89FF60_0;  alias, 1 drivers
v0000029DFE8669C0_0 .var/s "stationary_weight", 15 0;
v0000029DFE866060_0 .net/s "weight_in", 15 0, v0000029DFE866BA0_0;  alias, 1 drivers
v0000029DFE8666A0_0 .var/s "weight_out", 15 0;
S_0000029DFE861820 .scope module, "core_mac" "mac_q4_12" 4 19, 5 1 0, S_0000029DFE862E00;
 .timescale -9 -12;
    .port_info 0 /INPUT 16 "weight";
    .port_info 1 /INPUT 16 "in_val";
    .port_info 2 /INPUT 16 "acc_in";
    .port_info 3 /OUTPUT 16 "acc_out";
v0000029DFE8655C0_0 .net/s *"_ivl_0", 31 0, L_0000029DFE90DB60;  1 drivers
v0000029DFE8662E0_0 .net/s *"_ivl_2", 31 0, L_0000029DFE90C9E0;  1 drivers
v0000029DFE867780_0 .net/s "acc_in", 15 0, v0000029DFE865660_0;  alias, 1 drivers
v0000029DFE8664C0_0 .var/s "acc_out", 15 0;
v0000029DFE8657A0_0 .net/s "in_val", 15 0, v0000029DFE857DB0_0;  alias, 1 drivers
v0000029DFE8673C0_0 .net/s "product", 31 0, L_0000029DFE90D3E0;  1 drivers
v0000029DFE867000_0 .net/s "weight", 15 0, v0000029DFE8669C0_0;  1 drivers
E_0000029DFE7AA260 .event anyedge, v0000029DFE865660_0, v0000029DFE8673C0_0;
L_0000029DFE90DB60 .extend/s 32, v0000029DFE8669C0_0;
L_0000029DFE90C9E0 .extend/s 32, v0000029DFE857DB0_0;
L_0000029DFE90D3E0 .arith/mult 32, L_0000029DFE90DB60, L_0000029DFE90C9E0;
S_0000029DFE863C10 .scope generate, "gen_col[14]" "gen_col[14]" 3 27, 3 27 0, S_0000029DFE860C60;
 .timescale -9 -12;
P_0000029DFE7AA720 .param/l "c" 1 3 27, +C4<01110>;
S_0000029DFE8619B0 .scope module, "pe_inst" "systolic_pe" 3 32, 4 3 0, S_0000029DFE863C10;
 .timescale -9 -12;
    .port_info 0 /INPUT 1 "clk";
    .port_info 1 /INPUT 1 "rst";
    .port_info 2 /INPUT 1 "load_weight";
    .port_info 3 /INPUT 16 "weight_in";
    .port_info 4 /INPUT 16 "in_val_in";
    .port_info 5 /INPUT 16 "acc_in";
    .port_info 6 /OUTPUT 16 "weight_out";
    .port_info 7 /OUTPUT 16 "in_val_out";
    .port_info 8 /OUTPUT 16 "acc_out";
v0000029DFE8676E0_0 .net/s "acc_in", 15 0, v0000029DFE866560_0;  alias, 1 drivers
v0000029DFE867820_0 .var/s "acc_out", 15 0;
v0000029DFE867280_0 .net "clk", 0 0, v0000029DFE89F9C0_0;  alias, 1 drivers
v0000029DFE865AC0_0 .net/s "in_val_in", 15 0, v0000029DFE858670_0;  alias, 1 drivers
v0000029DFE8675A0_0 .var/s "in_val_out", 15 0;
v0000029DFE866B00_0 .net "load_weight", 0 0, v0000029DFE89FCE0_0;  alias, 1 drivers
v0000029DFE866C40_0 .net/s "mac_result", 15 0, v0000029DFE867140_0;  1 drivers
v0000029DFE867640_0 .net "rst", 0 0, v0000029DFE89FF60_0;  alias, 1 drivers
v0000029DFE865C00_0 .var/s "stationary_weight", 15 0;
v0000029DFE866E20_0 .net/s "weight_in", 15 0, v0000029DFE8666A0_0;  alias, 1 drivers
v0000029DFE8678C0_0 .var/s "weight_out", 15 0;
S_0000029DFE861B40 .scope module, "core_mac" "mac_q4_12" 4 19, 5 1 0, S_0000029DFE8619B0;
 .timescale -9 -12;
    .port_info 0 /INPUT 16 "weight";
    .port_info 1 /INPUT 16 "in_val";
    .port_info 2 /INPUT 16 "acc_in";
    .port_info 3 /OUTPUT 16 "acc_out";
v0000029DFE8671E0_0 .net/s *"_ivl_0", 31 0, L_0000029DFE90CBC0;  1 drivers
v0000029DFE866A60_0 .net/s *"_ivl_2", 31 0, L_0000029DFE90E7E0;  1 drivers
v0000029DFE867460_0 .net/s "acc_in", 15 0, v0000029DFE866560_0;  alias, 1 drivers
v0000029DFE867140_0 .var/s "acc_out", 15 0;
v0000029DFE865840_0 .net/s "in_val", 15 0, v0000029DFE858670_0;  alias, 1 drivers
v0000029DFE867500_0 .net/s "product", 31 0, L_0000029DFE90E6A0;  1 drivers
v0000029DFE865700_0 .net/s "weight", 15 0, v0000029DFE865C00_0;  1 drivers
E_0000029DFE7AAE20 .event anyedge, v0000029DFE866560_0, v0000029DFE867500_0;
L_0000029DFE90CBC0 .extend/s 32, v0000029DFE865C00_0;
L_0000029DFE90E7E0 .extend/s 32, v0000029DFE858670_0;
L_0000029DFE90E6A0 .arith/mult 32, L_0000029DFE90CBC0, L_0000029DFE90E7E0;
S_0000029DFE863F30 .scope generate, "gen_col[15]" "gen_col[15]" 3 27, 3 27 0, S_0000029DFE860C60;
 .timescale -9 -12;
P_0000029DFE7AAD20 .param/l "c" 1 3 27, +C4<01111>;
S_0000029DFE861E60 .scope module, "pe_inst" "systolic_pe" 3 32, 4 3 0, S_0000029DFE863F30;
 .timescale -9 -12;
    .port_info 0 /INPUT 1 "clk";
    .port_info 1 /INPUT 1 "rst";
    .port_info 2 /INPUT 1 "load_weight";
    .port_info 3 /INPUT 16 "weight_in";
    .port_info 4 /INPUT 16 "in_val_in";
    .port_info 5 /INPUT 16 "acc_in";
    .port_info 6 /OUTPUT 16 "weight_out";
    .port_info 7 /OUTPUT 16 "in_val_out";
    .port_info 8 /OUTPUT 16 "acc_out";
v0000029DFE867C80_0 .net/s "acc_in", 15 0, v0000029DFE867820_0;  alias, 1 drivers
v0000029DFE865CA0_0 .var/s "acc_out", 15 0;
v0000029DFE868860_0 .net "clk", 0 0, v0000029DFE89F9C0_0;  alias, 1 drivers
v0000029DFE867D20_0 .net/s "in_val_in", 15 0, v0000029DFE859B10_0;  alias, 1 drivers
v0000029DFE86A200_0 .var/s "in_val_out", 15 0;
v0000029DFE869120_0 .net "load_weight", 0 0, v0000029DFE89FCE0_0;  alias, 1 drivers
v0000029DFE869440_0 .net/s "mac_result", 15 0, v0000029DFE867A00_0;  1 drivers
v0000029DFE868400_0 .net "rst", 0 0, v0000029DFE89FF60_0;  alias, 1 drivers
v0000029DFE8693A0_0 .var/s "stationary_weight", 15 0;
v0000029DFE8685E0_0 .net/s "weight_in", 15 0, v0000029DFE8678C0_0;  alias, 1 drivers
v0000029DFE868680_0 .var/s "weight_out", 15 0;
S_0000029DFE861FF0 .scope module, "core_mac" "mac_q4_12" 4 19, 5 1 0, S_0000029DFE861E60;
 .timescale -9 -12;
    .port_info 0 /INPUT 16 "weight";
    .port_info 1 /INPUT 16 "in_val";
    .port_info 2 /INPUT 16 "acc_in";
    .port_info 3 /OUTPUT 16 "acc_out";
v0000029DFE867960_0 .net/s *"_ivl_0", 31 0, L_0000029DFE90CDA0;  1 drivers
v0000029DFE865B60_0 .net/s *"_ivl_2", 31 0, L_0000029DFE90D200;  1 drivers
v0000029DFE866100_0 .net/s "acc_in", 15 0, v0000029DFE867820_0;  alias, 1 drivers
v0000029DFE867A00_0 .var/s "acc_out", 15 0;
v0000029DFE867AA0_0 .net/s "in_val", 15 0, v0000029DFE859B10_0;  alias, 1 drivers
v0000029DFE867B40_0 .net/s "product", 31 0, L_0000029DFE90E380;  1 drivers
v0000029DFE867BE0_0 .net/s "weight", 15 0, v0000029DFE8693A0_0;  1 drivers
E_0000029DFE7AA560 .event anyedge, v0000029DFE867820_0, v0000029DFE867B40_0;
L_0000029DFE90CDA0 .extend/s 32, v0000029DFE8693A0_0;
L_0000029DFE90D200 .extend/s 32, v0000029DFE859B10_0;
L_0000029DFE90E380 .arith/mult 32, L_0000029DFE90CDA0, L_0000029DFE90D200;
S_0000029DFE862310 .scope generate, "gen_row[4]" "gen_row[4]" 3 22, 3 22 0, S_0000029DFE7B6390;
 .timescale -9 -12;
P_0000029DFE7AA360 .param/l "r" 1 3 22, +C4<0100>;
L_0000029DFE731840 .functor BUFZ 16, v0000029DFE894340_0, C4<0000000000000000>, C4<0000000000000000>, C4<0000000000000000>;
v0000029DFE8947A0_0 .net *"_ivl_7", 15 0, L_0000029DFE731840;  1 drivers
S_0000029DFE8627C0 .scope generate, "gen_col[0]" "gen_col[0]" 3 27, 3 27 0, S_0000029DFE862310;
 .timescale -9 -12;
P_0000029DFE7AAC60 .param/l "c" 1 3 27, +C4<00>;
S_0000029DFE862950 .scope module, "pe_inst" "systolic_pe" 3 32, 4 3 0, S_0000029DFE8627C0;
 .timescale -9 -12;
    .port_info 0 /INPUT 1 "clk";
    .port_info 1 /INPUT 1 "rst";
    .port_info 2 /INPUT 1 "load_weight";
    .port_info 3 /INPUT 16 "weight_in";
    .port_info 4 /INPUT 16 "in_val_in";
    .port_info 5 /INPUT 16 "acc_in";
    .port_info 6 /OUTPUT 16 "weight_out";
    .port_info 7 /OUTPUT 16 "in_val_out";
    .port_info 8 /OUTPUT 16 "acc_out";
v0000029DFE8691C0_0 .net/s "acc_in", 15 0, L_0000029DFE8A81C8;  alias, 1 drivers
v0000029DFE869D00_0 .var/s "acc_out", 15 0;
v0000029DFE868360_0 .net "clk", 0 0, v0000029DFE89F9C0_0;  alias, 1 drivers
v0000029DFE868220_0 .net/s "in_val_in", 15 0, v0000029DFE85BF50_0;  alias, 1 drivers
v0000029DFE868E00_0 .var/s "in_val_out", 15 0;
v0000029DFE869DA0_0 .net "load_weight", 0 0, v0000029DFE89FCE0_0;  alias, 1 drivers
v0000029DFE869080_0 .net/s "mac_result", 15 0, v0000029DFE8694E0_0;  1 drivers
v0000029DFE868540_0 .net "rst", 0 0, v0000029DFE89FF60_0;  alias, 1 drivers
v0000029DFE8698A0_0 .var/s "stationary_weight", 15 0;
v0000029DFE868A40_0 .net/s "weight_in", 15 0, L_0000029DFE90EBA0;  alias, 1 drivers
v0000029DFE868C20_0 .var/s "weight_out", 15 0;
S_0000029DFE864570 .scope module, "core_mac" "mac_q4_12" 4 19, 5 1 0, S_0000029DFE862950;
 .timescale -9 -12;
    .port_info 0 /INPUT 16 "weight";
    .port_info 1 /INPUT 16 "in_val";
    .port_info 2 /INPUT 16 "acc_in";
    .port_info 3 /OUTPUT 16 "acc_out";
v0000029DFE868720_0 .net/s *"_ivl_0", 31 0, L_0000029DFE90D0C0;  1 drivers
v0000029DFE868D60_0 .net/s *"_ivl_2", 31 0, L_0000029DFE90D160;  1 drivers
v0000029DFE868900_0 .net/s "acc_in", 15 0, L_0000029DFE8A81C8;  alias, 1 drivers
v0000029DFE8694E0_0 .var/s "acc_out", 15 0;
v0000029DFE868CC0_0 .net/s "in_val", 15 0, v0000029DFE85BF50_0;  alias, 1 drivers
v0000029DFE868EA0_0 .net/s "product", 31 0, L_0000029DFE90D340;  1 drivers
v0000029DFE8689A0_0 .net/s "weight", 15 0, v0000029DFE8698A0_0;  1 drivers
E_0000029DFE7AAD60 .event anyedge, v0000029DFE868900_0, v0000029DFE868EA0_0;
L_0000029DFE90D0C0 .extend/s 32, v0000029DFE8698A0_0;
L_0000029DFE90D160 .extend/s 32, v0000029DFE85BF50_0;
L_0000029DFE90D340 .arith/mult 32, L_0000029DFE90D0C0, L_0000029DFE90D160;
S_0000029DFE8640C0 .scope generate, "gen_col[1]" "gen_col[1]" 3 27, 3 27 0, S_0000029DFE862310;
 .timescale -9 -12;
P_0000029DFE7AADA0 .param/l "c" 1 3 27, +C4<01>;
S_0000029DFE864250 .scope module, "pe_inst" "systolic_pe" 3 32, 4 3 0, S_0000029DFE8640C0;
 .timescale -9 -12;
    .port_info 0 /INPUT 1 "clk";
    .port_info 1 /INPUT 1 "rst";
    .port_info 2 /INPUT 1 "load_weight";
    .port_info 3 /INPUT 16 "weight_in";
    .port_info 4 /INPUT 16 "in_val_in";
    .port_info 5 /INPUT 16 "acc_in";
    .port_info 6 /OUTPUT 16 "weight_out";
    .port_info 7 /OUTPUT 16 "in_val_out";
    .port_info 8 /OUTPUT 16 "acc_out";
v0000029DFE869BC0_0 .net/s "acc_in", 15 0, v0000029DFE869D00_0;  alias, 1 drivers
v0000029DFE868F40_0 .var/s "acc_out", 15 0;
v0000029DFE868FE0_0 .net "clk", 0 0, v0000029DFE89F9C0_0;  alias, 1 drivers
v0000029DFE867DC0_0 .net/s "in_val_in", 15 0, v0000029DFE85B730_0;  alias, 1 drivers
v0000029DFE86A2A0_0 .var/s "in_val_out", 15 0;
v0000029DFE869260_0 .net "load_weight", 0 0, v0000029DFE89FCE0_0;  alias, 1 drivers
v0000029DFE8696C0_0 .net/s "mac_result", 15 0, v0000029DFE869760_0;  1 drivers
v0000029DFE8684A0_0 .net "rst", 0 0, v0000029DFE89FF60_0;  alias, 1 drivers
v0000029DFE869800_0 .var/s "stationary_weight", 15 0;
v0000029DFE869940_0 .net/s "weight_in", 15 0, v0000029DFE868C20_0;  alias, 1 drivers
v0000029DFE8699E0_0 .var/s "weight_out", 15 0;
S_0000029DFE8643E0 .scope module, "core_mac" "mac_q4_12" 4 19, 5 1 0, S_0000029DFE864250;
 .timescale -9 -12;
    .port_info 0 /INPUT 16 "weight";
    .port_info 1 /INPUT 16 "in_val";
    .port_info 2 /INPUT 16 "acc_in";
    .port_info 3 /OUTPUT 16 "acc_out";
v0000029DFE869580_0 .net/s *"_ivl_0", 31 0, L_0000029DFE90EE20;  1 drivers
v0000029DFE868180_0 .net/s *"_ivl_2", 31 0, L_0000029DFE90EC40;  1 drivers
v0000029DFE8687C0_0 .net/s "acc_in", 15 0, v0000029DFE869D00_0;  alias, 1 drivers
v0000029DFE869760_0 .var/s "acc_out", 15 0;
v0000029DFE868AE0_0 .net/s "in_val", 15 0, v0000029DFE85B730_0;  alias, 1 drivers
v0000029DFE868B80_0 .net/s "product", 31 0, L_0000029DFE90D520;  1 drivers
v0000029DFE869620_0 .net/s "weight", 15 0, v0000029DFE869800_0;  1 drivers
E_0000029DFE7AA5A0 .event anyedge, v0000029DFE869D00_0, v0000029DFE868B80_0;
L_0000029DFE90EE20 .extend/s 32, v0000029DFE869800_0;
L_0000029DFE90EC40 .extend/s 32, v0000029DFE85B730_0;
L_0000029DFE90D520 .arith/mult 32, L_0000029DFE90EE20, L_0000029DFE90EC40;
S_0000029DFE864700 .scope generate, "gen_col[2]" "gen_col[2]" 3 27, 3 27 0, S_0000029DFE862310;
 .timescale -9 -12;
P_0000029DFE7AADE0 .param/l "c" 1 3 27, +C4<010>;
S_0000029DFE864890 .scope module, "pe_inst" "systolic_pe" 3 32, 4 3 0, S_0000029DFE864700;
 .timescale -9 -12;
    .port_info 0 /INPUT 1 "clk";
    .port_info 1 /INPUT 1 "rst";
    .port_info 2 /INPUT 1 "load_weight";
    .port_info 3 /INPUT 16 "weight_in";
    .port_info 4 /INPUT 16 "in_val_in";
    .port_info 5 /INPUT 16 "acc_in";
    .port_info 6 /OUTPUT 16 "weight_out";
    .port_info 7 /OUTPUT 16 "in_val_out";
    .port_info 8 /OUTPUT 16 "acc_out";
v0000029DFE869F80_0 .net/s "acc_in", 15 0, v0000029DFE868F40_0;  alias, 1 drivers
v0000029DFE86A020_0 .var/s "acc_out", 15 0;
v0000029DFE86A0C0_0 .net "clk", 0 0, v0000029DFE89F9C0_0;  alias, 1 drivers
v0000029DFE86A160_0 .net/s "in_val_in", 15 0, v0000029DFE85A790_0;  alias, 1 drivers
v0000029DFE86A340_0 .var/s "in_val_out", 15 0;
v0000029DFE8682C0_0 .net "load_weight", 0 0, v0000029DFE89FCE0_0;  alias, 1 drivers
v0000029DFE86A480_0 .net/s "mac_result", 15 0, v0000029DFE867E60_0;  1 drivers
v0000029DFE867F00_0 .net "rst", 0 0, v0000029DFE89FF60_0;  alias, 1 drivers
v0000029DFE867FA0_0 .var/s "stationary_weight", 15 0;
v0000029DFE868040_0 .net/s "weight_in", 15 0, v0000029DFE8699E0_0;  alias, 1 drivers
v0000029DFE8680E0_0 .var/s "weight_out", 15 0;
S_0000029DFE86FCB0 .scope module, "core_mac" "mac_q4_12" 4 19, 5 1 0, S_0000029DFE864890;
 .timescale -9 -12;
    .port_info 0 /INPUT 16 "weight";
    .port_info 1 /INPUT 16 "in_val";
    .port_info 2 /INPUT 16 "acc_in";
    .port_info 3 /OUTPUT 16 "acc_out";
v0000029DFE869B20_0 .net/s *"_ivl_0", 31 0, L_0000029DFE90D5C0;  1 drivers
v0000029DFE86A3E0_0 .net/s *"_ivl_2", 31 0, L_0000029DFE90ECE0;  1 drivers
v0000029DFE869E40_0 .net/s "acc_in", 15 0, v0000029DFE868F40_0;  alias, 1 drivers
v0000029DFE867E60_0 .var/s "acc_out", 15 0;
v0000029DFE869A80_0 .net/s "in_val", 15 0, v0000029DFE85A790_0;  alias, 1 drivers
v0000029DFE869C60_0 .net/s "product", 31 0, L_0000029DFE90D660;  1 drivers
v0000029DFE869EE0_0 .net/s "weight", 15 0, v0000029DFE867FA0_0;  1 drivers
E_0000029DFE7AA6A0 .event anyedge, v0000029DFE868F40_0, v0000029DFE869C60_0;
L_0000029DFE90D5C0 .extend/s 32, v0000029DFE867FA0_0;
L_0000029DFE90ECE0 .extend/s 32, v0000029DFE85A790_0;
L_0000029DFE90D660 .arith/mult 32, L_0000029DFE90D5C0, L_0000029DFE90ECE0;
S_0000029DFE86F1C0 .scope generate, "gen_col[3]" "gen_col[3]" 3 27, 3 27 0, S_0000029DFE862310;
 .timescale -9 -12;
P_0000029DFE7AA660 .param/l "c" 1 3 27, +C4<011>;
S_0000029DFE870480 .scope module, "pe_inst" "systolic_pe" 3 32, 4 3 0, S_0000029DFE86F1C0;
 .timescale -9 -12;
    .port_info 0 /INPUT 1 "clk";
    .port_info 1 /INPUT 1 "rst";
    .port_info 2 /INPUT 1 "load_weight";
    .port_info 3 /INPUT 16 "weight_in";
    .port_info 4 /INPUT 16 "in_val_in";
    .port_info 5 /INPUT 16 "acc_in";
    .port_info 6 /OUTPUT 16 "weight_out";
    .port_info 7 /OUTPUT 16 "in_val_out";
    .port_info 8 /OUTPUT 16 "acc_out";
v0000029DFE874040_0 .net/s "acc_in", 15 0, v0000029DFE86A020_0;  alias, 1 drivers
v0000029DFE8727E0_0 .var/s "acc_out", 15 0;
v0000029DFE874360_0 .net "clk", 0 0, v0000029DFE89F9C0_0;  alias, 1 drivers
v0000029DFE872F60_0 .net/s "in_val_in", 15 0, v0000029DFE85DA30_0;  alias, 1 drivers
v0000029DFE874CC0_0 .var/s "in_val_out", 15 0;
v0000029DFE872920_0 .net "load_weight", 0 0, v0000029DFE89FCE0_0;  alias, 1 drivers
v0000029DFE873460_0 .net/s "mac_result", 15 0, v0000029DFE873280_0;  1 drivers
v0000029DFE873780_0 .net "rst", 0 0, v0000029DFE89FF60_0;  alias, 1 drivers
v0000029DFE874680_0 .var/s "stationary_weight", 15 0;
v0000029DFE872BA0_0 .net/s "weight_in", 15 0, v0000029DFE8680E0_0;  alias, 1 drivers
v0000029DFE872A60_0 .var/s "weight_out", 15 0;
S_0000029DFE870DE0 .scope module, "core_mac" "mac_q4_12" 4 19, 5 1 0, S_0000029DFE870480;
 .timescale -9 -12;
    .port_info 0 /INPUT 16 "weight";
    .port_info 1 /INPUT 16 "in_val";
    .port_info 2 /INPUT 16 "acc_in";
    .port_info 3 /OUTPUT 16 "acc_out";
v0000029DFE872880_0 .net/s *"_ivl_0", 31 0, L_0000029DFE90DF20;  1 drivers
v0000029DFE872EC0_0 .net/s *"_ivl_2", 31 0, L_0000029DFE90D700;  1 drivers
v0000029DFE873640_0 .net/s "acc_in", 15 0, v0000029DFE86A020_0;  alias, 1 drivers
v0000029DFE873280_0 .var/s "acc_out", 15 0;
v0000029DFE874540_0 .net/s "in_val", 15 0, v0000029DFE85DA30_0;  alias, 1 drivers
v0000029DFE874220_0 .net/s "product", 31 0, L_0000029DFE90E420;  1 drivers
v0000029DFE8745E0_0 .net/s "weight", 15 0, v0000029DFE874680_0;  1 drivers
E_0000029DFE7AAC20 .event anyedge, v0000029DFE86A020_0, v0000029DFE874220_0;
L_0000029DFE90DF20 .extend/s 32, v0000029DFE874680_0;
L_0000029DFE90D700 .extend/s 32, v0000029DFE85DA30_0;
L_0000029DFE90E420 .arith/mult 32, L_0000029DFE90DF20, L_0000029DFE90D700;
S_0000029DFE871A60 .scope generate, "gen_col[4]" "gen_col[4]" 3 27, 3 27 0, S_0000029DFE862310;
 .timescale -9 -12;
P_0000029DFE7AA4A0 .param/l "c" 1 3 27, +C4<0100>;
S_0000029DFE870610 .scope module, "pe_inst" "systolic_pe" 3 32, 4 3 0, S_0000029DFE871A60;
 .timescale -9 -12;
    .port_info 0 /INPUT 1 "clk";
    .port_info 1 /INPUT 1 "rst";
    .port_info 2 /INPUT 1 "load_weight";
    .port_info 3 /INPUT 16 "weight_in";
    .port_info 4 /INPUT 16 "in_val_in";
    .port_info 5 /INPUT 16 "acc_in";
    .port_info 6 /OUTPUT 16 "weight_out";
    .port_info 7 /OUTPUT 16 "in_val_out";
    .port_info 8 /OUTPUT 16 "acc_out";
v0000029DFE873FA0_0 .net/s "acc_in", 15 0, v0000029DFE8727E0_0;  alias, 1 drivers
v0000029DFE873500_0 .var/s "acc_out", 15 0;
v0000029DFE8730A0_0 .net "clk", 0 0, v0000029DFE89F9C0_0;  alias, 1 drivers
v0000029DFE873B40_0 .net/s "in_val_in", 15 0, v0000029DFE85D490_0;  alias, 1 drivers
v0000029DFE874AE0_0 .var/s "in_val_out", 15 0;
v0000029DFE873140_0 .net "load_weight", 0 0, v0000029DFE89FCE0_0;  alias, 1 drivers
v0000029DFE874400_0 .net/s "mac_result", 15 0, v0000029DFE8733C0_0;  1 drivers
v0000029DFE8740E0_0 .net "rst", 0 0, v0000029DFE89FF60_0;  alias, 1 drivers
v0000029DFE872D80_0 .var/s "stationary_weight", 15 0;
v0000029DFE8731E0_0 .net/s "weight_in", 15 0, v0000029DFE872A60_0;  alias, 1 drivers
v0000029DFE874180_0 .var/s "weight_out", 15 0;
S_0000029DFE870F70 .scope module, "core_mac" "mac_q4_12" 4 19, 5 1 0, S_0000029DFE870610;
 .timescale -9 -12;
    .port_info 0 /INPUT 16 "weight";
    .port_info 1 /INPUT 16 "in_val";
    .port_info 2 /INPUT 16 "acc_in";
    .port_info 3 /OUTPUT 16 "acc_out";
v0000029DFE872600_0 .net/s *"_ivl_0", 31 0, L_0000029DFE90DC00;  1 drivers
v0000029DFE873000_0 .net/s *"_ivl_2", 31 0, L_0000029DFE90D7A0;  1 drivers
v0000029DFE8726A0_0 .net/s "acc_in", 15 0, v0000029DFE8727E0_0;  alias, 1 drivers
v0000029DFE8733C0_0 .var/s "acc_out", 15 0;
v0000029DFE873320_0 .net/s "in_val", 15 0, v0000029DFE85D490_0;  alias, 1 drivers
v0000029DFE8729C0_0 .net/s "product", 31 0, L_0000029DFE90D840;  1 drivers
v0000029DFE872B00_0 .net/s "weight", 15 0, v0000029DFE872D80_0;  1 drivers
E_0000029DFE7AACA0 .event anyedge, v0000029DFE8727E0_0, v0000029DFE8729C0_0;
L_0000029DFE90DC00 .extend/s 32, v0000029DFE872D80_0;
L_0000029DFE90D7A0 .extend/s 32, v0000029DFE85D490_0;
L_0000029DFE90D840 .arith/mult 32, L_0000029DFE90DC00, L_0000029DFE90D7A0;
S_0000029DFE86EB80 .scope generate, "gen_col[5]" "gen_col[5]" 3 27, 3 27 0, S_0000029DFE862310;
 .timescale -9 -12;
P_0000029DFE7AA760 .param/l "c" 1 3 27, +C4<0101>;
S_0000029DFE8707A0 .scope module, "pe_inst" "systolic_pe" 3 32, 4 3 0, S_0000029DFE86EB80;
 .timescale -9 -12;
    .port_info 0 /INPUT 1 "clk";
    .port_info 1 /INPUT 1 "rst";
    .port_info 2 /INPUT 1 "load_weight";
    .port_info 3 /INPUT 16 "weight_in";
    .port_info 4 /INPUT 16 "in_val_in";
    .port_info 5 /INPUT 16 "acc_in";
    .port_info 6 /OUTPUT 16 "weight_out";
    .port_info 7 /OUTPUT 16 "in_val_out";
    .port_info 8 /OUTPUT 16 "acc_out";
v0000029DFE8747C0_0 .net/s "acc_in", 15 0, v0000029DFE873500_0;  alias, 1 drivers
v0000029DFE8736E0_0 .var/s "acc_out", 15 0;
v0000029DFE872CE0_0 .net "clk", 0 0, v0000029DFE89F9C0_0;  alias, 1 drivers
v0000029DFE8742C0_0 .net/s "in_val_in", 15 0, v0000029DFE85E390_0;  alias, 1 drivers
v0000029DFE873BE0_0 .var/s "in_val_out", 15 0;
v0000029DFE872C40_0 .net "load_weight", 0 0, v0000029DFE89FCE0_0;  alias, 1 drivers
v0000029DFE873820_0 .net/s "mac_result", 15 0, v0000029DFE8735A0_0;  1 drivers
v0000029DFE8744A0_0 .net "rst", 0 0, v0000029DFE89FF60_0;  alias, 1 drivers
v0000029DFE873960_0 .var/s "stationary_weight", 15 0;
v0000029DFE873A00_0 .net/s "weight_in", 15 0, v0000029DFE874180_0;  alias, 1 drivers
v0000029DFE873C80_0 .var/s "weight_out", 15 0;
S_0000029DFE86E860 .scope module, "core_mac" "mac_q4_12" 4 19, 5 1 0, S_0000029DFE8707A0;
 .timescale -9 -12;
    .port_info 0 /INPUT 16 "weight";
    .port_info 1 /INPUT 16 "in_val";
    .port_info 2 /INPUT 16 "acc_in";
    .port_info 3 /OUTPUT 16 "acc_out";
v0000029DFE874A40_0 .net/s *"_ivl_0", 31 0, L_0000029DFE90DDE0;  1 drivers
v0000029DFE872E20_0 .net/s *"_ivl_2", 31 0, L_0000029DFE90E600;  1 drivers
v0000029DFE873E60_0 .net/s "acc_in", 15 0, v0000029DFE873500_0;  alias, 1 drivers
v0000029DFE8735A0_0 .var/s "acc_out", 15 0;
v0000029DFE8738C0_0 .net/s "in_val", 15 0, v0000029DFE85E390_0;  alias, 1 drivers
v0000029DFE873AA0_0 .net/s "product", 31 0, L_0000029DFE90D8E0;  1 drivers
v0000029DFE874720_0 .net/s "weight", 15 0, v0000029DFE873960_0;  1 drivers
E_0000029DFE7AABA0 .event anyedge, v0000029DFE873500_0, v0000029DFE873AA0_0;
L_0000029DFE90DDE0 .extend/s 32, v0000029DFE873960_0;
L_0000029DFE90E600 .extend/s 32, v0000029DFE85E390_0;
L_0000029DFE90D8E0 .arith/mult 32, L_0000029DFE90DDE0, L_0000029DFE90E600;
S_0000029DFE871290 .scope generate, "gen_col[6]" "gen_col[6]" 3 27, 3 27 0, S_0000029DFE862310;
 .timescale -9 -12;
P_0000029DFE7AA8E0 .param/l "c" 1 3 27, +C4<0110>;
S_0000029DFE86FE40 .scope module, "pe_inst" "systolic_pe" 3 32, 4 3 0, S_0000029DFE871290;
 .timescale -9 -12;
    .port_info 0 /INPUT 1 "clk";
    .port_info 1 /INPUT 1 "rst";
    .port_info 2 /INPUT 1 "load_weight";
    .port_info 3 /INPUT 16 "weight_in";
    .port_info 4 /INPUT 16 "in_val_in";
    .port_info 5 /INPUT 16 "acc_in";
    .port_info 6 /OUTPUT 16 "weight_out";
    .port_info 7 /OUTPUT 16 "in_val_out";
    .port_info 8 /OUTPUT 16 "acc_out";
v0000029DFE8749A0_0 .net/s "acc_in", 15 0, v0000029DFE8736E0_0;  alias, 1 drivers
v0000029DFE872560_0 .var/s "acc_out", 15 0;
v0000029DFE872740_0 .net "clk", 0 0, v0000029DFE89F9C0_0;  alias, 1 drivers
v0000029DFE875300_0 .net/s "in_val_in", 15 0, v0000029DFE85EA70_0;  alias, 1 drivers
v0000029DFE875760_0 .var/s "in_val_out", 15 0;
v0000029DFE875DA0_0 .net "load_weight", 0 0, v0000029DFE89FCE0_0;  alias, 1 drivers
v0000029DFE8751C0_0 .net/s "mac_result", 15 0, v0000029DFE874860_0;  1 drivers
v0000029DFE875EE0_0 .net "rst", 0 0, v0000029DFE89FF60_0;  alias, 1 drivers
v0000029DFE876660_0 .var/s "stationary_weight", 15 0;
v0000029DFE875D00_0 .net/s "weight_in", 15 0, v0000029DFE873C80_0;  alias, 1 drivers
v0000029DFE8762A0_0 .var/s "weight_out", 15 0;
S_0000029DFE871100 .scope module, "core_mac" "mac_q4_12" 4 19, 5 1 0, S_0000029DFE86FE40;
 .timescale -9 -12;
    .port_info 0 /INPUT 16 "weight";
    .port_info 1 /INPUT 16 "in_val";
    .port_info 2 /INPUT 16 "acc_in";
    .port_info 3 /OUTPUT 16 "acc_out";
v0000029DFE873D20_0 .net/s *"_ivl_0", 31 0, L_0000029DFE90D980;  1 drivers
v0000029DFE873DC0_0 .net/s *"_ivl_2", 31 0, L_0000029DFE90E100;  1 drivers
v0000029DFE873F00_0 .net/s "acc_in", 15 0, v0000029DFE8736E0_0;  alias, 1 drivers
v0000029DFE874860_0 .var/s "acc_out", 15 0;
v0000029DFE874C20_0 .net/s "in_val", 15 0, v0000029DFE85EA70_0;  alias, 1 drivers
v0000029DFE874B80_0 .net/s "product", 31 0, L_0000029DFE90ED80;  1 drivers
v0000029DFE874900_0 .net/s "weight", 15 0, v0000029DFE876660_0;  1 drivers
E_0000029DFE7AA920 .event anyedge, v0000029DFE8736E0_0, v0000029DFE874B80_0;
L_0000029DFE90D980 .extend/s 32, v0000029DFE876660_0;
L_0000029DFE90E100 .extend/s 32, v0000029DFE85EA70_0;
L_0000029DFE90ED80 .arith/mult 32, L_0000029DFE90D980, L_0000029DFE90E100;
S_0000029DFE86F350 .scope generate, "gen_col[7]" "gen_col[7]" 3 27, 3 27 0, S_0000029DFE862310;
 .timescale -9 -12;
P_0000029DFE7AAFA0 .param/l "c" 1 3 27, +C4<0111>;
S_0000029DFE86F4E0 .scope module, "pe_inst" "systolic_pe" 3 32, 4 3 0, S_0000029DFE86F350;
 .timescale -9 -12;
    .port_info 0 /INPUT 1 "clk";
    .port_info 1 /INPUT 1 "rst";
    .port_info 2 /INPUT 1 "load_weight";
    .port_info 3 /INPUT 16 "weight_in";
    .port_info 4 /INPUT 16 "in_val_in";
    .port_info 5 /INPUT 16 "acc_in";
    .port_info 6 /OUTPUT 16 "weight_out";
    .port_info 7 /OUTPUT 16 "in_val_out";
    .port_info 8 /OUTPUT 16 "acc_out";
v0000029DFE875940_0 .net/s "acc_in", 15 0, v0000029DFE872560_0;  alias, 1 drivers
v0000029DFE876160_0 .var/s "acc_out", 15 0;
v0000029DFE876D40_0 .net "clk", 0 0, v0000029DFE89F9C0_0;  alias, 1 drivers
v0000029DFE876F20_0 .net/s "in_val_in", 15 0, v0000029DFE85EE30_0;  alias, 1 drivers
v0000029DFE875260_0 .var/s "in_val_out", 15 0;
v0000029DFE877380_0 .net "load_weight", 0 0, v0000029DFE89FCE0_0;  alias, 1 drivers
v0000029DFE876AC0_0 .net/s "mac_result", 15 0, v0000029DFE876CA0_0;  1 drivers
v0000029DFE8763E0_0 .net "rst", 0 0, v0000029DFE89FF60_0;  alias, 1 drivers
v0000029DFE8771A0_0 .var/s "stationary_weight", 15 0;
v0000029DFE8759E0_0 .net/s "weight_in", 15 0, v0000029DFE8762A0_0;  alias, 1 drivers
v0000029DFE875A80_0 .var/s "weight_out", 15 0;
S_0000029DFE870930 .scope module, "core_mac" "mac_q4_12" 4 19, 5 1 0, S_0000029DFE86F4E0;
 .timescale -9 -12;
    .port_info 0 /INPUT 16 "weight";
    .port_info 1 /INPUT 16 "in_val";
    .port_info 2 /INPUT 16 "acc_in";
    .port_info 3 /OUTPUT 16 "acc_out";
v0000029DFE877420_0 .net/s *"_ivl_0", 31 0, L_0000029DFE90EEC0;  1 drivers
v0000029DFE876E80_0 .net/s *"_ivl_2", 31 0, L_0000029DFE90DCA0;  1 drivers
v0000029DFE874E00_0 .net/s "acc_in", 15 0, v0000029DFE872560_0;  alias, 1 drivers
v0000029DFE876CA0_0 .var/s "acc_out", 15 0;
v0000029DFE8758A0_0 .net/s "in_val", 15 0, v0000029DFE85EE30_0;  alias, 1 drivers
v0000029DFE876340_0 .net/s "product", 31 0, L_0000029DFE90DD40;  1 drivers
v0000029DFE875E40_0 .net/s "weight", 15 0, v0000029DFE8771A0_0;  1 drivers
E_0000029DFE7AA960 .event anyedge, v0000029DFE872560_0, v0000029DFE876340_0;
L_0000029DFE90EEC0 .extend/s 32, v0000029DFE8771A0_0;
L_0000029DFE90DCA0 .extend/s 32, v0000029DFE85EE30_0;
L_0000029DFE90DD40 .arith/mult 32, L_0000029DFE90EEC0, L_0000029DFE90DCA0;
S_0000029DFE870160 .scope generate, "gen_col[8]" "gen_col[8]" 3 27, 3 27 0, S_0000029DFE862310;
 .timescale -9 -12;
P_0000029DFE7AA0A0 .param/l "c" 1 3 27, +C4<01000>;
S_0000029DFE871420 .scope module, "pe_inst" "systolic_pe" 3 32, 4 3 0, S_0000029DFE870160;
 .timescale -9 -12;
    .port_info 0 /INPUT 1 "clk";
    .port_info 1 /INPUT 1 "rst";
    .port_info 2 /INPUT 1 "load_weight";
    .port_info 3 /INPUT 16 "weight_in";
    .port_info 4 /INPUT 16 "in_val_in";
    .port_info 5 /INPUT 16 "acc_in";
    .port_info 6 /OUTPUT 16 "weight_out";
    .port_info 7 /OUTPUT 16 "in_val_out";
    .port_info 8 /OUTPUT 16 "acc_out";
v0000029DFE875B20_0 .net/s "acc_in", 15 0, v0000029DFE876160_0;  alias, 1 drivers
v0000029DFE876520_0 .var/s "acc_out", 15 0;
v0000029DFE875440_0 .net "clk", 0 0, v0000029DFE89F9C0_0;  alias, 1 drivers
v0000029DFE877060_0 .net/s "in_val_in", 15 0, v0000029DFE86C780_0;  alias, 1 drivers
v0000029DFE8760C0_0 .var/s "in_val_out", 15 0;
v0000029DFE874EA0_0 .net "load_weight", 0 0, v0000029DFE89FCE0_0;  alias, 1 drivers
v0000029DFE877100_0 .net/s "mac_result", 15 0, v0000029DFE8753A0_0;  1 drivers
v0000029DFE875800_0 .net "rst", 0 0, v0000029DFE89FF60_0;  alias, 1 drivers
v0000029DFE877240_0 .var/s "stationary_weight", 15 0;
v0000029DFE874FE0_0 .net/s "weight_in", 15 0, v0000029DFE875A80_0;  alias, 1 drivers
v0000029DFE874F40_0 .var/s "weight_out", 15 0;
S_0000029DFE8715B0 .scope module, "core_mac" "mac_q4_12" 4 19, 5 1 0, S_0000029DFE871420;
 .timescale -9 -12;
    .port_info 0 /INPUT 16 "weight";
    .port_info 1 /INPUT 16 "in_val";
    .port_info 2 /INPUT 16 "acc_in";
    .port_info 3 /OUTPUT 16 "acc_out";
v0000029DFE8756C0_0 .net/s *"_ivl_0", 31 0, L_0000029DFE90CC60;  1 drivers
v0000029DFE875F80_0 .net/s *"_ivl_2", 31 0, L_0000029DFE90E4C0;  1 drivers
v0000029DFE876480_0 .net/s "acc_in", 15 0, v0000029DFE876160_0;  alias, 1 drivers
v0000029DFE8753A0_0 .var/s "acc_out", 15 0;
v0000029DFE876020_0 .net/s "in_val", 15 0, v0000029DFE86C780_0;  alias, 1 drivers
v0000029DFE876DE0_0 .net/s "product", 31 0, L_0000029DFE90E060;  1 drivers
v0000029DFE876FC0_0 .net/s "weight", 15 0, v0000029DFE877240_0;  1 drivers
E_0000029DFE7AAFE0 .event anyedge, v0000029DFE876160_0, v0000029DFE876DE0_0;
L_0000029DFE90CC60 .extend/s 32, v0000029DFE877240_0;
L_0000029DFE90E4C0 .extend/s 32, v0000029DFE86C780_0;
L_0000029DFE90E060 .arith/mult 32, L_0000029DFE90CC60, L_0000029DFE90E4C0;
S_0000029DFE86E9F0 .scope generate, "gen_col[9]" "gen_col[9]" 3 27, 3 27 0, S_0000029DFE862310;
 .timescale -9 -12;
P_0000029DFE7AA3E0 .param/l "c" 1 3 27, +C4<01001>;
S_0000029DFE871BF0 .scope module, "pe_inst" "systolic_pe" 3 32, 4 3 0, S_0000029DFE86E9F0;
 .timescale -9 -12;
    .port_info 0 /INPUT 1 "clk";
    .port_info 1 /INPUT 1 "rst";
    .port_info 2 /INPUT 1 "load_weight";
    .port_info 3 /INPUT 16 "weight_in";
    .port_info 4 /INPUT 16 "in_val_in";
    .port_info 5 /INPUT 16 "acc_in";
    .port_info 6 /OUTPUT 16 "weight_out";
    .port_info 7 /OUTPUT 16 "in_val_out";
    .port_info 8 /OUTPUT 16 "acc_out";
v0000029DFE8774C0_0 .net/s "acc_in", 15 0, v0000029DFE876520_0;  alias, 1 drivers
v0000029DFE8765C0_0 .var/s "acc_out", 15 0;
v0000029DFE876700_0 .net "clk", 0 0, v0000029DFE89F9C0_0;  alias, 1 drivers
v0000029DFE875080_0 .net/s "in_val_in", 15 0, v0000029DFE86B920_0;  alias, 1 drivers
v0000029DFE8767A0_0 .var/s "in_val_out", 15 0;
v0000029DFE876840_0 .net "load_weight", 0 0, v0000029DFE89FCE0_0;  alias, 1 drivers
v0000029DFE876C00_0 .net/s "mac_result", 15 0, v0000029DFE875BC0_0;  1 drivers
v0000029DFE876980_0 .net "rst", 0 0, v0000029DFE89FF60_0;  alias, 1 drivers
v0000029DFE876A20_0 .var/s "stationary_weight", 15 0;
v0000029DFE875580_0 .net/s "weight_in", 15 0, v0000029DFE874F40_0;  alias, 1 drivers
v0000029DFE874D60_0 .var/s "weight_out", 15 0;
S_0000029DFE870AC0 .scope module, "core_mac" "mac_q4_12" 4 19, 5 1 0, S_0000029DFE871BF0;
 .timescale -9 -12;
    .port_info 0 /INPUT 16 "weight";
    .port_info 1 /INPUT 16 "in_val";
    .port_info 2 /INPUT 16 "acc_in";
    .port_info 3 /OUTPUT 16 "acc_out";
v0000029DFE876B60_0 .net/s *"_ivl_0", 31 0, L_0000029DFE90CD00;  1 drivers
v0000029DFE876200_0 .net/s *"_ivl_2", 31 0, L_0000029DFE90E1A0;  1 drivers
v0000029DFE8768E0_0 .net/s "acc_in", 15 0, v0000029DFE876520_0;  alias, 1 drivers
v0000029DFE875BC0_0 .var/s "acc_out", 15 0;
v0000029DFE875C60_0 .net/s "in_val", 15 0, v0000029DFE86B920_0;  alias, 1 drivers
v0000029DFE8772E0_0 .net/s "product", 31 0, L_0000029DFE90E240;  1 drivers
v0000029DFE8754E0_0 .net/s "weight", 15 0, v0000029DFE876A20_0;  1 drivers
E_0000029DFE7AA220 .event anyedge, v0000029DFE876520_0, v0000029DFE8772E0_0;
L_0000029DFE90CD00 .extend/s 32, v0000029DFE876A20_0;
L_0000029DFE90E1A0 .extend/s 32, v0000029DFE86B920_0;
L_0000029DFE90E240 .arith/mult 32, L_0000029DFE90CD00, L_0000029DFE90E1A0;
S_0000029DFE871740 .scope generate, "gen_col[10]" "gen_col[10]" 3 27, 3 27 0, S_0000029DFE862310;
 .timescale -9 -12;
P_0000029DFE7AA5E0 .param/l "c" 1 3 27, +C4<01010>;
S_0000029DFE8718D0 .scope module, "pe_inst" "systolic_pe" 3 32, 4 3 0, S_0000029DFE871740;
 .timescale -9 -12;
    .port_info 0 /INPUT 1 "clk";
    .port_info 1 /INPUT 1 "rst";
    .port_info 2 /INPUT 1 "load_weight";
    .port_info 3 /INPUT 16 "weight_in";
    .port_info 4 /INPUT 16 "in_val_in";
    .port_info 5 /INPUT 16 "acc_in";
    .port_info 6 /OUTPUT 16 "weight_out";
    .port_info 7 /OUTPUT 16 "in_val_out";
    .port_info 8 /OUTPUT 16 "acc_out";
v0000029DFE879A40_0 .net/s "acc_in", 15 0, v0000029DFE8765C0_0;  alias, 1 drivers
v0000029DFE877D80_0 .var/s "acc_out", 15 0;
v0000029DFE878E60_0 .net "clk", 0 0, v0000029DFE89F9C0_0;  alias, 1 drivers
v0000029DFE879220_0 .net/s "in_val_in", 15 0, v0000029DFE86BEC0_0;  alias, 1 drivers
v0000029DFE877560_0 .var/s "in_val_out", 15 0;
v0000029DFE8785A0_0 .net "load_weight", 0 0, v0000029DFE89FCE0_0;  alias, 1 drivers
v0000029DFE8794A0_0 .net/s "mac_result", 15 0, v0000029DFE877E20_0;  1 drivers
v0000029DFE878C80_0 .net "rst", 0 0, v0000029DFE89FF60_0;  alias, 1 drivers
v0000029DFE879720_0 .var/s "stationary_weight", 15 0;
v0000029DFE877600_0 .net/s "weight_in", 15 0, v0000029DFE874D60_0;  alias, 1 drivers
v0000029DFE8776A0_0 .var/s "weight_out", 15 0;
S_0000029DFE86F030 .scope module, "core_mac" "mac_q4_12" 4 19, 5 1 0, S_0000029DFE8718D0;
 .timescale -9 -12;
    .port_info 0 /INPUT 16 "weight";
    .port_info 1 /INPUT 16 "in_val";
    .port_info 2 /INPUT 16 "acc_in";
    .port_info 3 /OUTPUT 16 "acc_out";
v0000029DFE875120_0 .net/s *"_ivl_0", 31 0, L_0000029DFE90EF60;  1 drivers
v0000029DFE875620_0 .net/s *"_ivl_2", 31 0, L_0000029DFE90E2E0;  1 drivers
v0000029DFE878BE0_0 .net/s "acc_in", 15 0, v0000029DFE8765C0_0;  alias, 1 drivers
v0000029DFE877E20_0 .var/s "acc_out", 15 0;
v0000029DFE877EC0_0 .net/s "in_val", 15 0, v0000029DFE86BEC0_0;  alias, 1 drivers
v0000029DFE879860_0 .net/s "product", 31 0, L_0000029DFE90E560;  1 drivers
v0000029DFE877740_0 .net/s "weight", 15 0, v0000029DFE879720_0;  1 drivers
E_0000029DFE7AA460 .event anyedge, v0000029DFE8765C0_0, v0000029DFE879860_0;
L_0000029DFE90EF60 .extend/s 32, v0000029DFE879720_0;
L_0000029DFE90E2E0 .extend/s 32, v0000029DFE86BEC0_0;
L_0000029DFE90E560 .arith/mult 32, L_0000029DFE90EF60, L_0000029DFE90E2E0;
S_0000029DFE871D80 .scope generate, "gen_col[11]" "gen_col[11]" 3 27, 3 27 0, S_0000029DFE862310;
 .timescale -9 -12;
P_0000029DFE7AA7A0 .param/l "c" 1 3 27, +C4<01011>;
S_0000029DFE871F10 .scope module, "pe_inst" "systolic_pe" 3 32, 4 3 0, S_0000029DFE871D80;
 .timescale -9 -12;
    .port_info 0 /INPUT 1 "clk";
    .port_info 1 /INPUT 1 "rst";
    .port_info 2 /INPUT 1 "load_weight";
    .port_info 3 /INPUT 16 "weight_in";
    .port_info 4 /INPUT 16 "in_val_in";
    .port_info 5 /INPUT 16 "acc_in";
    .port_info 6 /OUTPUT 16 "weight_out";
    .port_info 7 /OUTPUT 16 "in_val_out";
    .port_info 8 /OUTPUT 16 "acc_out";
v0000029DFE878000_0 .net/s "acc_in", 15 0, v0000029DFE877D80_0;  alias, 1 drivers
v0000029DFE878780_0 .var/s "acc_out", 15 0;
v0000029DFE878FA0_0 .net "clk", 0 0, v0000029DFE89F9C0_0;  alias, 1 drivers
v0000029DFE879040_0 .net/s "in_val_in", 15 0, v0000029DFE86CFA0_0;  alias, 1 drivers
v0000029DFE878820_0 .var/s "in_val_out", 15 0;
v0000029DFE8795E0_0 .net "load_weight", 0 0, v0000029DFE89FCE0_0;  alias, 1 drivers
v0000029DFE8786E0_0 .net/s "mac_result", 15 0, v0000029DFE8783C0_0;  1 drivers
v0000029DFE878280_0 .net "rst", 0 0, v0000029DFE89FF60_0;  alias, 1 drivers
v0000029DFE878140_0 .var/s "stationary_weight", 15 0;
v0000029DFE878960_0 .net/s "weight_in", 15 0, v0000029DFE8776A0_0;  alias, 1 drivers
v0000029DFE878A00_0 .var/s "weight_out", 15 0;
S_0000029DFE86F800 .scope module, "core_mac" "mac_q4_12" 4 19, 5 1 0, S_0000029DFE871F10;
 .timescale -9 -12;
    .port_info 0 /INPUT 16 "weight";
    .port_info 1 /INPUT 16 "in_val";
    .port_info 2 /INPUT 16 "acc_in";
    .port_info 3 /OUTPUT 16 "acc_out";
v0000029DFE879540_0 .net/s *"_ivl_0", 31 0, L_0000029DFE90E920;  1 drivers
v0000029DFE877F60_0 .net/s *"_ivl_2", 31 0, L_0000029DFE90F000;  1 drivers
v0000029DFE8788C0_0 .net/s "acc_in", 15 0, v0000029DFE877D80_0;  alias, 1 drivers
v0000029DFE8783C0_0 .var/s "acc_out", 15 0;
v0000029DFE8797C0_0 .net/s "in_val", 15 0, v0000029DFE86CFA0_0;  alias, 1 drivers
v0000029DFE8781E0_0 .net/s "product", 31 0, L_0000029DFE90E740;  1 drivers
v0000029DFE878D20_0 .net/s "weight", 15 0, v0000029DFE878140_0;  1 drivers
E_0000029DFE7AA420 .event anyedge, v0000029DFE877D80_0, v0000029DFE8781E0_0;
L_0000029DFE90E920 .extend/s 32, v0000029DFE878140_0;
L_0000029DFE90F000 .extend/s 32, v0000029DFE86CFA0_0;
L_0000029DFE90E740 .arith/mult 32, L_0000029DFE90E920, L_0000029DFE90F000;
S_0000029DFE86FB20 .scope generate, "gen_col[12]" "gen_col[12]" 3 27, 3 27 0, S_0000029DFE862310;
 .timescale -9 -12;
P_0000029DFE7AAE60 .param/l "c" 1 3 27, +C4<01100>;
S_0000029DFE86F990 .scope module, "pe_inst" "systolic_pe" 3 32, 4 3 0, S_0000029DFE86FB20;
 .timescale -9 -12;
    .port_info 0 /INPUT 1 "clk";
    .port_info 1 /INPUT 1 "rst";
    .port_info 2 /INPUT 1 "load_weight";
    .port_info 3 /INPUT 16 "weight_in";
    .port_info 4 /INPUT 16 "in_val_in";
    .port_info 5 /INPUT 16 "acc_in";
    .port_info 6 /OUTPUT 16 "weight_out";
    .port_info 7 /OUTPUT 16 "in_val_out";
    .port_info 8 /OUTPUT 16 "acc_out";
v0000029DFE879900_0 .net/s "acc_in", 15 0, v0000029DFE878780_0;  alias, 1 drivers
v0000029DFE878F00_0 .var/s "acc_out", 15 0;
v0000029DFE878640_0 .net "clk", 0 0, v0000029DFE89F9C0_0;  alias, 1 drivers
v0000029DFE877B00_0 .net/s "in_val_in", 15 0, v0000029DFE867320_0;  alias, 1 drivers
v0000029DFE878AA0_0 .var/s "in_val_out", 15 0;
v0000029DFE8790E0_0 .net "load_weight", 0 0, v0000029DFE89FCE0_0;  alias, 1 drivers
v0000029DFE877C40_0 .net/s "mac_result", 15 0, v0000029DFE878320_0;  1 drivers
v0000029DFE878460_0 .net "rst", 0 0, v0000029DFE89FF60_0;  alias, 1 drivers
v0000029DFE878B40_0 .var/s "stationary_weight", 15 0;
v0000029DFE8799A0_0 .net/s "weight_in", 15 0, v0000029DFE878A00_0;  alias, 1 drivers
v0000029DFE879680_0 .var/s "weight_out", 15 0;
S_0000029DFE8720A0 .scope module, "core_mac" "mac_q4_12" 4 19, 5 1 0, S_0000029DFE86F990;
 .timescale -9 -12;
    .port_info 0 /INPUT 16 "weight";
    .port_info 1 /INPUT 16 "in_val";
    .port_info 2 /INPUT 16 "acc_in";
    .port_info 3 /OUTPUT 16 "acc_out";
v0000029DFE878500_0 .net/s *"_ivl_0", 31 0, L_0000029DFE90E9C0;  1 drivers
v0000029DFE879400_0 .net/s *"_ivl_2", 31 0, L_0000029DFE90E880;  1 drivers
v0000029DFE879180_0 .net/s "acc_in", 15 0, v0000029DFE878780_0;  alias, 1 drivers
v0000029DFE878320_0 .var/s "acc_out", 15 0;
v0000029DFE879360_0 .net/s "in_val", 15 0, v0000029DFE867320_0;  alias, 1 drivers
v0000029DFE877880_0 .net/s "product", 31 0, L_0000029DFE90EA60;  1 drivers
v0000029DFE8780A0_0 .net/s "weight", 15 0, v0000029DFE878B40_0;  1 drivers
E_0000029DFE7AA2A0 .event anyedge, v0000029DFE878780_0, v0000029DFE877880_0;
L_0000029DFE90E9C0 .extend/s 32, v0000029DFE878B40_0;
L_0000029DFE90E880 .extend/s 32, v0000029DFE867320_0;
L_0000029DFE90EA60 .arith/mult 32, L_0000029DFE90E9C0, L_0000029DFE90E880;
S_0000029DFE872230 .scope generate, "gen_col[13]" "gen_col[13]" 3 27, 3 27 0, S_0000029DFE862310;
 .timescale -9 -12;
P_0000029DFE7AAEA0 .param/l "c" 1 3 27, +C4<01101>;
S_0000029DFE86ED10 .scope module, "pe_inst" "systolic_pe" 3 32, 4 3 0, S_0000029DFE872230;
 .timescale -9 -12;
    .port_info 0 /INPUT 1 "clk";
    .port_info 1 /INPUT 1 "rst";
    .port_info 2 /INPUT 1 "load_weight";
    .port_info 3 /INPUT 16 "weight_in";
    .port_info 4 /INPUT 16 "in_val_in";
    .port_info 5 /INPUT 16 "acc_in";
    .port_info 6 /OUTPUT 16 "weight_out";
    .port_info 7 /OUTPUT 16 "in_val_out";
    .port_info 8 /OUTPUT 16 "acc_out";
v0000029DFE8777E0_0 .net/s "acc_in", 15 0, v0000029DFE878F00_0;  alias, 1 drivers
v0000029DFE877920_0 .var/s "acc_out", 15 0;
v0000029DFE877A60_0 .net "clk", 0 0, v0000029DFE89F9C0_0;  alias, 1 drivers
v0000029DFE877BA0_0 .net/s "in_val_in", 15 0, v0000029DFE865D40_0;  alias, 1 drivers
v0000029DFE877CE0_0 .var/s "in_val_out", 15 0;
v0000029DFE879EA0_0 .net "load_weight", 0 0, v0000029DFE89FCE0_0;  alias, 1 drivers
v0000029DFE87A120_0 .net/s "mac_result", 15 0, v0000029DFE879AE0_0;  1 drivers
v0000029DFE87A3A0_0 .net "rst", 0 0, v0000029DFE89FF60_0;  alias, 1 drivers
v0000029DFE879F40_0 .var/s "stationary_weight", 15 0;
v0000029DFE87A1C0_0 .net/s "weight_in", 15 0, v0000029DFE879680_0;  alias, 1 drivers
v0000029DFE87A440_0 .var/s "weight_out", 15 0;
S_0000029DFE86FFD0 .scope module, "core_mac" "mac_q4_12" 4 19, 5 1 0, S_0000029DFE86ED10;
 .timescale -9 -12;
    .port_info 0 /INPUT 16 "weight";
    .port_info 1 /INPUT 16 "in_val";
    .port_info 2 /INPUT 16 "acc_in";
    .port_info 3 /OUTPUT 16 "acc_out";
v0000029DFE8779C0_0 .net/s *"_ivl_0", 31 0, L_0000029DFE90EB00;  1 drivers
v0000029DFE878DC0_0 .net/s *"_ivl_2", 31 0, L_0000029DFE90F0A0;  1 drivers
v0000029DFE8792C0_0 .net/s "acc_in", 15 0, v0000029DFE878F00_0;  alias, 1 drivers
v0000029DFE879AE0_0 .var/s "acc_out", 15 0;
v0000029DFE879B80_0 .net/s "in_val", 15 0, v0000029DFE865D40_0;  alias, 1 drivers
v0000029DFE879C20_0 .net/s "product", 31 0, L_0000029DFE90C940;  1 drivers
v0000029DFE879CC0_0 .net/s "weight", 15 0, v0000029DFE879F40_0;  1 drivers
E_0000029DFE7AA1E0 .event anyedge, v0000029DFE878F00_0, v0000029DFE879C20_0;
L_0000029DFE90EB00 .extend/s 32, v0000029DFE879F40_0;
L_0000029DFE90F0A0 .extend/s 32, v0000029DFE865D40_0;
L_0000029DFE90C940 .arith/mult 32, L_0000029DFE90EB00, L_0000029DFE90F0A0;
S_0000029DFE86E540 .scope generate, "gen_col[14]" "gen_col[14]" 3 27, 3 27 0, S_0000029DFE862310;
 .timescale -9 -12;
P_0000029DFE7AAEE0 .param/l "c" 1 3 27, +C4<01110>;
S_0000029DFE86EEA0 .scope module, "pe_inst" "systolic_pe" 3 32, 4 3 0, S_0000029DFE86E540;
 .timescale -9 -12;
    .port_info 0 /INPUT 1 "clk";
    .port_info 1 /INPUT 1 "rst";
    .port_info 2 /INPUT 1 "load_weight";
    .port_info 3 /INPUT 16 "weight_in";
    .port_info 4 /INPUT 16 "in_val_in";
    .port_info 5 /INPUT 16 "acc_in";
    .port_info 6 /OUTPUT 16 "weight_out";
    .port_info 7 /OUTPUT 16 "in_val_out";
    .port_info 8 /OUTPUT 16 "acc_out";
v0000029DFE894DE0_0 .net/s "acc_in", 15 0, v0000029DFE877920_0;  alias, 1 drivers
v0000029DFE894C00_0 .var/s "acc_out", 15 0;
v0000029DFE892EA0_0 .net "clk", 0 0, v0000029DFE89F9C0_0;  alias, 1 drivers
v0000029DFE894020_0 .net/s "in_val_in", 15 0, v0000029DFE8675A0_0;  alias, 1 drivers
v0000029DFE892FE0_0 .var/s "in_val_out", 15 0;
v0000029DFE894B60_0 .net "load_weight", 0 0, v0000029DFE89FCE0_0;  alias, 1 drivers
v0000029DFE8931C0_0 .net/s "mac_result", 15 0, v0000029DFE87A300_0;  1 drivers
v0000029DFE893260_0 .net "rst", 0 0, v0000029DFE89FF60_0;  alias, 1 drivers
v0000029DFE8942A0_0 .var/s "stationary_weight", 15 0;
v0000029DFE893E40_0 .net/s "weight_in", 15 0, v0000029DFE87A440_0;  alias, 1 drivers
v0000029DFE893C60_0 .var/s "weight_out", 15 0;
S_0000029DFE8702F0 .scope module, "core_mac" "mac_q4_12" 4 19, 5 1 0, S_0000029DFE86EEA0;
 .timescale -9 -12;
    .port_info 0 /INPUT 16 "weight";
    .port_info 1 /INPUT 16 "in_val";
    .port_info 2 /INPUT 16 "acc_in";
    .port_info 3 /OUTPUT 16 "acc_out";
v0000029DFE879D60_0 .net/s *"_ivl_0", 31 0, L_0000029DFE90CA80;  1 drivers
v0000029DFE879E00_0 .net/s *"_ivl_2", 31 0, L_0000029DFE90CB20;  1 drivers
v0000029DFE879FE0_0 .net/s "acc_in", 15 0, v0000029DFE877920_0;  alias, 1 drivers
v0000029DFE87A300_0 .var/s "acc_out", 15 0;
v0000029DFE87A080_0 .net/s "in_val", 15 0, v0000029DFE8675A0_0;  alias, 1 drivers
v0000029DFE87A260_0 .net/s "product", 31 0, L_0000029DFE90FAA0;  1 drivers
v0000029DFE8945C0_0 .net/s "weight", 15 0, v0000029DFE8942A0_0;  1 drivers
E_0000029DFE7AA9A0 .event anyedge, v0000029DFE877920_0, v0000029DFE87A260_0;
L_0000029DFE90CA80 .extend/s 32, v0000029DFE8942A0_0;
L_0000029DFE90CB20 .extend/s 32, v0000029DFE8675A0_0;
L_0000029DFE90FAA0 .arith/mult 32, L_0000029DFE90CA80, L_0000029DFE90CB20;
S_0000029DFE86F670 .scope generate, "gen_col[15]" "gen_col[15]" 3 27, 3 27 0, S_0000029DFE862310;
 .timescale -9 -12;
P_0000029DFE7AA2E0 .param/l "c" 1 3 27, +C4<01111>;
S_0000029DFE86E6D0 .scope module, "pe_inst" "systolic_pe" 3 32, 4 3 0, S_0000029DFE86F670;
 .timescale -9 -12;
    .port_info 0 /INPUT 1 "clk";
    .port_info 1 /INPUT 1 "rst";
    .port_info 2 /INPUT 1 "load_weight";
    .port_info 3 /INPUT 16 "weight_in";
    .port_info 4 /INPUT 16 "in_val_in";
    .port_info 5 /INPUT 16 "acc_in";
    .port_info 6 /OUTPUT 16 "weight_out";
    .port_info 7 /OUTPUT 16 "in_val_out";
    .port_info 8 /OUTPUT 16 "acc_out";
v0000029DFE892F40_0 .net/s "acc_in", 15 0, v0000029DFE894C00_0;  alias, 1 drivers
v0000029DFE894340_0 .var/s "acc_out", 15 0;
v0000029DFE894AC0_0 .net "clk", 0 0, v0000029DFE89F9C0_0;  alias, 1 drivers
v0000029DFE893300_0 .net/s "in_val_in", 15 0, v0000029DFE86A200_0;  alias, 1 drivers
v0000029DFE893440_0 .var/s "in_val_out", 15 0;
v0000029DFE893A80_0 .net "load_weight", 0 0, v0000029DFE89FCE0_0;  alias, 1 drivers
v0000029DFE893800_0 .net/s "mac_result", 15 0, v0000029DFE893080_0;  1 drivers
v0000029DFE894D40_0 .net "rst", 0 0, v0000029DFE89FF60_0;  alias, 1 drivers
v0000029DFE8940C0_0 .var/s "stationary_weight", 15 0;
v0000029DFE894F20_0 .net/s "weight_in", 15 0, v0000029DFE893C60_0;  alias, 1 drivers
v0000029DFE892CC0_0 .var/s "weight_out", 15 0;
S_0000029DFE870C50 .scope module, "core_mac" "mac_q4_12" 4 19, 5 1 0, S_0000029DFE86E6D0;
 .timescale -9 -12;
    .port_info 0 /INPUT 16 "weight";
    .port_info 1 /INPUT 16 "in_val";
    .port_info 2 /INPUT 16 "acc_in";
    .port_info 3 /OUTPUT 16 "acc_out";
v0000029DFE892900_0 .net/s *"_ivl_0", 31 0, L_0000029DFE90F6E0;  1 drivers
v0000029DFE894CA0_0 .net/s *"_ivl_2", 31 0, L_0000029DFE90F500;  1 drivers
v0000029DFE893760_0 .net/s "acc_in", 15 0, v0000029DFE894C00_0;  alias, 1 drivers
v0000029DFE893080_0 .var/s "acc_out", 15 0;
v0000029DFE894E80_0 .net/s "in_val", 15 0, v0000029DFE86A200_0;  alias, 1 drivers
v0000029DFE893BC0_0 .net/s "product", 31 0, L_0000029DFE90FD20;  1 drivers
v0000029DFE893B20_0 .net/s "weight", 15 0, v0000029DFE8940C0_0;  1 drivers
E_0000029DFE7AA160 .event anyedge, v0000029DFE894C00_0, v0000029DFE893BC0_0;
L_0000029DFE90F6E0 .extend/s 32, v0000029DFE8940C0_0;
L_0000029DFE90F500 .extend/s 32, v0000029DFE86A200_0;
L_0000029DFE90FD20 .arith/mult 32, L_0000029DFE90F6E0, L_0000029DFE90F500;
S_0000029DFE87F5E0 .scope generate, "gen_row[5]" "gen_row[5]" 3 22, 3 22 0, S_0000029DFE7B6390;
 .timescale -9 -12;
P_0000029DFE7AA520 .param/l "r" 1 3 22, +C4<0101>;
L_0000029DFE730AB0 .functor BUFZ 16, v0000029DFE89E0C0_0, C4<0000000000000000>, C4<0000000000000000>, C4<0000000000000000>;
v0000029DFE89CC20_0 .net *"_ivl_7", 15 0, L_0000029DFE730AB0;  1 drivers
S_0000029DFE87D9C0 .scope generate, "gen_col[0]" "gen_col[0]" 3 27, 3 27 0, S_0000029DFE87F5E0;
 .timescale -9 -12;
P_0000029DFE7AA020 .param/l "c" 1 3 27, +C4<00>;
S_0000029DFE87CBB0 .scope module, "pe_inst" "systolic_pe" 3 32, 4 3 0, S_0000029DFE87D9C0;
 .timescale -9 -12;
    .port_info 0 /INPUT 1 "clk";
    .port_info 1 /INPUT 1 "rst";
    .port_info 2 /INPUT 1 "load_weight";
    .port_info 3 /INPUT 16 "weight_in";
    .port_info 4 /INPUT 16 "in_val_in";
    .port_info 5 /INPUT 16 "acc_in";
    .port_info 6 /OUTPUT 16 "weight_out";
    .port_info 7 /OUTPUT 16 "in_val_out";
    .port_info 8 /OUTPUT 16 "acc_out";
v0000029DFE894700_0 .net/s "acc_in", 15 0, L_0000029DFE8A8210;  alias, 1 drivers
v0000029DFE894980_0 .var/s "acc_out", 15 0;
v0000029DFE8929A0_0 .net "clk", 0 0, v0000029DFE89F9C0_0;  alias, 1 drivers
v0000029DFE893940_0 .net/s "in_val_in", 15 0, v0000029DFE868E00_0;  alias, 1 drivers
v0000029DFE892A40_0 .var/s "in_val_out", 15 0;
v0000029DFE893620_0 .net "load_weight", 0 0, v0000029DFE89FCE0_0;  alias, 1 drivers
v0000029DFE8936C0_0 .net/s "mac_result", 15 0, v0000029DFE894FC0_0;  1 drivers
v0000029DFE893EE0_0 .net "rst", 0 0, v0000029DFE89FF60_0;  alias, 1 drivers
v0000029DFE892D60_0 .var/s "stationary_weight", 15 0;
v0000029DFE894200_0 .net/s "weight_in", 15 0, L_0000029DFE90F140;  alias, 1 drivers
v0000029DFE8933A0_0 .var/s "weight_out", 15 0;
S_0000029DFE87F770 .scope module, "core_mac" "mac_q4_12" 4 19, 5 1 0, S_0000029DFE87CBB0;
 .timescale -9 -12;
    .port_info 0 /INPUT 16 "weight";
    .port_info 1 /INPUT 16 "in_val";
    .port_info 2 /INPUT 16 "acc_in";
    .port_info 3 /OUTPUT 16 "acc_out";
v0000029DFE894660_0 .net/s *"_ivl_0", 31 0, L_0000029DFE90FDC0;  1 drivers
v0000029DFE894480_0 .net/s *"_ivl_2", 31 0, L_0000029DFE90FFA0;  1 drivers
v0000029DFE8948E0_0 .net/s "acc_in", 15 0, L_0000029DFE8A8210;  alias, 1 drivers
v0000029DFE894FC0_0 .var/s "acc_out", 15 0;
v0000029DFE8938A0_0 .net/s "in_val", 15 0, v0000029DFE868E00_0;  alias, 1 drivers
v0000029DFE895060_0 .net/s "product", 31 0, L_0000029DFE90F960;  1 drivers
v0000029DFE894A20_0 .net/s "weight", 15 0, v0000029DFE892D60_0;  1 drivers
E_0000029DFE7AAA60 .event anyedge, v0000029DFE8948E0_0, v0000029DFE895060_0;
L_0000029DFE90FDC0 .extend/s 32, v0000029DFE892D60_0;
L_0000029DFE90FFA0 .extend/s 32, v0000029DFE868E00_0;
L_0000029DFE90F960 .arith/mult 32, L_0000029DFE90FDC0, L_0000029DFE90FFA0;
S_0000029DFE8800D0 .scope generate, "gen_col[1]" "gen_col[1]" 3 27, 3 27 0, S_0000029DFE87F5E0;
 .timescale -9 -12;
P_0000029DFE7AAF20 .param/l "c" 1 3 27, +C4<01>;
S_0000029DFE87CED0 .scope module, "pe_inst" "systolic_pe" 3 32, 4 3 0, S_0000029DFE8800D0;
 .timescale -9 -12;
    .port_info 0 /INPUT 1 "clk";
    .port_info 1 /INPUT 1 "rst";
    .port_info 2 /INPUT 1 "load_weight";
    .port_info 3 /INPUT 16 "weight_in";
    .port_info 4 /INPUT 16 "in_val_in";
    .port_info 5 /INPUT 16 "acc_in";
    .port_info 6 /OUTPUT 16 "weight_out";
    .port_info 7 /OUTPUT 16 "in_val_out";
    .port_info 8 /OUTPUT 16 "acc_out";
v0000029DFE8943E0_0 .net/s "acc_in", 15 0, v0000029DFE894980_0;  alias, 1 drivers
v0000029DFE892B80_0 .var/s "acc_out", 15 0;
v0000029DFE8934E0_0 .net "clk", 0 0, v0000029DFE89F9C0_0;  alias, 1 drivers
v0000029DFE894520_0 .net/s "in_val_in", 15 0, v0000029DFE86A2A0_0;  alias, 1 drivers
v0000029DFE893580_0 .var/s "in_val_out", 15 0;
v0000029DFE893DA0_0 .net "load_weight", 0 0, v0000029DFE89FCE0_0;  alias, 1 drivers
v0000029DFE894840_0 .net/s "mac_result", 15 0, v0000029DFE892E00_0;  1 drivers
v0000029DFE892C20_0 .net "rst", 0 0, v0000029DFE89FF60_0;  alias, 1 drivers
v0000029DFE896F00_0 .var/s "stationary_weight", 15 0;
v0000029DFE8977C0_0 .net/s "weight_in", 15 0, v0000029DFE8933A0_0;  alias, 1 drivers
v0000029DFE896B40_0 .var/s "weight_out", 15 0;
S_0000029DFE87DB50 .scope module, "core_mac" "mac_q4_12" 4 19, 5 1 0, S_0000029DFE87CED0;
 .timescale -9 -12;
    .port_info 0 /INPUT 16 "weight";
    .port_info 1 /INPUT 16 "in_val";
    .port_info 2 /INPUT 16 "acc_in";
    .port_info 3 /OUTPUT 16 "acc_out";
v0000029DFE892AE0_0 .net/s *"_ivl_0", 31 0, L_0000029DFE90FA00;  1 drivers
v0000029DFE893120_0 .net/s *"_ivl_2", 31 0, L_0000029DFE90F5A0;  1 drivers
v0000029DFE8939E0_0 .net/s "acc_in", 15 0, v0000029DFE894980_0;  alias, 1 drivers
v0000029DFE892E00_0 .var/s "acc_out", 15 0;
v0000029DFE893D00_0 .net/s "in_val", 15 0, v0000029DFE86A2A0_0;  alias, 1 drivers
v0000029DFE893F80_0 .net/s "product", 31 0, L_0000029DFE90FB40;  1 drivers
v0000029DFE894160_0 .net/s "weight", 15 0, v0000029DFE896F00_0;  1 drivers
E_0000029DFE7AAF60 .event anyedge, v0000029DFE894980_0, v0000029DFE893F80_0;
L_0000029DFE90FA00 .extend/s 32, v0000029DFE896F00_0;
L_0000029DFE90F5A0 .extend/s 32, v0000029DFE86A2A0_0;
L_0000029DFE90FB40 .arith/mult 32, L_0000029DFE90FA00, L_0000029DFE90F5A0;
S_0000029DFE87EE10 .scope generate, "gen_col[2]" "gen_col[2]" 3 27, 3 27 0, S_0000029DFE87F5E0;
 .timescale -9 -12;
P_0000029DFE7AA060 .param/l "c" 1 3 27, +C4<010>;
S_0000029DFE87E190 .scope module, "pe_inst" "systolic_pe" 3 32, 4 3 0, S_0000029DFE87EE10;
 .timescale -9 -12;
    .port_info 0 /INPUT 1 "clk";
    .port_info 1 /INPUT 1 "rst";
    .port_info 2 /INPUT 1 "load_weight";
    .port_info 3 /INPUT 16 "weight_in";
    .port_info 4 /INPUT 16 "in_val_in";
    .port_info 5 /INPUT 16 "acc_in";
    .port_info 6 /OUTPUT 16 "weight_out";
    .port_info 7 /OUTPUT 16 "in_val_out";
    .port_info 8 /OUTPUT 16 "acc_out";
v0000029DFE8956A0_0 .net/s "acc_in", 15 0, v0000029DFE892B80_0;  alias, 1 drivers
v0000029DFE8960A0_0 .var/s "acc_out", 15 0;
v0000029DFE896960_0 .net "clk", 0 0, v0000029DFE89F9C0_0;  alias, 1 drivers
v0000029DFE895B00_0 .net/s "in_val_in", 15 0, v0000029DFE86A340_0;  alias, 1 drivers
v0000029DFE896BE0_0 .var/s "in_val_out", 15 0;
v0000029DFE895880_0 .net "load_weight", 0 0, v0000029DFE89FCE0_0;  alias, 1 drivers
v0000029DFE896FA0_0 .net/s "mac_result", 15 0, v0000029DFE896280_0;  1 drivers
v0000029DFE897860_0 .net "rst", 0 0, v0000029DFE89FF60_0;  alias, 1 drivers
v0000029DFE895420_0 .var/s "stationary_weight", 15 0;
v0000029DFE895A60_0 .net/s "weight_in", 15 0, v0000029DFE896B40_0;  alias, 1 drivers
v0000029DFE8972C0_0 .var/s "weight_out", 15 0;
S_0000029DFE87D830 .scope module, "core_mac" "mac_q4_12" 4 19, 5 1 0, S_0000029DFE87E190;
 .timescale -9 -12;
    .port_info 0 /INPUT 16 "weight";
    .port_info 1 /INPUT 16 "in_val";
    .port_info 2 /INPUT 16 "acc_in";
    .port_info 3 /OUTPUT 16 "acc_out";
v0000029DFE8965A0_0 .net/s *"_ivl_0", 31 0, L_0000029DFE90FBE0;  1 drivers
v0000029DFE896DC0_0 .net/s *"_ivl_2", 31 0, L_0000029DFE90FE60;  1 drivers
v0000029DFE895C40_0 .net/s "acc_in", 15 0, v0000029DFE892B80_0;  alias, 1 drivers
v0000029DFE896280_0 .var/s "acc_out", 15 0;
v0000029DFE897540_0 .net/s "in_val", 15 0, v0000029DFE86A340_0;  alias, 1 drivers
v0000029DFE895CE0_0 .net/s "product", 31 0, L_0000029DFE90FF00;  1 drivers
v0000029DFE895E20_0 .net/s "weight", 15 0, v0000029DFE895420_0;  1 drivers
E_0000029DFE7AA820 .event anyedge, v0000029DFE892B80_0, v0000029DFE895CE0_0;
L_0000029DFE90FBE0 .extend/s 32, v0000029DFE895420_0;
L_0000029DFE90FE60 .extend/s 32, v0000029DFE86A340_0;
L_0000029DFE90FF00 .arith/mult 32, L_0000029DFE90FBE0, L_0000029DFE90FE60;
S_0000029DFE87F450 .scope generate, "gen_col[3]" "gen_col[3]" 3 27, 3 27 0, S_0000029DFE87F5E0;
 .timescale -9 -12;
P_0000029DFE7AA0E0 .param/l "c" 1 3 27, +C4<011>;
S_0000029DFE87D1F0 .scope module, "pe_inst" "systolic_pe" 3 32, 4 3 0, S_0000029DFE87F450;
 .timescale -9 -12;
    .port_info 0 /INPUT 1 "clk";
    .port_info 1 /INPUT 1 "rst";
    .port_info 2 /INPUT 1 "load_weight";
    .port_info 3 /INPUT 16 "weight_in";
    .port_info 4 /INPUT 16 "in_val_in";
    .port_info 5 /INPUT 16 "acc_in";
    .port_info 6 /OUTPUT 16 "weight_out";
    .port_info 7 /OUTPUT 16 "in_val_out";
    .port_info 8 /OUTPUT 16 "acc_out";
v0000029DFE895560_0 .net/s "acc_in", 15 0, v0000029DFE8960A0_0;  alias, 1 drivers
v0000029DFE896A00_0 .var/s "acc_out", 15 0;
v0000029DFE896E60_0 .net "clk", 0 0, v0000029DFE89F9C0_0;  alias, 1 drivers
v0000029DFE896140_0 .net/s "in_val_in", 15 0, v0000029DFE874CC0_0;  alias, 1 drivers
v0000029DFE895D80_0 .var/s "in_val_out", 15 0;
v0000029DFE895EC0_0 .net "load_weight", 0 0, v0000029DFE89FCE0_0;  alias, 1 drivers
v0000029DFE895920_0 .net/s "mac_result", 15 0, v0000029DFE897180_0;  1 drivers
v0000029DFE8966E0_0 .net "rst", 0 0, v0000029DFE89FF60_0;  alias, 1 drivers
v0000029DFE896C80_0 .var/s "stationary_weight", 15 0;
v0000029DFE8961E0_0 .net/s "weight_in", 15 0, v0000029DFE8972C0_0;  alias, 1 drivers
v0000029DFE896320_0 .var/s "weight_out", 15 0;
S_0000029DFE87DCE0 .scope module, "core_mac" "mac_q4_12" 4 19, 5 1 0, S_0000029DFE87D1F0;
 .timescale -9 -12;
    .port_info 0 /INPUT 16 "weight";
    .port_info 1 /INPUT 16 "in_val";
    .port_info 2 /INPUT 16 "acc_in";
    .port_info 3 /OUTPUT 16 "acc_out";
v0000029DFE897220_0 .net/s *"_ivl_0", 31 0, L_0000029DFE90F1E0;  1 drivers
v0000029DFE8970E0_0 .net/s *"_ivl_2", 31 0, L_0000029DFE90FC80;  1 drivers
v0000029DFE897040_0 .net/s "acc_in", 15 0, v0000029DFE8960A0_0;  alias, 1 drivers
v0000029DFE897180_0 .var/s "acc_out", 15 0;
v0000029DFE895BA0_0 .net/s "in_val", 15 0, v0000029DFE874CC0_0;  alias, 1 drivers
v0000029DFE8951A0_0 .net/s "product", 31 0, L_0000029DFE90F820;  1 drivers
v0000029DFE897720_0 .net/s "weight", 15 0, v0000029DFE896C80_0;  1 drivers
E_0000029DFE7AA120 .event anyedge, v0000029DFE8960A0_0, v0000029DFE8951A0_0;
L_0000029DFE90F1E0 .extend/s 32, v0000029DFE896C80_0;
L_0000029DFE90FC80 .extend/s 32, v0000029DFE874CC0_0;
L_0000029DFE90F820 .arith/mult 32, L_0000029DFE90F1E0, L_0000029DFE90FC80;
S_0000029DFE87C890 .scope generate, "gen_col[4]" "gen_col[4]" 3 27, 3 27 0, S_0000029DFE87F5E0;
 .timescale -9 -12;
P_0000029DFE7AA1A0 .param/l "c" 1 3 27, +C4<0100>;
S_0000029DFE87FF40 .scope module, "pe_inst" "systolic_pe" 3 32, 4 3 0, S_0000029DFE87C890;
 .timescale -9 -12;
    .port_info 0 /INPUT 1 "clk";
    .port_info 1 /INPUT 1 "rst";
    .port_info 2 /INPUT 1 "load_weight";
    .port_info 3 /INPUT 16 "weight_in";
    .port_info 4 /INPUT 16 "in_val_in";
    .port_info 5 /INPUT 16 "acc_in";
    .port_info 6 /OUTPUT 16 "weight_out";
    .port_info 7 /OUTPUT 16 "in_val_out";
    .port_info 8 /OUTPUT 16 "acc_out";
v0000029DFE896820_0 .net/s "acc_in", 15 0, v0000029DFE896A00_0;  alias, 1 drivers
v0000029DFE895600_0 .var/s "acc_out", 15 0;
v0000029DFE897400_0 .net "clk", 0 0, v0000029DFE89F9C0_0;  alias, 1 drivers
v0000029DFE895F60_0 .net/s "in_val_in", 15 0, v0000029DFE874AE0_0;  alias, 1 drivers
v0000029DFE895740_0 .var/s "in_val_out", 15 0;
v0000029DFE896D20_0 .net "load_weight", 0 0, v0000029DFE89FCE0_0;  alias, 1 drivers
v0000029DFE896640_0 .net/s "mac_result", 15 0, v0000029DFE896460_0;  1 drivers
v0000029DFE8974A0_0 .net "rst", 0 0, v0000029DFE89FF60_0;  alias, 1 drivers
v0000029DFE8975E0_0 .var/s "stationary_weight", 15 0;
v0000029DFE896000_0 .net/s "weight_in", 15 0, v0000029DFE896320_0;  alias, 1 drivers
v0000029DFE897680_0 .var/s "weight_out", 15 0;
S_0000029DFE87FDB0 .scope module, "core_mac" "mac_q4_12" 4 19, 5 1 0, S_0000029DFE87FF40;
 .timescale -9 -12;
    .port_info 0 /INPUT 16 "weight";
    .port_info 1 /INPUT 16 "in_val";
    .port_info 2 /INPUT 16 "acc_in";
    .port_info 3 /OUTPUT 16 "acc_out";
v0000029DFE895100_0 .net/s *"_ivl_0", 31 0, L_0000029DFE90F8C0;  1 drivers
v0000029DFE8963C0_0 .net/s *"_ivl_2", 31 0, L_0000029DFE90F280;  1 drivers
v0000029DFE896780_0 .net/s "acc_in", 15 0, v0000029DFE896A00_0;  alias, 1 drivers
v0000029DFE896460_0 .var/s "acc_out", 15 0;
v0000029DFE897360_0 .net/s "in_val", 15 0, v0000029DFE874AE0_0;  alias, 1 drivers
v0000029DFE895240_0 .net/s "product", 31 0, L_0000029DFE90F320;  1 drivers
v0000029DFE896500_0 .net/s "weight", 15 0, v0000029DFE8975E0_0;  1 drivers
E_0000029DFE7AABE0 .event anyedge, v0000029DFE896A00_0, v0000029DFE895240_0;
L_0000029DFE90F8C0 .extend/s 32, v0000029DFE8975E0_0;
L_0000029DFE90F280 .extend/s 32, v0000029DFE874AE0_0;
L_0000029DFE90F320 .arith/mult 32, L_0000029DFE90F8C0, L_0000029DFE90F280;
S_0000029DFE87CD40 .scope generate, "gen_col[5]" "gen_col[5]" 3 27, 3 27 0, S_0000029DFE87F5E0;
 .timescale -9 -12;
P_0000029DFE7AA620 .param/l "c" 1 3 27, +C4<0101>;
S_0000029DFE87D380 .scope module, "pe_inst" "systolic_pe" 3 32, 4 3 0, S_0000029DFE87CD40;
 .timescale -9 -12;
    .port_info 0 /INPUT 1 "clk";
    .port_info 1 /INPUT 1 "rst";
    .port_info 2 /INPUT 1 "load_weight";
    .port_info 3 /INPUT 16 "weight_in";
    .port_info 4 /INPUT 16 "in_val_in";
    .port_info 5 /INPUT 16 "acc_in";
    .port_info 6 /OUTPUT 16 "weight_out";
    .port_info 7 /OUTPUT 16 "in_val_out";
    .port_info 8 /OUTPUT 16 "acc_out";
v0000029DFE899480_0 .net/s "acc_in", 15 0, v0000029DFE895600_0;  alias, 1 drivers
v0000029DFE8998E0_0 .var/s "acc_out", 15 0;
v0000029DFE899B60_0 .net "clk", 0 0, v0000029DFE89F9C0_0;  alias, 1 drivers
v0000029DFE898580_0 .net/s "in_val_in", 15 0, v0000029DFE873BE0_0;  alias, 1 drivers
v0000029DFE898800_0 .var/s "in_val_out", 15 0;
v0000029DFE899980_0 .net "load_weight", 0 0, v0000029DFE89FCE0_0;  alias, 1 drivers
v0000029DFE899A20_0 .net/s "mac_result", 15 0, v0000029DFE8968C0_0;  1 drivers
v0000029DFE899520_0 .net "rst", 0 0, v0000029DFE89FF60_0;  alias, 1 drivers
v0000029DFE899AC0_0 .var/s "stationary_weight", 15 0;
v0000029DFE899700_0 .net/s "weight_in", 15 0, v0000029DFE897680_0;  alias, 1 drivers
v0000029DFE8979A0_0 .var/s "weight_out", 15 0;
S_0000029DFE87C570 .scope module, "core_mac" "mac_q4_12" 4 19, 5 1 0, S_0000029DFE87D380;
 .timescale -9 -12;
    .port_info 0 /INPUT 16 "weight";
    .port_info 1 /INPUT 16 "in_val";
    .port_info 2 /INPUT 16 "acc_in";
    .port_info 3 /OUTPUT 16 "acc_out";
v0000029DFE895380_0 .net/s *"_ivl_0", 31 0, L_0000029DFE90F3C0;  1 drivers
v0000029DFE8952E0_0 .net/s *"_ivl_2", 31 0, L_0000029DFE90F640;  1 drivers
v0000029DFE8954C0_0 .net/s "acc_in", 15 0, v0000029DFE895600_0;  alias, 1 drivers
v0000029DFE8968C0_0 .var/s "acc_out", 15 0;
v0000029DFE8957E0_0 .net/s "in_val", 15 0, v0000029DFE873BE0_0;  alias, 1 drivers
v0000029DFE8959C0_0 .net/s "product", 31 0, L_0000029DFE90F780;  1 drivers
v0000029DFE896AA0_0 .net/s "weight", 15 0, v0000029DFE899AC0_0;  1 drivers
E_0000029DFE7AA320 .event anyedge, v0000029DFE895600_0, v0000029DFE8959C0_0;
L_0000029DFE90F3C0 .extend/s 32, v0000029DFE899AC0_0;
L_0000029DFE90F640 .extend/s 32, v0000029DFE873BE0_0;
L_0000029DFE90F780 .arith/mult 32, L_0000029DFE90F3C0, L_0000029DFE90F640;
S_0000029DFE87F900 .scope generate, "gen_col[6]" "gen_col[6]" 3 27, 3 27 0, S_0000029DFE87F5E0;
 .timescale -9 -12;
P_0000029DFE7AAAA0 .param/l "c" 1 3 27, +C4<0110>;
S_0000029DFE87D510 .scope module, "pe_inst" "systolic_pe" 3 32, 4 3 0, S_0000029DFE87F900;
 .timescale -9 -12;
    .port_info 0 /INPUT 1 "clk";
    .port_info 1 /INPUT 1 "rst";
    .port_info 2 /INPUT 1 "load_weight";
    .port_info 3 /INPUT 16 "weight_in";
    .port_info 4 /INPUT 16 "in_val_in";
    .port_info 5 /INPUT 16 "acc_in";
    .port_info 6 /OUTPUT 16 "weight_out";
    .port_info 7 /OUTPUT 16 "in_val_out";
    .port_info 8 /OUTPUT 16 "acc_out";
v0000029DFE8981C0_0 .net/s "acc_in", 15 0, v0000029DFE8998E0_0;  alias, 1 drivers
v0000029DFE897900_0 .var/s "acc_out", 15 0;
v0000029DFE898940_0 .net "clk", 0 0, v0000029DFE89F9C0_0;  alias, 1 drivers
v0000029DFE898E40_0 .net/s "in_val_in", 15 0, v0000029DFE875760_0;  alias, 1 drivers
v0000029DFE899C00_0 .var/s "in_val_out", 15 0;
v0000029DFE897A40_0 .net "load_weight", 0 0, v0000029DFE89FCE0_0;  alias, 1 drivers
v0000029DFE8993E0_0 .net/s "mac_result", 15 0, v0000029DFE898760_0;  1 drivers
v0000029DFE899CA0_0 .net "rst", 0 0, v0000029DFE89FF60_0;  alias, 1 drivers
v0000029DFE898300_0 .var/s "stationary_weight", 15 0;
v0000029DFE898D00_0 .net/s "weight_in", 15 0, v0000029DFE8979A0_0;  alias, 1 drivers
v0000029DFE899D40_0 .var/s "weight_out", 15 0;
S_0000029DFE87D060 .scope module, "core_mac" "mac_q4_12" 4 19, 5 1 0, S_0000029DFE87D510;
 .timescale -9 -12;
    .port_info 0 /INPUT 16 "weight";
    .port_info 1 /INPUT 16 "in_val";
    .port_info 2 /INPUT 16 "acc_in";
    .port_info 3 /OUTPUT 16 "acc_out";
v0000029DFE8983A0_0 .net/s *"_ivl_0", 31 0, L_0000029DFE901720;  1 drivers
v0000029DFE898120_0 .net/s *"_ivl_2", 31 0, L_0000029DFE9005A0;  1 drivers
v0000029DFE899340_0 .net/s "acc_in", 15 0, v0000029DFE8998E0_0;  alias, 1 drivers
v0000029DFE898760_0 .var/s "acc_out", 15 0;
v0000029DFE8995C0_0 .net/s "in_val", 15 0, v0000029DFE875760_0;  alias, 1 drivers
v0000029DFE898620_0 .net/s "product", 31 0, L_0000029DFE9019A0;  1 drivers
v0000029DFE898260_0 .net/s "weight", 15 0, v0000029DFE898300_0;  1 drivers
E_0000029DFE7AAAE0 .event anyedge, v0000029DFE8998E0_0, v0000029DFE898620_0;
L_0000029DFE901720 .extend/s 32, v0000029DFE898300_0;
L_0000029DFE9005A0 .extend/s 32, v0000029DFE875760_0;
L_0000029DFE9019A0 .arith/mult 32, L_0000029DFE901720, L_0000029DFE9005A0;
S_0000029DFE87D6A0 .scope generate, "gen_col[7]" "gen_col[7]" 3 27, 3 27 0, S_0000029DFE87F5E0;
 .timescale -9 -12;
P_0000029DFE7AA6E0 .param/l "c" 1 3 27, +C4<0111>;
S_0000029DFE87DE70 .scope module, "pe_inst" "systolic_pe" 3 32, 4 3 0, S_0000029DFE87D6A0;
 .timescale -9 -12;
    .port_info 0 /INPUT 1 "clk";
    .port_info 1 /INPUT 1 "rst";
    .port_info 2 /INPUT 1 "load_weight";
    .port_info 3 /INPUT 16 "weight_in";
    .port_info 4 /INPUT 16 "in_val_in";
    .port_info 5 /INPUT 16 "acc_in";
    .port_info 6 /OUTPUT 16 "weight_out";
    .port_info 7 /OUTPUT 16 "in_val_out";
    .port_info 8 /OUTPUT 16 "acc_out";
v0000029DFE897D60_0 .net/s "acc_in", 15 0, v0000029DFE897900_0;  alias, 1 drivers
v0000029DFE8986C0_0 .var/s "acc_out", 15 0;
v0000029DFE8989E0_0 .net "clk", 0 0, v0000029DFE89F9C0_0;  alias, 1 drivers
v0000029DFE899FC0_0 .net/s "in_val_in", 15 0, v0000029DFE875260_0;  alias, 1 drivers
v0000029DFE89A060_0 .var/s "in_val_out", 15 0;
v0000029DFE898A80_0 .net "load_weight", 0 0, v0000029DFE89FCE0_0;  alias, 1 drivers
v0000029DFE899F20_0 .net/s "mac_result", 15 0, v0000029DFE898F80_0;  1 drivers
v0000029DFE897AE0_0 .net "rst", 0 0, v0000029DFE89FF60_0;  alias, 1 drivers
v0000029DFE897B80_0 .var/s "stationary_weight", 15 0;
v0000029DFE8992A0_0 .net/s "weight_in", 15 0, v0000029DFE899D40_0;  alias, 1 drivers
v0000029DFE8997A0_0 .var/s "weight_out", 15 0;
S_0000029DFE87FC20 .scope module, "core_mac" "mac_q4_12" 4 19, 5 1 0, S_0000029DFE87DE70;
 .timescale -9 -12;
    .port_info 0 /INPUT 16 "weight";
    .port_info 1 /INPUT 16 "in_val";
    .port_info 2 /INPUT 16 "acc_in";
    .port_info 3 /OUTPUT 16 "acc_out";
v0000029DFE899660_0 .net/s *"_ivl_0", 31 0, L_0000029DFE901B80;  1 drivers
v0000029DFE899DE0_0 .net/s *"_ivl_2", 31 0, L_0000029DFE9008C0;  1 drivers
v0000029DFE8984E0_0 .net/s "acc_in", 15 0, v0000029DFE897900_0;  alias, 1 drivers
v0000029DFE898F80_0 .var/s "acc_out", 15 0;
v0000029DFE899E80_0 .net/s "in_val", 15 0, v0000029DFE875260_0;  alias, 1 drivers
v0000029DFE897EA0_0 .net/s "product", 31 0, L_0000029DFE902800;  1 drivers
v0000029DFE8988A0_0 .net/s "weight", 15 0, v0000029DFE897B80_0;  1 drivers
E_0000029DFE7AA4E0 .event anyedge, v0000029DFE897900_0, v0000029DFE897EA0_0;
L_0000029DFE901B80 .extend/s 32, v0000029DFE897B80_0;
L_0000029DFE9008C0 .extend/s 32, v0000029DFE875260_0;
L_0000029DFE902800 .arith/mult 32, L_0000029DFE901B80, L_0000029DFE9008C0;
S_0000029DFE87E320 .scope generate, "gen_col[8]" "gen_col[8]" 3 27, 3 27 0, S_0000029DFE87F5E0;
 .timescale -9 -12;
P_0000029DFE7AA7E0 .param/l "c" 1 3 27, +C4<01000>;
S_0000029DFE87FA90 .scope module, "pe_inst" "systolic_pe" 3 32, 4 3 0, S_0000029DFE87E320;
 .timescale -9 -12;
    .port_info 0 /INPUT 1 "clk";
    .port_info 1 /INPUT 1 "rst";
    .port_info 2 /INPUT 1 "load_weight";
    .port_info 3 /INPUT 16 "weight_in";
    .port_info 4 /INPUT 16 "in_val_in";
    .port_info 5 /INPUT 16 "acc_in";
    .port_info 6 /OUTPUT 16 "weight_out";
    .port_info 7 /OUTPUT 16 "in_val_out";
    .port_info 8 /OUTPUT 16 "acc_out";
v0000029DFE897FE0_0 .net/s "acc_in", 15 0, v0000029DFE8986C0_0;  alias, 1 drivers
v0000029DFE898080_0 .var/s "acc_out", 15 0;
v0000029DFE898B20_0 .net "clk", 0 0, v0000029DFE89F9C0_0;  alias, 1 drivers
v0000029DFE898BC0_0 .net/s "in_val_in", 15 0, v0000029DFE8760C0_0;  alias, 1 drivers
v0000029DFE898EE0_0 .var/s "in_val_out", 15 0;
v0000029DFE898C60_0 .net "load_weight", 0 0, v0000029DFE89FCE0_0;  alias, 1 drivers
v0000029DFE898DA0_0 .net/s "mac_result", 15 0, v0000029DFE899840_0;  1 drivers
v0000029DFE899020_0 .net "rst", 0 0, v0000029DFE89FF60_0;  alias, 1 drivers
v0000029DFE8990C0_0 .var/s "stationary_weight", 15 0;
v0000029DFE899160_0 .net/s "weight_in", 15 0, v0000029DFE8997A0_0;  alias, 1 drivers
v0000029DFE89C400_0 .var/s "weight_out", 15 0;
S_0000029DFE880260 .scope module, "core_mac" "mac_q4_12" 4 19, 5 1 0, S_0000029DFE87FA90;
 .timescale -9 -12;
    .port_info 0 /INPUT 16 "weight";
    .port_info 1 /INPUT 16 "in_val";
    .port_info 2 /INPUT 16 "acc_in";
    .port_info 3 /OUTPUT 16 "acc_out";
v0000029DFE897C20_0 .net/s *"_ivl_0", 31 0, L_0000029DFE900AA0;  1 drivers
v0000029DFE897CC0_0 .net/s *"_ivl_2", 31 0, L_0000029DFE901220;  1 drivers
v0000029DFE897E00_0 .net/s "acc_in", 15 0, v0000029DFE8986C0_0;  alias, 1 drivers
v0000029DFE899840_0 .var/s "acc_out", 15 0;
v0000029DFE897F40_0 .net/s "in_val", 15 0, v0000029DFE8760C0_0;  alias, 1 drivers
v0000029DFE898440_0 .net/s "product", 31 0, L_0000029DFE9017C0;  1 drivers
v0000029DFE899200_0 .net/s "weight", 15 0, v0000029DFE8990C0_0;  1 drivers
E_0000029DFE7AA860 .event anyedge, v0000029DFE8986C0_0, v0000029DFE898440_0;
L_0000029DFE900AA0 .extend/s 32, v0000029DFE8990C0_0;
L_0000029DFE901220 .extend/s 32, v0000029DFE8760C0_0;
L_0000029DFE9017C0 .arith/mult 32, L_0000029DFE900AA0, L_0000029DFE901220;
S_0000029DFE87C700 .scope generate, "gen_col[9]" "gen_col[9]" 3 27, 3 27 0, S_0000029DFE87F5E0;
 .timescale -9 -12;
P_0000029DFE7AAA20 .param/l "c" 1 3 27, +C4<01001>;
S_0000029DFE87E4B0 .scope module, "pe_inst" "systolic_pe" 3 32, 4 3 0, S_0000029DFE87C700;
 .timescale -9 -12;
    .port_info 0 /INPUT 1 "clk";
    .port_info 1 /INPUT 1 "rst";
    .port_info 2 /INPUT 1 "load_weight";
    .port_info 3 /INPUT 16 "weight_in";
    .port_info 4 /INPUT 16 "in_val_in";
    .port_info 5 /INPUT 16 "acc_in";
    .port_info 6 /OUTPUT 16 "weight_out";
    .port_info 7 /OUTPUT 16 "in_val_out";
    .port_info 8 /OUTPUT 16 "acc_out";
v0000029DFE89B1E0_0 .net/s "acc_in", 15 0, v0000029DFE898080_0;  alias, 1 drivers
v0000029DFE89B820_0 .var/s "acc_out", 15 0;
v0000029DFE89A600_0 .net "clk", 0 0, v0000029DFE89F9C0_0;  alias, 1 drivers
v0000029DFE89BE60_0 .net/s "in_val_in", 15 0, v0000029DFE8767A0_0;  alias, 1 drivers
v0000029DFE89A740_0 .var/s "in_val_out", 15 0;
v0000029DFE89B280_0 .net "load_weight", 0 0, v0000029DFE89FCE0_0;  alias, 1 drivers
v0000029DFE89C0E0_0 .net/s "mac_result", 15 0, v0000029DFE89C040_0;  1 drivers
v0000029DFE89A7E0_0 .net "rst", 0 0, v0000029DFE89FF60_0;  alias, 1 drivers
v0000029DFE89C360_0 .var/s "stationary_weight", 15 0;
v0000029DFE89AC40_0 .net/s "weight_in", 15 0, v0000029DFE89C400_0;  alias, 1 drivers
v0000029DFE89C4A0_0 .var/s "weight_out", 15 0;
S_0000029DFE87E7D0 .scope module, "core_mac" "mac_q4_12" 4 19, 5 1 0, S_0000029DFE87E4B0;
 .timescale -9 -12;
    .port_info 0 /INPUT 16 "weight";
    .port_info 1 /INPUT 16 "in_val";
    .port_info 2 /INPUT 16 "acc_in";
    .port_info 3 /OUTPUT 16 "acc_out";
v0000029DFE89B780_0 .net/s *"_ivl_0", 31 0, L_0000029DFE900640;  1 drivers
v0000029DFE89C5E0_0 .net/s *"_ivl_2", 31 0, L_0000029DFE9006E0;  1 drivers
v0000029DFE89A6A0_0 .net/s "acc_in", 15 0, v0000029DFE898080_0;  alias, 1 drivers
v0000029DFE89C040_0 .var/s "acc_out", 15 0;
v0000029DFE89AD80_0 .net/s "in_val", 15 0, v0000029DFE8767A0_0;  alias, 1 drivers
v0000029DFE89AE20_0 .net/s "product", 31 0, L_0000029DFE9012C0;  1 drivers
v0000029DFE89A420_0 .net/s "weight", 15 0, v0000029DFE89C360_0;  1 drivers
E_0000029DFE7AAB60 .event anyedge, v0000029DFE898080_0, v0000029DFE89AE20_0;
L_0000029DFE900640 .extend/s 32, v0000029DFE89C360_0;
L_0000029DFE9006E0 .extend/s 32, v0000029DFE8767A0_0;
L_0000029DFE9012C0 .arith/mult 32, L_0000029DFE900640, L_0000029DFE9006E0;
S_0000029DFE87CA20 .scope generate, "gen_col[10]" "gen_col[10]" 3 27, 3 27 0, S_0000029DFE87F5E0;
 .timescale -9 -12;
P_0000029DFE7ABDE0 .param/l "c" 1 3 27, +C4<01010>;
S_0000029DFE87F2C0 .scope module, "pe_inst" "systolic_pe" 3 32, 4 3 0, S_0000029DFE87CA20;
 .timescale -9 -12;
    .port_info 0 /INPUT 1 "clk";
    .port_info 1 /INPUT 1 "rst";
    .port_info 2 /INPUT 1 "load_weight";
    .port_info 3 /INPUT 16 "weight_in";
    .port_info 4 /INPUT 16 "in_val_in";
    .port_info 5 /INPUT 16 "acc_in";
    .port_info 6 /OUTPUT 16 "weight_out";
    .port_info 7 /OUTPUT 16 "in_val_out";
    .port_info 8 /OUTPUT 16 "acc_out";
v0000029DFE89B0A0_0 .net/s "acc_in", 15 0, v0000029DFE89B820_0;  alias, 1 drivers
v0000029DFE89C720_0 .var/s "acc_out", 15 0;
v0000029DFE89BFA0_0 .net "clk", 0 0, v0000029DFE89F9C0_0;  alias, 1 drivers
v0000029DFE89ABA0_0 .net/s "in_val_in", 15 0, v0000029DFE877560_0;  alias, 1 drivers
v0000029DFE89C680_0 .var/s "in_val_out", 15 0;
v0000029DFE89B8C0_0 .net "load_weight", 0 0, v0000029DFE89FCE0_0;  alias, 1 drivers
v0000029DFE89AB00_0 .net/s "mac_result", 15 0, v0000029DFE89A880_0;  1 drivers
v0000029DFE89B960_0 .net "rst", 0 0, v0000029DFE89FF60_0;  alias, 1 drivers
v0000029DFE89B140_0 .var/s "stationary_weight", 15 0;
v0000029DFE89B320_0 .net/s "weight_in", 15 0, v0000029DFE89C4A0_0;  alias, 1 drivers
v0000029DFE89BAA0_0 .var/s "weight_out", 15 0;
S_0000029DFE87E000 .scope module, "core_mac" "mac_q4_12" 4 19, 5 1 0, S_0000029DFE87F2C0;
 .timescale -9 -12;
    .port_info 0 /INPUT 16 "weight";
    .port_info 1 /INPUT 16 "in_val";
    .port_info 2 /INPUT 16 "acc_in";
    .port_info 3 /OUTPUT 16 "acc_out";
v0000029DFE89A560_0 .net/s *"_ivl_0", 31 0, L_0000029DFE9023A0;  1 drivers
v0000029DFE89BA00_0 .net/s *"_ivl_2", 31 0, L_0000029DFE900C80;  1 drivers
v0000029DFE89BF00_0 .net/s "acc_in", 15 0, v0000029DFE89B820_0;  alias, 1 drivers
v0000029DFE89A880_0 .var/s "acc_out", 15 0;
v0000029DFE89AEC0_0 .net/s "in_val", 15 0, v0000029DFE877560_0;  alias, 1 drivers
v0000029DFE89ACE0_0 .net/s "product", 31 0, L_0000029DFE901680;  1 drivers
v0000029DFE89BB40_0 .net/s "weight", 15 0, v0000029DFE89B140_0;  1 drivers
E_0000029DFE7ABAA0 .event anyedge, v0000029DFE89B820_0, v0000029DFE89ACE0_0;
L_0000029DFE9023A0 .extend/s 32, v0000029DFE89B140_0;
L_0000029DFE900C80 .extend/s 32, v0000029DFE877560_0;
L_0000029DFE901680 .arith/mult 32, L_0000029DFE9023A0, L_0000029DFE900C80;
S_0000029DFE87E640 .scope generate, "gen_col[11]" "gen_col[11]" 3 27, 3 27 0, S_0000029DFE87F5E0;
 .timescale -9 -12;
P_0000029DFE7ABD20 .param/l "c" 1 3 27, +C4<01011>;
S_0000029DFE87E960 .scope module, "pe_inst" "systolic_pe" 3 32, 4 3 0, S_0000029DFE87E640;
 .timescale -9 -12;
    .port_info 0 /INPUT 1 "clk";
    .port_info 1 /INPUT 1 "rst";
    .port_info 2 /INPUT 1 "load_weight";
    .port_info 3 /INPUT 16 "weight_in";
    .port_info 4 /INPUT 16 "in_val_in";
    .port_info 5 /INPUT 16 "acc_in";
    .port_info 6 /OUTPUT 16 "weight_out";
    .port_info 7 /OUTPUT 16 "in_val_out";
    .port_info 8 /OUTPUT 16 "acc_out";
v0000029DFE89C180_0 .net/s "acc_in", 15 0, v0000029DFE89C720_0;  alias, 1 drivers
v0000029DFE89B000_0 .var/s "acc_out", 15 0;
v0000029DFE89AA60_0 .net "clk", 0 0, v0000029DFE89F9C0_0;  alias, 1 drivers
v0000029DFE89A920_0 .net/s "in_val_in", 15 0, v0000029DFE878820_0;  alias, 1 drivers
v0000029DFE89C220_0 .var/s "in_val_out", 15 0;
v0000029DFE89B3C0_0 .net "load_weight", 0 0, v0000029DFE89FCE0_0;  alias, 1 drivers
v0000029DFE89B460_0 .net/s "mac_result", 15 0, v0000029DFE89A9C0_0;  1 drivers
v0000029DFE89B5A0_0 .net "rst", 0 0, v0000029DFE89FF60_0;  alias, 1 drivers
v0000029DFE89C860_0 .var/s "stationary_weight", 15 0;
v0000029DFE89B6E0_0 .net/s "weight_in", 15 0, v0000029DFE89BAA0_0;  alias, 1 drivers
v0000029DFE89BC80_0 .var/s "weight_out", 15 0;
S_0000029DFE87EAF0 .scope module, "core_mac" "mac_q4_12" 4 19, 5 1 0, S_0000029DFE87E960;
 .timescale -9 -12;
    .port_info 0 /INPUT 16 "weight";
    .port_info 1 /INPUT 16 "in_val";
    .port_info 2 /INPUT 16 "acc_in";
    .port_info 3 /OUTPUT 16 "acc_out";
v0000029DFE89B640_0 .net/s *"_ivl_0", 31 0, L_0000029DFE901CC0;  1 drivers
v0000029DFE89A4C0_0 .net/s *"_ivl_2", 31 0, L_0000029DFE901A40;  1 drivers
v0000029DFE89BBE0_0 .net/s "acc_in", 15 0, v0000029DFE89C720_0;  alias, 1 drivers
v0000029DFE89A9C0_0 .var/s "acc_out", 15 0;
v0000029DFE89B500_0 .net/s "in_val", 15 0, v0000029DFE878820_0;  alias, 1 drivers
v0000029DFE89AF60_0 .net/s "product", 31 0, L_0000029DFE901180;  1 drivers
v0000029DFE89C7C0_0 .net/s "weight", 15 0, v0000029DFE89C860_0;  1 drivers
E_0000029DFE7AB960 .event anyedge, v0000029DFE89C720_0, v0000029DFE89AF60_0;
L_0000029DFE901CC0 .extend/s 32, v0000029DFE89C860_0;
L_0000029DFE901A40 .extend/s 32, v0000029DFE878820_0;
L_0000029DFE901180 .arith/mult 32, L_0000029DFE901CC0, L_0000029DFE901A40;
S_0000029DFE87EC80 .scope generate, "gen_col[12]" "gen_col[12]" 3 27, 3 27 0, S_0000029DFE87F5E0;
 .timescale -9 -12;
P_0000029DFE7AB660 .param/l "c" 1 3 27, +C4<01100>;
S_0000029DFE87EFA0 .scope module, "pe_inst" "systolic_pe" 3 32, 4 3 0, S_0000029DFE87EC80;
 .timescale -9 -12;
    .port_info 0 /INPUT 1 "clk";
    .port_info 1 /INPUT 1 "rst";
    .port_info 2 /INPUT 1 "load_weight";
    .port_info 3 /INPUT 16 "weight_in";
    .port_info 4 /INPUT 16 "in_val_in";
    .port_info 5 /INPUT 16 "acc_in";
    .port_info 6 /OUTPUT 16 "weight_out";
    .port_info 7 /OUTPUT 16 "in_val_out";
    .port_info 8 /OUTPUT 16 "acc_out";
v0000029DFE89A2E0_0 .net/s "acc_in", 15 0, v0000029DFE89B000_0;  alias, 1 drivers
v0000029DFE89A380_0 .var/s "acc_out", 15 0;
v0000029DFE89D260_0 .net "clk", 0 0, v0000029DFE89F9C0_0;  alias, 1 drivers
v0000029DFE89E7A0_0 .net/s "in_val_in", 15 0, v0000029DFE878AA0_0;  alias, 1 drivers
v0000029DFE89EC00_0 .var/s "in_val_out", 15 0;
v0000029DFE89CEA0_0 .net "load_weight", 0 0, v0000029DFE89FCE0_0;  alias, 1 drivers
v0000029DFE89DD00_0 .net/s "mac_result", 15 0, v0000029DFE89C540_0;  1 drivers
v0000029DFE89D940_0 .net "rst", 0 0, v0000029DFE89FF60_0;  alias, 1 drivers
v0000029DFE89CFE0_0 .var/s "stationary_weight", 15 0;
v0000029DFE89EB60_0 .net/s "weight_in", 15 0, v0000029DFE89BC80_0;  alias, 1 drivers
v0000029DFE89E200_0 .var/s "weight_out", 15 0;
S_0000029DFE87F130 .scope module, "core_mac" "mac_q4_12" 4 19, 5 1 0, S_0000029DFE87EFA0;
 .timescale -9 -12;
    .port_info 0 /INPUT 16 "weight";
    .port_info 1 /INPUT 16 "in_val";
    .port_info 2 /INPUT 16 "acc_in";
    .port_info 3 /OUTPUT 16 "acc_out";
v0000029DFE89C2C0_0 .net/s *"_ivl_0", 31 0, L_0000029DFE902440;  1 drivers
v0000029DFE89BD20_0 .net/s *"_ivl_2", 31 0, L_0000029DFE9003C0;  1 drivers
v0000029DFE89BDC0_0 .net/s "acc_in", 15 0, v0000029DFE89B000_0;  alias, 1 drivers
v0000029DFE89C540_0 .var/s "acc_out", 15 0;
v0000029DFE89A100_0 .net/s "in_val", 15 0, v0000029DFE878AA0_0;  alias, 1 drivers
v0000029DFE89A1A0_0 .net/s "product", 31 0, L_0000029DFE901FE0;  1 drivers
v0000029DFE89A240_0 .net/s "weight", 15 0, v0000029DFE89CFE0_0;  1 drivers
E_0000029DFE7AB560 .event anyedge, v0000029DFE89B000_0, v0000029DFE89A1A0_0;
L_0000029DFE902440 .extend/s 32, v0000029DFE89CFE0_0;
L_0000029DFE9003C0 .extend/s 32, v0000029DFE878AA0_0;
L_0000029DFE901FE0 .arith/mult 32, L_0000029DFE902440, L_0000029DFE9003C0;
S_0000029DFE886FC0 .scope generate, "gen_col[13]" "gen_col[13]" 3 27, 3 27 0, S_0000029DFE87F5E0;
 .timescale -9 -12;
P_0000029DFE7AB920 .param/l "c" 1 3 27, +C4<01101>;
S_0000029DFE887DD0 .scope module, "pe_inst" "systolic_pe" 3 32, 4 3 0, S_0000029DFE886FC0;
 .timescale -9 -12;
    .port_info 0 /INPUT 1 "clk";
    .port_info 1 /INPUT 1 "rst";
    .port_info 2 /INPUT 1 "load_weight";
    .port_info 3 /INPUT 16 "weight_in";
    .port_info 4 /INPUT 16 "in_val_in";
    .port_info 5 /INPUT 16 "acc_in";
    .port_info 6 /OUTPUT 16 "weight_out";
    .port_info 7 /OUTPUT 16 "in_val_out";
    .port_info 8 /OUTPUT 16 "acc_out";
v0000029DFE89DB20_0 .net/s "acc_in", 15 0, v0000029DFE89A380_0;  alias, 1 drivers
v0000029DFE89D1C0_0 .var/s "acc_out", 15 0;
v0000029DFE89CF40_0 .net "clk", 0 0, v0000029DFE89F9C0_0;  alias, 1 drivers
v0000029DFE89DDA0_0 .net/s "in_val_in", 15 0, v0000029DFE877CE0_0;  alias, 1 drivers
v0000029DFE89DE40_0 .var/s "in_val_out", 15 0;
v0000029DFE89E5C0_0 .net "load_weight", 0 0, v0000029DFE89FCE0_0;  alias, 1 drivers
v0000029DFE89D300_0 .net/s "mac_result", 15 0, v0000029DFE89ECA0_0;  1 drivers
v0000029DFE89D440_0 .net "rst", 0 0, v0000029DFE89FF60_0;  alias, 1 drivers
v0000029DFE89DC60_0 .var/s "stationary_weight", 15 0;
v0000029DFE89D760_0 .net/s "weight_in", 15 0, v0000029DFE89E200_0;  alias, 1 drivers
v0000029DFE89ED40_0 .var/s "weight_out", 15 0;
S_0000029DFE8872E0 .scope module, "core_mac" "mac_q4_12" 4 19, 5 1 0, S_0000029DFE887DD0;
 .timescale -9 -12;
    .port_info 0 /INPUT 16 "weight";
    .port_info 1 /INPUT 16 "in_val";
    .port_info 2 /INPUT 16 "acc_in";
    .port_info 3 /OUTPUT 16 "acc_out";
v0000029DFE89E840_0 .net/s *"_ivl_0", 31 0, L_0000029DFE901860;  1 drivers
v0000029DFE89EAC0_0 .net/s *"_ivl_2", 31 0, L_0000029DFE900780;  1 drivers
v0000029DFE89C900_0 .net/s "acc_in", 15 0, v0000029DFE89A380_0;  alias, 1 drivers
v0000029DFE89ECA0_0 .var/s "acc_out", 15 0;
v0000029DFE89DA80_0 .net/s "in_val", 15 0, v0000029DFE877CE0_0;  alias, 1 drivers
v0000029DFE89E160_0 .net/s "product", 31 0, L_0000029DFE900A00;  1 drivers
v0000029DFE89E340_0 .net/s "weight", 15 0, v0000029DFE89DC60_0;  1 drivers
E_0000029DFE7AB7E0 .event anyedge, v0000029DFE89A380_0, v0000029DFE89E160_0;
L_0000029DFE901860 .extend/s 32, v0000029DFE89DC60_0;
L_0000029DFE900780 .extend/s 32, v0000029DFE877CE0_0;
L_0000029DFE900A00 .arith/mult 32, L_0000029DFE901860, L_0000029DFE900780;
S_0000029DFE887150 .scope generate, "gen_col[14]" "gen_col[14]" 3 27, 3 27 0, S_0000029DFE87F5E0;
 .timescale -9 -12;
P_0000029DFE7ABD60 .param/l "c" 1 3 27, +C4<01110>;
S_0000029DFE884590 .scope module, "pe_inst" "systolic_pe" 3 32, 4 3 0, S_0000029DFE887150;
 .timescale -9 -12;
    .port_info 0 /INPUT 1 "clk";
    .port_info 1 /INPUT 1 "rst";
    .port_info 2 /INPUT 1 "load_weight";
    .port_info 3 /INPUT 16 "weight_in";
    .port_info 4 /INPUT 16 "in_val_in";
    .port_info 5 /INPUT 16 "acc_in";
    .port_info 6 /OUTPUT 16 "weight_out";
    .port_info 7 /OUTPUT 16 "in_val_out";
    .port_info 8 /OUTPUT 16 "acc_out";
v0000029DFE89D120_0 .net/s "acc_in", 15 0, v0000029DFE89D1C0_0;  alias, 1 drivers
v0000029DFE89DEE0_0 .var/s "acc_out", 15 0;
v0000029DFE89D800_0 .net "clk", 0 0, v0000029DFE89F9C0_0;  alias, 1 drivers
v0000029DFE89EDE0_0 .net/s "in_val_in", 15 0, v0000029DFE892FE0_0;  alias, 1 drivers
v0000029DFE89EA20_0 .var/s "in_val_out", 15 0;
v0000029DFE89E8E0_0 .net "load_weight", 0 0, v0000029DFE89FCE0_0;  alias, 1 drivers
v0000029DFE89C9A0_0 .net/s "mac_result", 15 0, v0000029DFE89DBC0_0;  1 drivers
v0000029DFE89E700_0 .net "rst", 0 0, v0000029DFE89FF60_0;  alias, 1 drivers
v0000029DFE89D6C0_0 .var/s "stationary_weight", 15 0;
v0000029DFE89EE80_0 .net/s "weight_in", 15 0, v0000029DFE89ED40_0;  alias, 1 drivers
v0000029DFE89EF20_0 .var/s "weight_out", 15 0;
S_0000029DFE884D60 .scope module, "core_mac" "mac_q4_12" 4 19, 5 1 0, S_0000029DFE884590;
 .timescale -9 -12;
    .port_info 0 /INPUT 16 "weight";
    .port_info 1 /INPUT 16 "in_val";
    .port_info 2 /INPUT 16 "acc_in";
    .port_info 3 /OUTPUT 16 "acc_out";
v0000029DFE89D620_0 .net/s *"_ivl_0", 31 0, L_0000029DFE900820;  1 drivers
v0000029DFE89F060_0 .net/s *"_ivl_2", 31 0, L_0000029DFE9024E0;  1 drivers
v0000029DFE89CCC0_0 .net/s "acc_in", 15 0, v0000029DFE89D1C0_0;  alias, 1 drivers
v0000029DFE89DBC0_0 .var/s "acc_out", 15 0;
v0000029DFE89DF80_0 .net/s "in_val", 15 0, v0000029DFE892FE0_0;  alias, 1 drivers
v0000029DFE89CE00_0 .net/s "product", 31 0, L_0000029DFE900460;  1 drivers
v0000029DFE89D9E0_0 .net/s "weight", 15 0, v0000029DFE89D6C0_0;  1 drivers
E_0000029DFE7ABEA0 .event anyedge, v0000029DFE89D1C0_0, v0000029DFE89CE00_0;
L_0000029DFE900820 .extend/s 32, v0000029DFE89D6C0_0;
L_0000029DFE9024E0 .extend/s 32, v0000029DFE892FE0_0;
L_0000029DFE900460 .arith/mult 32, L_0000029DFE900820, L_0000029DFE9024E0;
S_0000029DFE8859E0 .scope generate, "gen_col[15]" "gen_col[15]" 3 27, 3 27 0, S_0000029DFE87F5E0;
 .timescale -9 -12;
P_0000029DFE7AB5A0 .param/l "c" 1 3 27, +C4<01111>;
S_0000029DFE887C40 .scope module, "pe_inst" "systolic_pe" 3 32, 4 3 0, S_0000029DFE8859E0;
 .timescale -9 -12;
    .port_info 0 /INPUT 1 "clk";
    .port_info 1 /INPUT 1 "rst";
    .port_info 2 /INPUT 1 "load_weight";
    .port_info 3 /INPUT 16 "weight_in";
    .port_info 4 /INPUT 16 "in_val_in";
    .port_info 5 /INPUT 16 "acc_in";
    .port_info 6 /OUTPUT 16 "weight_out";
    .port_info 7 /OUTPUT 16 "in_val_out";
    .port_info 8 /OUTPUT 16 "acc_out";
v0000029DFE89EFC0_0 .net/s "acc_in", 15 0, v0000029DFE89DEE0_0;  alias, 1 drivers
v0000029DFE89E0C0_0 .var/s "acc_out", 15 0;
v0000029DFE89D080_0 .net "clk", 0 0, v0000029DFE89F9C0_0;  alias, 1 drivers
v0000029DFE89CA40_0 .net/s "in_val_in", 15 0, v0000029DFE893440_0;  alias, 1 drivers
v0000029DFE89D4E0_0 .var/s "in_val_out", 15 0;
v0000029DFE89D580_0 .net "load_weight", 0 0, v0000029DFE89FCE0_0;  alias, 1 drivers
v0000029DFE89E480_0 .net/s "mac_result", 15 0, v0000029DFE89E660_0;  1 drivers
v0000029DFE89E520_0 .net "rst", 0 0, v0000029DFE89FF60_0;  alias, 1 drivers
v0000029DFE89E980_0 .var/s "stationary_weight", 15 0;
v0000029DFE89CAE0_0 .net/s "weight_in", 15 0, v0000029DFE89EF20_0;  alias, 1 drivers
v0000029DFE89CB80_0 .var/s "weight_out", 15 0;
S_0000029DFE885D00 .scope module, "core_mac" "mac_q4_12" 4 19, 5 1 0, S_0000029DFE887C40;
 .timescale -9 -12;
    .port_info 0 /INPUT 16 "weight";
    .port_info 1 /INPUT 16 "in_val";
    .port_info 2 /INPUT 16 "acc_in";
    .port_info 3 /OUTPUT 16 "acc_out";
v0000029DFE89D8A0_0 .net/s *"_ivl_0", 31 0, L_0000029DFE901900;  1 drivers
v0000029DFE89CD60_0 .net/s *"_ivl_2", 31 0, L_0000029DFE901E00;  1 drivers
v0000029DFE89E2A0_0 .net/s "acc_in", 15 0, v0000029DFE89DEE0_0;  alias, 1 drivers
v0000029DFE89E660_0 .var/s "acc_out", 15 0;
v0000029DFE89E3E0_0 .net/s "in_val", 15 0, v0000029DFE893440_0;  alias, 1 drivers
v0000029DFE89E020_0 .net/s "product", 31 0, L_0000029DFE900E60;  1 drivers
v0000029DFE89D3A0_0 .net/s "weight", 15 0, v0000029DFE89E980_0;  1 drivers
E_0000029DFE7AB5E0 .event anyedge, v0000029DFE89DEE0_0, v0000029DFE89E020_0;
L_0000029DFE901900 .extend/s 32, v0000029DFE89E980_0;
L_0000029DFE901E00 .extend/s 32, v0000029DFE893440_0;
L_0000029DFE900E60 .arith/mult 32, L_0000029DFE901900, L_0000029DFE901E00;
    .scope S_0000029DFE2DE250;
T_0 ;
    %wait E_0000029DFE7A6E20;
    %load/vec4 v0000029DFE7B09B0_0;
    %load/vec4 v0000029DFE7B1090_0;
    %parti/s 16, 12, 5;
    %add;
    %store/vec4 v0000029DFE7B13B0_0, 0, 16;
    %jmp T_0;
    .thread T_0, $push;
    .scope S_0000029DFE7BD8B0;
T_1 ;
    %wait E_0000029DFE7A6960;
    %load/vec4 v0000029DFE7B0690_0;
    %flag_set/vec4 8;
    %jmp/0xz  T_1.0, 8;
    %pushi/vec4 0, 0, 16;
    %assign/vec4 v0000029DFE7B0730_0, 0;
    %pushi/vec4 0, 0, 16;
    %assign/vec4 v0000029DFE7B14F0_0, 0;
    %pushi/vec4 0, 0, 16;
    %assign/vec4 v0000029DFE7B05F0_0, 0;
    %pushi/vec4 0, 0, 16;
    %assign/vec4 v0000029DFE7B0AF0_0, 0;
    %jmp T_1.1;
T_1.0 ;
    %load/vec4 v0000029DFE7B1810_0;
    %flag_set/vec4 8;
    %jmp/0xz  T_1.2, 8;
    %load/vec4 v0000029DFE7B1450_0;
    %assign/vec4 v0000029DFE7B0730_0, 0;
    %load/vec4 v0000029DFE7B1450_0;
    %assign/vec4 v0000029DFE7B14F0_0, 0;
    %pushi/vec4 0, 0, 16;
    %assign/vec4 v0000029DFE7B05F0_0, 0;
    %pushi/vec4 0, 0, 16;
    %assign/vec4 v0000029DFE7B0AF0_0, 0;
    %jmp T_1.3;
T_1.2 ;
    %load/vec4 v0000029DFE7B1310_0;
    %assign/vec4 v0000029DFE7B05F0_0, 0;
    %load/vec4 v0000029DFE7B07D0_0;
    %assign/vec4 v0000029DFE7B0AF0_0, 0;
T_1.3 ;
T_1.1 ;
    %jmp T_1;
    .thread T_1;
    .scope S_0000029DFE32EE60;
T_2 ;
    %wait E_0000029DFE7A85E0;
    %load/vec4 v0000029DFE7B1DB0_0;
    %load/vec4 v0000029DFE7B1C70_0;
    %parti/s 16, 12, 5;
    %add;
    %store/vec4 v0000029DFE7B1BD0_0, 0, 16;
    %jmp T_2;
    .thread T_2, $push;
    .scope S_0000029DFE32ECD0;
T_3 ;
    %wait E_0000029DFE7A6960;
    %load/vec4 v0000029DFE708BC0_0;
    %flag_set/vec4 8;
    %jmp/0xz  T_3.0, 8;
    %pushi/vec4 0, 0, 16;
    %assign/vec4 v0000029DFE708760_0, 0;
    %pushi/vec4 0, 0, 16;
    %assign/vec4 v0000029DFE7097A0_0, 0;
    %pushi/vec4 0, 0, 16;
    %assign/vec4 v0000029DFE709700_0, 0;
    %pushi/vec4 0, 0, 16;
    %assign/vec4 v0000029DFE709480_0, 0;
    %jmp T_3.1;
T_3.0 ;
    %load/vec4 v0000029DFE707A40_0;
    %flag_set/vec4 8;
    %jmp/0xz  T_3.2, 8;
    %load/vec4 v0000029DFE709840_0;
    %assign/vec4 v0000029DFE708760_0, 0;
    %load/vec4 v0000029DFE709840_0;
    %assign/vec4 v0000029DFE7097A0_0, 0;
    %pushi/vec4 0, 0, 16;
    %assign/vec4 v0000029DFE709700_0, 0;
    %pushi/vec4 0, 0, 16;
    %assign/vec4 v0000029DFE709480_0, 0;
    %jmp T_3.3;
T_3.2 ;
    %load/vec4 v0000029DFE708260_0;
    %assign/vec4 v0000029DFE709700_0, 0;
    %load/vec4 v0000029DFE708A80_0;
    %assign/vec4 v0000029DFE709480_0, 0;
T_3.3 ;
T_3.1 ;
    %jmp T_3;
    .thread T_3;
    .scope S_0000029DFE813AC0;
T_4 ;
    %wait E_0000029DFE7A8360;
    %load/vec4 v0000029DFE707FE0_0;
    %load/vec4 v0000029DFE709020_0;
    %parti/s 16, 12, 5;
    %add;
    %store/vec4 v0000029DFE709340_0, 0, 16;
    %jmp T_4;
    .thread T_4, $push;
    .scope S_0000029DFE814100;
T_5 ;
    %wait E_0000029DFE7A6960;
    %load/vec4 v0000029DFE7088A0_0;
    %flag_set/vec4 8;
    %jmp/0xz  T_5.0, 8;
    %pushi/vec4 0, 0, 16;
    %assign/vec4 v0000029DFE6A3690_0, 0;
    %pushi/vec4 0, 0, 16;
    %assign/vec4 v0000029DFE6A3EB0_0, 0;
    %pushi/vec4 0, 0, 16;
    %assign/vec4 v0000029DFE707CC0_0, 0;
    %pushi/vec4 0, 0, 16;
    %assign/vec4 v0000029DFE7093E0_0, 0;
    %jmp T_5.1;
T_5.0 ;
    %load/vec4 v0000029DFE707D60_0;
    %flag_set/vec4 8;
    %jmp/0xz  T_5.2, 8;
    %load/vec4 v0000029DFE6A28D0_0;
    %assign/vec4 v0000029DFE6A3690_0, 0;
    %load/vec4 v0000029DFE6A28D0_0;
    %assign/vec4 v0000029DFE6A3EB0_0, 0;
    %pushi/vec4 0, 0, 16;
    %assign/vec4 v0000029DFE707CC0_0, 0;
    %pushi/vec4 0, 0, 16;
    %assign/vec4 v0000029DFE7093E0_0, 0;
    %jmp T_5.3;
T_5.2 ;
    %load/vec4 v0000029DFE708300_0;
    %assign/vec4 v0000029DFE707CC0_0, 0;
    %load/vec4 v0000029DFE707EA0_0;
    %assign/vec4 v0000029DFE7093E0_0, 0;
T_5.3 ;
T_5.1 ;
    %jmp T_5;
    .thread T_5;
    .scope S_0000029DFE813F70;
T_6 ;
    %wait E_0000029DFE7A82E0;
    %load/vec4 v0000029DFE6A3550_0;
    %load/vec4 v0000029DFE6A25B0_0;
    %parti/s 16, 12, 5;
    %add;
    %store/vec4 v0000029DFE6A3C30_0, 0, 16;
    %jmp T_6;
    .thread T_6, $push;
    .scope S_0000029DFE813DE0;
T_7 ;
    %wait E_0000029DFE7A6960;
    %load/vec4 v0000029DFE6A2DD0_0;
    %flag_set/vec4 8;
    %jmp/0xz  T_7.0, 8;
    %pushi/vec4 0, 0, 16;
    %assign/vec4 v0000029DFE6A3190_0, 0;
    %pushi/vec4 0, 0, 16;
    %assign/vec4 v0000029DFE6A32D0_0, 0;
    %pushi/vec4 0, 0, 16;
    %assign/vec4 v0000029DFE6A2510_0, 0;
    %pushi/vec4 0, 0, 16;
    %assign/vec4 v0000029DFE6A30F0_0, 0;
    %jmp T_7.1;
T_7.0 ;
    %load/vec4 v0000029DFE6A2D30_0;
    %flag_set/vec4 8;
    %jmp/0xz  T_7.2, 8;
    %load/vec4 v0000029DFE6A2E70_0;
    %assign/vec4 v0000029DFE6A3190_0, 0;
    %load/vec4 v0000029DFE6A2E70_0;
    %assign/vec4 v0000029DFE6A32D0_0, 0;
    %pushi/vec4 0, 0, 16;
    %assign/vec4 v0000029DFE6A2510_0, 0;
    %pushi/vec4 0, 0, 16;
    %assign/vec4 v0000029DFE6A30F0_0, 0;
    %jmp T_7.3;
T_7.2 ;
    %load/vec4 v0000029DFE6A37D0_0;
    %assign/vec4 v0000029DFE6A2510_0, 0;
    %load/vec4 v0000029DFE6A2650_0;
    %assign/vec4 v0000029DFE6A30F0_0, 0;
T_7.3 ;
T_7.1 ;
    %jmp T_7;
    .thread T_7;
    .scope S_0000029DFE8137A0;
T_8 ;
    %wait E_0000029DFE7A87A0;
    %load/vec4 v0000029DFE6A35F0_0;
    %load/vec4 v0000029DFE6E10F0_0;
    %parti/s 16, 12, 5;
    %add;
    %store/vec4 v0000029DFE6E2130_0, 0, 16;
    %jmp T_8;
    .thread T_8, $push;
    .scope S_0000029DFE8145B0;
T_9 ;
    %wait E_0000029DFE7A6960;
    %load/vec4 v0000029DFE6E14B0_0;
    %flag_set/vec4 8;
    %jmp/0xz  T_9.0, 8;
    %pushi/vec4 0, 0, 16;
    %assign/vec4 v0000029DFE6E1550_0, 0;
    %pushi/vec4 0, 0, 16;
    %assign/vec4 v0000029DFE6E15F0_0, 0;
    %pushi/vec4 0, 0, 16;
    %assign/vec4 v0000029DFE6E0FB0_0, 0;
    %pushi/vec4 0, 0, 16;
    %assign/vec4 v0000029DFE6E1D70_0, 0;
    %jmp T_9.1;
T_9.0 ;
    %load/vec4 v0000029DFE6E1230_0;
    %flag_set/vec4 8;
    %jmp/0xz  T_9.2, 8;
    %load/vec4 v0000029DFE6E1C30_0;
    %assign/vec4 v0000029DFE6E1550_0, 0;
    %load/vec4 v0000029DFE6E1C30_0;
    %assign/vec4 v0000029DFE6E15F0_0, 0;
    %pushi/vec4 0, 0, 16;
    %assign/vec4 v0000029DFE6E0FB0_0, 0;
    %pushi/vec4 0, 0, 16;
    %assign/vec4 v0000029DFE6E1D70_0, 0;
    %jmp T_9.3;
T_9.2 ;
    %load/vec4 v0000029DFE6E0DD0_0;
    %assign/vec4 v0000029DFE6E0FB0_0, 0;
    %load/vec4 v0000029DFE6E12D0_0;
    %assign/vec4 v0000029DFE6E1D70_0, 0;
T_9.3 ;
T_9.1 ;
    %jmp T_9;
    .thread T_9;
    .scope S_0000029DFE8180C0;
T_10 ;
    %wait E_0000029DFE7A80E0;
    %load/vec4 v0000029DFE6E1870_0;
    %load/vec4 v0000029DFE6E21D0_0;
    %parti/s 16, 12, 5;
    %add;
    %store/vec4 v0000029DFE6E1EB0_0, 0, 16;
    %jmp T_10;
    .thread T_10, $push;
    .scope S_0000029DFE817A80;
T_11 ;
    %wait E_0000029DFE7A6960;
    %load/vec4 v0000029DFE74F280_0;
    %flag_set/vec4 8;
    %jmp/0xz  T_11.0, 8;
    %pushi/vec4 0, 0, 16;
    %assign/vec4 v0000029DFE74E1A0_0, 0;
    %pushi/vec4 0, 0, 16;
    %assign/vec4 v0000029DFE74F460_0, 0;
    %pushi/vec4 0, 0, 16;
    %assign/vec4 v0000029DFE74F1E0_0, 0;
    %pushi/vec4 0, 0, 16;
    %assign/vec4 v0000029DFE6E05B0_0, 0;
    %jmp T_11.1;
T_11.0 ;
    %load/vec4 v0000029DFE74F0A0_0;
    %flag_set/vec4 8;
    %jmp/0xz  T_11.2, 8;
    %load/vec4 v0000029DFE74E240_0;
    %assign/vec4 v0000029DFE74E1A0_0, 0;
    %load/vec4 v0000029DFE74E240_0;
    %assign/vec4 v0000029DFE74F460_0, 0;
    %pushi/vec4 0, 0, 16;
    %assign/vec4 v0000029DFE74F1E0_0, 0;
    %pushi/vec4 0, 0, 16;
    %assign/vec4 v0000029DFE6E05B0_0, 0;
    %jmp T_11.3;
T_11.2 ;
    %load/vec4 v0000029DFE74E880_0;
    %assign/vec4 v0000029DFE74F1E0_0, 0;
    %load/vec4 v0000029DFE74E060_0;
    %assign/vec4 v0000029DFE6E05B0_0, 0;
T_11.3 ;
T_11.1 ;
    %jmp T_11;
    .thread T_11;
    .scope S_0000029DFE8172B0;
T_12 ;
    %wait E_0000029DFE7A8F60;
    %load/vec4 v0000029DFE74E9C0_0;
    %load/vec4 v0000029DFE74E600_0;
    %parti/s 16, 12, 5;
    %add;
    %store/vec4 v0000029DFE74EBA0_0, 0, 16;
    %jmp T_12;
    .thread T_12, $push;
    .scope S_0000029DFE818250;
T_13 ;
    %wait E_0000029DFE7A6960;
    %load/vec4 v0000029DFE74E420_0;
    %flag_set/vec4 8;
    %jmp/0xz  T_13.0, 8;
    %pushi/vec4 0, 0, 16;
    %assign/vec4 v0000029DFE731AC0_0, 0;
    %pushi/vec4 0, 0, 16;
    %assign/vec4 v0000029DFE732EC0_0, 0;
    %pushi/vec4 0, 0, 16;
    %assign/vec4 v0000029DFE74FB40_0, 0;
    %pushi/vec4 0, 0, 16;
    %assign/vec4 v0000029DFE74FC80_0, 0;
    %jmp T_13.1;
T_13.0 ;
    %load/vec4 v0000029DFE74FAA0_0;
    %flag_set/vec4 8;
    %jmp/0xz  T_13.2, 8;
    %load/vec4 v0000029DFE731F20_0;
    %assign/vec4 v0000029DFE731AC0_0, 0;
    %load/vec4 v0000029DFE731F20_0;
    %assign/vec4 v0000029DFE732EC0_0, 0;
    %pushi/vec4 0, 0, 16;
    %assign/vec4 v0000029DFE74FB40_0, 0;
    %pushi/vec4 0, 0, 16;
    %assign/vec4 v0000029DFE74FC80_0, 0;
    %jmp T_13.3;
T_13.2 ;
    %load/vec4 v0000029DFE74EE20_0;
    %assign/vec4 v0000029DFE74FB40_0, 0;
    %load/vec4 v0000029DFE74FD20_0;
    %assign/vec4 v0000029DFE74FC80_0, 0;
T_13.3 ;
T_13.1 ;
    %jmp T_13;
    .thread T_13;
    .scope S_0000029DFE816E00;
T_14 ;
    %wait E_0000029DFE7A8C60;
    %load/vec4 v0000029DFE733500_0;
    %load/vec4 v0000029DFE731FC0_0;
    %parti/s 16, 12, 5;
    %add;
    %store/vec4 v0000029DFE7321A0_0, 0, 16;
    %jmp T_14;
    .thread T_14, $push;
    .scope S_0000029DFE816F90;
T_15 ;
    %wait E_0000029DFE7A6960;
    %load/vec4 v0000029DFE733000_0;
    %flag_set/vec4 8;
    %jmp/0xz  T_15.0, 8;
    %pushi/vec4 0, 0, 16;
    %assign/vec4 v0000029DFE733280_0, 0;
    %pushi/vec4 0, 0, 16;
    %assign/vec4 v0000029DFE7335A0_0, 0;
    %pushi/vec4 0, 0, 16;
    %assign/vec4 v0000029DFE732F60_0, 0;
    %pushi/vec4 0, 0, 16;
    %assign/vec4 v0000029DFE732880_0, 0;
    %jmp T_15.1;
T_15.0 ;
    %load/vec4 v0000029DFE732100_0;
    %flag_set/vec4 8;
    %jmp/0xz  T_15.2, 8;
    %load/vec4 v0000029DFE731B60_0;
    %assign/vec4 v0000029DFE733280_0, 0;
    %load/vec4 v0000029DFE731B60_0;
    %assign/vec4 v0000029DFE7335A0_0, 0;
    %pushi/vec4 0, 0, 16;
    %assign/vec4 v0000029DFE732F60_0, 0;
    %pushi/vec4 0, 0, 16;
    %assign/vec4 v0000029DFE732880_0, 0;
    %jmp T_15.3;
T_15.2 ;
    %load/vec4 v0000029DFE732BA0_0;
    %assign/vec4 v0000029DFE732F60_0, 0;
    %load/vec4 v0000029DFE7331E0_0;
    %assign/vec4 v0000029DFE732880_0, 0;
T_15.3 ;
T_15.1 ;
    %jmp T_15;
    .thread T_15;
    .scope S_0000029DFE817760;
T_16 ;
    %wait E_0000029DFE7A8420;
    %load/vec4 v0000029DFE6837C0_0;
    %load/vec4 v0000029DFE683680_0;
    %parti/s 16, 12, 5;
    %add;
    %store/vec4 v0000029DFE682780_0, 0, 16;
    %jmp T_16;
    .thread T_16, $push;
    .scope S_0000029DFE8183E0;
T_17 ;
    %wait E_0000029DFE7A6960;
    %load/vec4 v0000029DFE6839A0_0;
    %flag_set/vec4 8;
    %jmp/0xz  T_17.0, 8;
    %pushi/vec4 0, 0, 16;
    %assign/vec4 v0000029DFE683A40_0, 0;
    %pushi/vec4 0, 0, 16;
    %assign/vec4 v0000029DFE682000_0, 0;
    %pushi/vec4 0, 0, 16;
    %assign/vec4 v0000029DFE682140_0, 0;
    %pushi/vec4 0, 0, 16;
    %assign/vec4 v0000029DFE683400_0, 0;
    %jmp T_17.1;
T_17.0 ;
    %load/vec4 v0000029DFE683C20_0;
    %flag_set/vec4 8;
    %jmp/0xz  T_17.2, 8;
    %load/vec4 v0000029DFE683E00_0;
    %assign/vec4 v0000029DFE683A40_0, 0;
    %load/vec4 v0000029DFE683E00_0;
    %assign/vec4 v0000029DFE682000_0, 0;
    %pushi/vec4 0, 0, 16;
    %assign/vec4 v0000029DFE682140_0, 0;
    %pushi/vec4 0, 0, 16;
    %assign/vec4 v0000029DFE683400_0, 0;
    %jmp T_17.3;
T_17.2 ;
    %load/vec4 v0000029DFE683B80_0;
    %assign/vec4 v0000029DFE682140_0, 0;
    %load/vec4 v0000029DFE683720_0;
    %assign/vec4 v0000029DFE683400_0, 0;
T_17.3 ;
T_17.1 ;
    %jmp T_17;
    .thread T_17;
    .scope S_0000029DFE816AE0;
T_18 ;
    %wait E_0000029DFE7A8A60;
    %load/vec4 v0000029DFE682A00_0;
    %load/vec4 v0000029DFE682BE0_0;
    %parti/s 16, 12, 5;
    %add;
    %store/vec4 v0000029DFE6820A0_0, 0, 16;
    %jmp T_18;
    .thread T_18, $push;
    .scope S_0000029DFE816950;
T_19 ;
    %wait E_0000029DFE7A6960;
    %load/vec4 v0000029DFE654730_0;
    %flag_set/vec4 8;
    %jmp/0xz  T_19.0, 8;
    %pushi/vec4 0, 0, 16;
    %assign/vec4 v0000029DFE654F50_0, 0;
    %pushi/vec4 0, 0, 16;
    %assign/vec4 v0000029DFE654370_0, 0;
    %pushi/vec4 0, 0, 16;
    %assign/vec4 v0000029DFE653E70_0, 0;
    %pushi/vec4 0, 0, 16;
    %assign/vec4 v0000029DFE653BF0_0, 0;
    %jmp T_19.1;
T_19.0 ;
    %load/vec4 v0000029DFE655590_0;
    %flag_set/vec4 8;
    %jmp/0xz  T_19.2, 8;
    %load/vec4 v0000029DFE653FB0_0;
    %assign/vec4 v0000029DFE654F50_0, 0;
    %load/vec4 v0000029DFE653FB0_0;
    %assign/vec4 v0000029DFE654370_0, 0;
    %pushi/vec4 0, 0, 16;
    %assign/vec4 v0000029DFE653E70_0, 0;
    %pushi/vec4 0, 0, 16;
    %assign/vec4 v0000029DFE653BF0_0, 0;
    %jmp T_19.3;
T_19.2 ;
    %load/vec4 v0000029DFE6542D0_0;
    %assign/vec4 v0000029DFE653E70_0, 0;
    %load/vec4 v0000029DFE6549B0_0;
    %assign/vec4 v0000029DFE653BF0_0, 0;
T_19.3 ;
T_19.1 ;
    %jmp T_19;
    .thread T_19;
    .scope S_0000029DFE818FA0;
T_20 ;
    %wait E_0000029DFE7A8CA0;
    %load/vec4 v0000029DFE6551D0_0;
    %load/vec4 v0000029DFE655630_0;
    %parti/s 16, 12, 5;
    %add;
    %store/vec4 v0000029DFE655450_0, 0, 16;
    %jmp T_20;
    .thread T_20, $push;
    .scope S_0000029DFE818E10;
T_21 ;
    %wait E_0000029DFE7A6960;
    %load/vec4 v0000029DFE81D630_0;
    %flag_set/vec4 8;
    %jmp/0xz  T_21.0, 8;
    %pushi/vec4 0, 0, 16;
    %assign/vec4 v0000029DFE81D090_0, 0;
    %pushi/vec4 0, 0, 16;
    %assign/vec4 v0000029DFE81E350_0, 0;
    %pushi/vec4 0, 0, 16;
    %assign/vec4 v0000029DFE647D90_0, 0;
    %pushi/vec4 0, 0, 16;
    %assign/vec4 v0000029DFE648650_0, 0;
    %jmp T_21.1;
T_21.0 ;
    %load/vec4 v0000029DFE647B10_0;
    %flag_set/vec4 8;
    %jmp/0xz  T_21.2, 8;
    %load/vec4 v0000029DFE81D4F0_0;
    %assign/vec4 v0000029DFE81D090_0, 0;
    %load/vec4 v0000029DFE81D4F0_0;
    %assign/vec4 v0000029DFE81E350_0, 0;
    %pushi/vec4 0, 0, 16;
    %assign/vec4 v0000029DFE647D90_0, 0;
    %pushi/vec4 0, 0, 16;
    %assign/vec4 v0000029DFE648650_0, 0;
    %jmp T_21.3;
T_21.2 ;
    %load/vec4 v0000029DFE647CF0_0;
    %assign/vec4 v0000029DFE647D90_0, 0;
    %load/vec4 v0000029DFE647ED0_0;
    %assign/vec4 v0000029DFE648650_0, 0;
T_21.3 ;
T_21.1 ;
    %jmp T_21;
    .thread T_21;
    .scope S_0000029DFE81A260;
T_22 ;
    %wait E_0000029DFE7A81A0;
    %load/vec4 v0000029DFE81E3F0_0;
    %load/vec4 v0000029DFE81DC70_0;
    %parti/s 16, 12, 5;
    %add;
    %store/vec4 v0000029DFE81D130_0, 0, 16;
    %jmp T_22;
    .thread T_22, $push;
    .scope S_0000029DFE819450;
T_23 ;
    %wait E_0000029DFE7A6960;
    %load/vec4 v0000029DFE81E210_0;
    %flag_set/vec4 8;
    %jmp/0xz  T_23.0, 8;
    %pushi/vec4 0, 0, 16;
    %assign/vec4 v0000029DFE81D270_0, 0;
    %pushi/vec4 0, 0, 16;
    %assign/vec4 v0000029DFE81D6D0_0, 0;
    %pushi/vec4 0, 0, 16;
    %assign/vec4 v0000029DFE81DD10_0, 0;
    %pushi/vec4 0, 0, 16;
    %assign/vec4 v0000029DFE81D1D0_0, 0;
    %jmp T_23.1;
T_23.0 ;
    %load/vec4 v0000029DFE81D8B0_0;
    %flag_set/vec4 8;
    %jmp/0xz  T_23.2, 8;
    %load/vec4 v0000029DFE81D9F0_0;
    %assign/vec4 v0000029DFE81D270_0, 0;
    %load/vec4 v0000029DFE81D9F0_0;
    %assign/vec4 v0000029DFE81D6D0_0, 0;
    %pushi/vec4 0, 0, 16;
    %assign/vec4 v0000029DFE81DD10_0, 0;
    %pushi/vec4 0, 0, 16;
    %assign/vec4 v0000029DFE81D1D0_0, 0;
    %jmp T_23.3;
T_23.2 ;
    %load/vec4 v0000029DFE81D450_0;
    %assign/vec4 v0000029DFE81DD10_0, 0;
    %load/vec4 v0000029DFE81D590_0;
    %assign/vec4 v0000029DFE81D1D0_0, 0;
T_23.3 ;
T_23.1 ;
    %jmp T_23;
    .thread T_23;
    .scope S_0000029DFE818960;
T_24 ;
    %wait E_0000029DFE7A8BE0;
    %load/vec4 v0000029DFE81DDB0_0;
    %load/vec4 v0000029DFE81E5D0_0;
    %parti/s 16, 12, 5;
    %add;
    %store/vec4 v0000029DFE81D310_0, 0, 16;
    %jmp T_24;
    .thread T_24, $push;
    .scope S_0000029DFE819900;
T_25 ;
    %wait E_0000029DFE7A6960;
    %load/vec4 v0000029DFE81CFF0_0;
    %flag_set/vec4 8;
    %jmp/0xz  T_25.0, 8;
    %pushi/vec4 0, 0, 16;
    %assign/vec4 v0000029DFE81B290_0, 0;
    %pushi/vec4 0, 0, 16;
    %assign/vec4 v0000029DFE81A890_0, 0;
    %pushi/vec4 0, 0, 16;
    %assign/vec4 v0000029DFE81DF90_0, 0;
    %pushi/vec4 0, 0, 16;
    %assign/vec4 v0000029DFE81DB30_0, 0;
    %jmp T_25.1;
T_25.0 ;
    %load/vec4 v0000029DFE81E030_0;
    %flag_set/vec4 8;
    %jmp/0xz  T_25.2, 8;
    %load/vec4 v0000029DFE81C0F0_0;
    %assign/vec4 v0000029DFE81B290_0, 0;
    %load/vec4 v0000029DFE81C0F0_0;
    %assign/vec4 v0000029DFE81A890_0, 0;
    %pushi/vec4 0, 0, 16;
    %assign/vec4 v0000029DFE81DF90_0, 0;
    %pushi/vec4 0, 0, 16;
    %assign/vec4 v0000029DFE81DB30_0, 0;
    %jmp T_25.3;
T_25.2 ;
    %load/vec4 v0000029DFE81DEF0_0;
    %assign/vec4 v0000029DFE81DF90_0, 0;
    %load/vec4 v0000029DFE81E670_0;
    %assign/vec4 v0000029DFE81DB30_0, 0;
T_25.3 ;
T_25.1 ;
    %jmp T_25;
    .thread T_25;
    .scope S_0000029DFE819F40;
T_26 ;
    %wait E_0000029DFE7A81E0;
    %load/vec4 v0000029DFE81CB90_0;
    %load/vec4 v0000029DFE81B510_0;
    %parti/s 16, 12, 5;
    %add;
    %store/vec4 v0000029DFE81C190_0, 0, 16;
    %jmp T_26;
    .thread T_26, $push;
    .scope S_0000029DFE819770;
T_27 ;
    %wait E_0000029DFE7A6960;
    %load/vec4 v0000029DFE81C730_0;
    %flag_set/vec4 8;
    %jmp/0xz  T_27.0, 8;
    %pushi/vec4 0, 0, 16;
    %assign/vec4 v0000029DFE81AB10_0, 0;
    %pushi/vec4 0, 0, 16;
    %assign/vec4 v0000029DFE81ACF0_0, 0;
    %pushi/vec4 0, 0, 16;
    %assign/vec4 v0000029DFE81AA70_0, 0;
    %pushi/vec4 0, 0, 16;
    %assign/vec4 v0000029DFE81B150_0, 0;
    %jmp T_27.1;
T_27.0 ;
    %load/vec4 v0000029DFE81A7F0_0;
    %flag_set/vec4 8;
    %jmp/0xz  T_27.2, 8;
    %load/vec4 v0000029DFE81C550_0;
    %assign/vec4 v0000029DFE81AB10_0, 0;
    %load/vec4 v0000029DFE81C550_0;
    %assign/vec4 v0000029DFE81ACF0_0, 0;
    %pushi/vec4 0, 0, 16;
    %assign/vec4 v0000029DFE81AA70_0, 0;
    %pushi/vec4 0, 0, 16;
    %assign/vec4 v0000029DFE81B150_0, 0;
    %jmp T_27.3;
T_27.2 ;
    %load/vec4 v0000029DFE81C410_0;
    %assign/vec4 v0000029DFE81AA70_0, 0;
    %load/vec4 v0000029DFE81C4B0_0;
    %assign/vec4 v0000029DFE81B150_0, 0;
T_27.3 ;
T_27.1 ;
    %jmp T_27;
    .thread T_27;
    .scope S_0000029DFE818C80;
T_28 ;
    %wait E_0000029DFE7A8DE0;
    %load/vec4 v0000029DFE81ABB0_0;
    %load/vec4 v0000029DFE81C2D0_0;
    %parti/s 16, 12, 5;
    %add;
    %store/vec4 v0000029DFE81B1F0_0, 0, 16;
    %jmp T_28;
    .thread T_28, $push;
    .scope S_0000029DFE818AF0;
T_29 ;
    %wait E_0000029DFE7A6960;
    %load/vec4 v0000029DFE81AC50_0;
    %flag_set/vec4 8;
    %jmp/0xz  T_29.0, 8;
    %pushi/vec4 0, 0, 16;
    %assign/vec4 v0000029DFE81C5F0_0, 0;
    %pushi/vec4 0, 0, 16;
    %assign/vec4 v0000029DFE81C910_0, 0;
    %pushi/vec4 0, 0, 16;
    %assign/vec4 v0000029DFE81B470_0, 0;
    %pushi/vec4 0, 0, 16;
    %assign/vec4 v0000029DFE81BA10_0, 0;
    %jmp T_29.1;
T_29.0 ;
    %load/vec4 v0000029DFE81BC90_0;
    %flag_set/vec4 8;
    %jmp/0xz  T_29.2, 8;
    %load/vec4 v0000029DFE81BF10_0;
    %assign/vec4 v0000029DFE81C5F0_0, 0;
    %load/vec4 v0000029DFE81BF10_0;
    %assign/vec4 v0000029DFE81C910_0, 0;
    %pushi/vec4 0, 0, 16;
    %assign/vec4 v0000029DFE81B470_0, 0;
    %pushi/vec4 0, 0, 16;
    %assign/vec4 v0000029DFE81BA10_0, 0;
    %jmp T_29.3;
T_29.2 ;
    %load/vec4 v0000029DFE81B3D0_0;
    %assign/vec4 v0000029DFE81B470_0, 0;
    %load/vec4 v0000029DFE81C870_0;
    %assign/vec4 v0000029DFE81BA10_0, 0;
T_29.3 ;
T_29.1 ;
    %jmp T_29;
    .thread T_29;
    .scope S_0000029DFE81EB10;
T_30 ;
    %wait E_0000029DFE7A8EA0;
    %load/vec4 v0000029DFE81AD90_0;
    %load/vec4 v0000029DFE81BFB0_0;
    %parti/s 16, 12, 5;
    %add;
    %store/vec4 v0000029DFE81C9B0_0, 0, 16;
    %jmp T_30;
    .thread T_30, $push;
    .scope S_0000029DFE81F2E0;
T_31 ;
    %wait E_0000029DFE7A6960;
    %load/vec4 v0000029DFE81CD70_0;
    %flag_set/vec4 8;
    %jmp/0xz  T_31.0, 8;
    %pushi/vec4 0, 0, 16;
    %assign/vec4 v0000029DFE81CEB0_0, 0;
    %pushi/vec4 0, 0, 16;
    %assign/vec4 v0000029DFE81AE30_0, 0;
    %pushi/vec4 0, 0, 16;
    %assign/vec4 v0000029DFE81CAF0_0, 0;
    %pushi/vec4 0, 0, 16;
    %assign/vec4 v0000029DFE81CA50_0, 0;
    %jmp T_31.1;
T_31.0 ;
    %load/vec4 v0000029DFE81B6F0_0;
    %flag_set/vec4 8;
    %jmp/0xz  T_31.2, 8;
    %load/vec4 v0000029DFE81CF50_0;
    %assign/vec4 v0000029DFE81CEB0_0, 0;
    %load/vec4 v0000029DFE81CF50_0;
    %assign/vec4 v0000029DFE81AE30_0, 0;
    %pushi/vec4 0, 0, 16;
    %assign/vec4 v0000029DFE81CAF0_0, 0;
    %pushi/vec4 0, 0, 16;
    %assign/vec4 v0000029DFE81CA50_0, 0;
    %jmp T_31.3;
T_31.2 ;
    %load/vec4 v0000029DFE81C050_0;
    %assign/vec4 v0000029DFE81CAF0_0, 0;
    %load/vec4 v0000029DFE81CCD0_0;
    %assign/vec4 v0000029DFE81CA50_0, 0;
T_31.3 ;
T_31.1 ;
    %jmp T_31;
    .thread T_31;
    .scope S_0000029DFE81ECA0;
T_32 ;
    %wait E_0000029DFE7A8960;
    %load/vec4 v0000029DFE81B8D0_0;
    %load/vec4 v0000029DFE81BBF0_0;
    %parti/s 16, 12, 5;
    %add;
    %store/vec4 v0000029DFE81B970_0, 0, 16;
    %jmp T_32;
    .thread T_32, $push;
    .scope S_0000029DFE81FC40;
T_33 ;
    %wait E_0000029DFE7A6960;
    %load/vec4 v0000029DFE824370_0;
    %flag_set/vec4 8;
    %jmp/0xz  T_33.0, 8;
    %pushi/vec4 0, 0, 16;
    %assign/vec4 v0000029DFE823D30_0, 0;
    %pushi/vec4 0, 0, 16;
    %assign/vec4 v0000029DFE823330_0, 0;
    %pushi/vec4 0, 0, 16;
    %assign/vec4 v0000029DFE823650_0, 0;
    %pushi/vec4 0, 0, 16;
    %assign/vec4 v0000029DFE823470_0, 0;
    %jmp T_33.1;
T_33.0 ;
    %load/vec4 v0000029DFE8231F0_0;
    %flag_set/vec4 8;
    %jmp/0xz  T_33.2, 8;
    %load/vec4 v0000029DFE823BF0_0;
    %assign/vec4 v0000029DFE823D30_0, 0;
    %load/vec4 v0000029DFE823BF0_0;
    %assign/vec4 v0000029DFE823330_0, 0;
    %pushi/vec4 0, 0, 16;
    %assign/vec4 v0000029DFE823650_0, 0;
    %pushi/vec4 0, 0, 16;
    %assign/vec4 v0000029DFE823470_0, 0;
    %jmp T_33.3;
T_33.2 ;
    %load/vec4 v0000029DFE823B50_0;
    %assign/vec4 v0000029DFE823650_0, 0;
    %load/vec4 v0000029DFE823510_0;
    %assign/vec4 v0000029DFE823470_0, 0;
T_33.3 ;
T_33.1 ;
    %jmp T_33;
    .thread T_33;
    .scope S_0000029DFE81F150;
T_34 ;
    %wait E_0000029DFE7A8220;
    %load/vec4 v0000029DFE8245F0_0;
    %load/vec4 v0000029DFE8233D0_0;
    %parti/s 16, 12, 5;
    %add;
    %store/vec4 v0000029DFE823FB0_0, 0, 16;
    %jmp T_34;
    .thread T_34, $push;
    .scope S_0000029DFE81F790;
T_35 ;
    %wait E_0000029DFE7A6960;
    %load/vec4 v0000029DFE823150_0;
    %flag_set/vec4 8;
    %jmp/0xz  T_35.0, 8;
    %pushi/vec4 0, 0, 16;
    %assign/vec4 v0000029DFE823DD0_0, 0;
    %pushi/vec4 0, 0, 16;
    %assign/vec4 v0000029DFE824230_0, 0;
    %pushi/vec4 0, 0, 16;
    %assign/vec4 v0000029DFE823C90_0, 0;
    %pushi/vec4 0, 0, 16;
    %assign/vec4 v0000029DFE823790_0, 0;
    %jmp T_35.1;
T_35.0 ;
    %load/vec4 v0000029DFE8238D0_0;
    %flag_set/vec4 8;
    %jmp/0xz  T_35.2, 8;
    %load/vec4 v0000029DFE824190_0;
    %assign/vec4 v0000029DFE823DD0_0, 0;
    %load/vec4 v0000029DFE824190_0;
    %assign/vec4 v0000029DFE824230_0, 0;
    %pushi/vec4 0, 0, 16;
    %assign/vec4 v0000029DFE823C90_0, 0;
    %pushi/vec4 0, 0, 16;
    %assign/vec4 v0000029DFE823790_0, 0;
    %jmp T_35.3;
T_35.2 ;
    %load/vec4 v0000029DFE824550_0;
    %assign/vec4 v0000029DFE823C90_0, 0;
    %load/vec4 v0000029DFE8240F0_0;
    %assign/vec4 v0000029DFE823790_0, 0;
T_35.3 ;
T_35.1 ;
    %jmp T_35;
    .thread T_35;
    .scope S_0000029DFE81FF60;
T_36 ;
    %wait E_0000029DFE7A84A0;
    %load/vec4 v0000029DFE8242D0_0;
    %load/vec4 v0000029DFE8244B0_0;
    %parti/s 16, 12, 5;
    %add;
    %store/vec4 v0000029DFE823970_0, 0, 16;
    %jmp T_36;
    .thread T_36, $push;
    .scope S_0000029DFE81EFC0;
T_37 ;
    %wait E_0000029DFE7A6960;
    %load/vec4 v0000029DFE821030_0;
    %flag_set/vec4 8;
    %jmp/0xz  T_37.0, 8;
    %pushi/vec4 0, 0, 16;
    %assign/vec4 v0000029DFE822890_0, 0;
    %pushi/vec4 0, 0, 16;
    %assign/vec4 v0000029DFE8209F0_0, 0;
    %pushi/vec4 0, 0, 16;
    %assign/vec4 v0000029DFE821E90_0, 0;
    %pushi/vec4 0, 0, 16;
    %assign/vec4 v0000029DFE822610_0, 0;
    %jmp T_37.1;
T_37.0 ;
    %load/vec4 v0000029DFE821670_0;
    %flag_set/vec4 8;
    %jmp/0xz  T_37.2, 8;
    %load/vec4 v0000029DFE8210D0_0;
    %assign/vec4 v0000029DFE822890_0, 0;
    %load/vec4 v0000029DFE8210D0_0;
    %assign/vec4 v0000029DFE8209F0_0, 0;
    %pushi/vec4 0, 0, 16;
    %assign/vec4 v0000029DFE821E90_0, 0;
    %pushi/vec4 0, 0, 16;
    %assign/vec4 v0000029DFE822610_0, 0;
    %jmp T_37.3;
T_37.2 ;
    %load/vec4 v0000029DFE821490_0;
    %assign/vec4 v0000029DFE821E90_0, 0;
    %load/vec4 v0000029DFE820950_0;
    %assign/vec4 v0000029DFE822610_0, 0;
T_37.3 ;
T_37.1 ;
    %jmp T_37;
    .thread T_37;
    .scope S_0000029DFE8205A0;
T_38 ;
    %wait E_0000029DFE7A88A0;
    %load/vec4 v0000029DFE821A30_0;
    %load/vec4 v0000029DFE8227F0_0;
    %parti/s 16, 12, 5;
    %add;
    %store/vec4 v0000029DFE821530_0, 0, 16;
    %jmp T_38;
    .thread T_38, $push;
    .scope S_0000029DFE81FAB0;
T_39 ;
    %wait E_0000029DFE7A6960;
    %load/vec4 v0000029DFE821170_0;
    %flag_set/vec4 8;
    %jmp/0xz  T_39.0, 8;
    %pushi/vec4 0, 0, 16;
    %assign/vec4 v0000029DFE821D50_0, 0;
    %pushi/vec4 0, 0, 16;
    %assign/vec4 v0000029DFE822570_0, 0;
    %pushi/vec4 0, 0, 16;
    %assign/vec4 v0000029DFE821850_0, 0;
    %pushi/vec4 0, 0, 16;
    %assign/vec4 v0000029DFE821210_0, 0;
    %jmp T_39.1;
T_39.0 ;
    %load/vec4 v0000029DFE821F30_0;
    %flag_set/vec4 8;
    %jmp/0xz  T_39.2, 8;
    %load/vec4 v0000029DFE820E50_0;
    %assign/vec4 v0000029DFE821D50_0, 0;
    %load/vec4 v0000029DFE820E50_0;
    %assign/vec4 v0000029DFE822570_0, 0;
    %pushi/vec4 0, 0, 16;
    %assign/vec4 v0000029DFE821850_0, 0;
    %pushi/vec4 0, 0, 16;
    %assign/vec4 v0000029DFE821210_0, 0;
    %jmp T_39.3;
T_39.2 ;
    %load/vec4 v0000029DFE820A90_0;
    %assign/vec4 v0000029DFE821850_0, 0;
    %load/vec4 v0000029DFE822250_0;
    %assign/vec4 v0000029DFE821210_0, 0;
T_39.3 ;
T_39.1 ;
    %jmp T_39;
    .thread T_39;
    .scope S_0000029DFE81E980;
T_40 ;
    %wait E_0000029DFE7A8B20;
    %load/vec4 v0000029DFE820EF0_0;
    %load/vec4 v0000029DFE822B10_0;
    %parti/s 16, 12, 5;
    %add;
    %store/vec4 v0000029DFE821FD0_0, 0, 16;
    %jmp T_40;
    .thread T_40, $push;
    .scope S_0000029DFE81E7F0;
T_41 ;
    %wait E_0000029DFE7A6960;
    %load/vec4 v0000029DFE8218F0_0;
    %flag_set/vec4 8;
    %jmp/0xz  T_41.0, 8;
    %pushi/vec4 0, 0, 16;
    %assign/vec4 v0000029DFE820BD0_0, 0;
    %pushi/vec4 0, 0, 16;
    %assign/vec4 v0000029DFE822390_0, 0;
    %pushi/vec4 0, 0, 16;
    %assign/vec4 v0000029DFE8229D0_0, 0;
    %pushi/vec4 0, 0, 16;
    %assign/vec4 v0000029DFE821350_0, 0;
    %jmp T_41.1;
T_41.0 ;
    %load/vec4 v0000029DFE8213F0_0;
    %flag_set/vec4 8;
    %jmp/0xz  T_41.2, 8;
    %load/vec4 v0000029DFE821990_0;
    %assign/vec4 v0000029DFE820BD0_0, 0;
    %load/vec4 v0000029DFE821990_0;
    %assign/vec4 v0000029DFE822390_0, 0;
    %pushi/vec4 0, 0, 16;
    %assign/vec4 v0000029DFE8229D0_0, 0;
    %pushi/vec4 0, 0, 16;
    %assign/vec4 v0000029DFE821350_0, 0;
    %jmp T_41.3;
T_41.2 ;
    %load/vec4 v0000029DFE822BB0_0;
    %assign/vec4 v0000029DFE8229D0_0, 0;
    %load/vec4 v0000029DFE8215D0_0;
    %assign/vec4 v0000029DFE821350_0, 0;
T_41.3 ;
T_41.1 ;
    %jmp T_41;
    .thread T_41;
    .scope S_0000029DFE825C60;
T_42 ;
    %wait E_0000029DFE7A88E0;
    %load/vec4 v0000029DFE8226B0_0;
    %load/vec4 v0000029DFE822ED0_0;
    %parti/s 16, 12, 5;
    %add;
    %store/vec4 v0000029DFE821C10_0, 0, 16;
    %jmp T_42;
    .thread T_42, $push;
    .scope S_0000029DFE824E50;
T_43 ;
    %wait E_0000029DFE7A6960;
    %load/vec4 v0000029DFE8222F0_0;
    %flag_set/vec4 8;
    %jmp/0xz  T_43.0, 8;
    %pushi/vec4 0, 0, 16;
    %assign/vec4 v0000029DFE822A70_0, 0;
    %pushi/vec4 0, 0, 16;
    %assign/vec4 v0000029DFE827910_0, 0;
    %pushi/vec4 0, 0, 16;
    %assign/vec4 v0000029DFE822F70_0, 0;
    %pushi/vec4 0, 0, 16;
    %assign/vec4 v0000029DFE8221B0_0, 0;
    %jmp T_43.1;
T_43.0 ;
    %load/vec4 v0000029DFE821CB0_0;
    %flag_set/vec4 8;
    %jmp/0xz  T_43.2, 8;
    %load/vec4 v0000029DFE822C50_0;
    %assign/vec4 v0000029DFE822A70_0, 0;
    %load/vec4 v0000029DFE822C50_0;
    %assign/vec4 v0000029DFE827910_0, 0;
    %pushi/vec4 0, 0, 16;
    %assign/vec4 v0000029DFE822F70_0, 0;
    %pushi/vec4 0, 0, 16;
    %assign/vec4 v0000029DFE8221B0_0, 0;
    %jmp T_43.3;
T_43.2 ;
    %load/vec4 v0000029DFE8224D0_0;
    %assign/vec4 v0000029DFE822F70_0, 0;
    %load/vec4 v0000029DFE820F90_0;
    %assign/vec4 v0000029DFE8221B0_0, 0;
T_43.3 ;
T_43.1 ;
    %jmp T_43;
    .thread T_43;
    .scope S_0000029DFE825DF0;
T_44 ;
    %wait E_0000029DFE7A85A0;
    %load/vec4 v0000029DFE827C30_0;
    %load/vec4 v0000029DFE827CD0_0;
    %parti/s 16, 12, 5;
    %add;
    %store/vec4 v0000029DFE828770_0, 0, 16;
    %jmp T_44;
    .thread T_44, $push;
    .scope S_0000029DFE825490;
T_45 ;
    %wait E_0000029DFE7A6960;
    %load/vec4 v0000029DFE828310_0;
    %flag_set/vec4 8;
    %jmp/0xz  T_45.0, 8;
    %pushi/vec4 0, 0, 16;
    %assign/vec4 v0000029DFE828450_0, 0;
    %pushi/vec4 0, 0, 16;
    %assign/vec4 v0000029DFE828630_0, 0;
    %pushi/vec4 0, 0, 16;
    %assign/vec4 v0000029DFE8288B0_0, 0;
    %pushi/vec4 0, 0, 16;
    %assign/vec4 v0000029DFE827EB0_0, 0;
    %jmp T_45.1;
T_45.0 ;
    %load/vec4 v0000029DFE8270F0_0;
    %flag_set/vec4 8;
    %jmp/0xz  T_45.2, 8;
    %load/vec4 v0000029DFE827550_0;
    %assign/vec4 v0000029DFE828450_0, 0;
    %load/vec4 v0000029DFE827550_0;
    %assign/vec4 v0000029DFE828630_0, 0;
    %pushi/vec4 0, 0, 16;
    %assign/vec4 v0000029DFE8288B0_0, 0;
    %pushi/vec4 0, 0, 16;
    %assign/vec4 v0000029DFE827EB0_0, 0;
    %jmp T_45.3;
T_45.2 ;
    %load/vec4 v0000029DFE8284F0_0;
    %assign/vec4 v0000029DFE8288B0_0, 0;
    %load/vec4 v0000029DFE8286D0_0;
    %assign/vec4 v0000029DFE827EB0_0, 0;
T_45.3 ;
T_45.1 ;
    %jmp T_45;
    .thread T_45;
    .scope S_0000029DFE8257B0;
T_46 ;
    %wait E_0000029DFE7A86A0;
    %load/vec4 v0000029DFE828B30_0;
    %load/vec4 v0000029DFE828950_0;
    %parti/s 16, 12, 5;
    %add;
    %store/vec4 v0000029DFE827AF0_0, 0, 16;
    %jmp T_46;
    .thread T_46, $push;
    .scope S_0000029DFE825620;
T_47 ;
    %wait E_0000029DFE7A6960;
    %load/vec4 v0000029DFE826830_0;
    %flag_set/vec4 8;
    %jmp/0xz  T_47.0, 8;
    %pushi/vec4 0, 0, 16;
    %assign/vec4 v0000029DFE827D70_0, 0;
    %pushi/vec4 0, 0, 16;
    %assign/vec4 v0000029DFE8289F0_0, 0;
    %pushi/vec4 0, 0, 16;
    %assign/vec4 v0000029DFE827050_0, 0;
    %pushi/vec4 0, 0, 16;
    %assign/vec4 v0000029DFE827B90_0, 0;
    %jmp T_47.1;
T_47.0 ;
    %load/vec4 v0000029DFE828090_0;
    %flag_set/vec4 8;
    %jmp/0xz  T_47.2, 8;
    %load/vec4 v0000029DFE828590_0;
    %assign/vec4 v0000029DFE827D70_0, 0;
    %load/vec4 v0000029DFE828590_0;
    %assign/vec4 v0000029DFE8289F0_0, 0;
    %pushi/vec4 0, 0, 16;
    %assign/vec4 v0000029DFE827050_0, 0;
    %pushi/vec4 0, 0, 16;
    %assign/vec4 v0000029DFE827B90_0, 0;
    %jmp T_47.3;
T_47.2 ;
    %load/vec4 v0000029DFE826E70_0;
    %assign/vec4 v0000029DFE827050_0, 0;
    %load/vec4 v0000029DFE827230_0;
    %assign/vec4 v0000029DFE827B90_0, 0;
T_47.3 ;
T_47.1 ;
    %jmp T_47;
    .thread T_47;
    .scope S_0000029DFE825F80;
T_48 ;
    %wait E_0000029DFE7A8720;
    %load/vec4 v0000029DFE827370_0;
    %load/vec4 v0000029DFE827E10_0;
    %parti/s 16, 12, 5;
    %add;
    %store/vec4 v0000029DFE826BF0_0, 0, 16;
    %jmp T_48;
    .thread T_48, $push;
    .scope S_0000029DFE825AD0;
T_49 ;
    %wait E_0000029DFE7A6960;
    %load/vec4 v0000029DFE827FF0_0;
    %flag_set/vec4 8;
    %jmp/0xz  T_49.0, 8;
    %pushi/vec4 0, 0, 16;
    %assign/vec4 v0000029DFE828EF0_0, 0;
    %pushi/vec4 0, 0, 16;
    %assign/vec4 v0000029DFE8272D0_0, 0;
    %pushi/vec4 0, 0, 16;
    %assign/vec4 v0000029DFE828D10_0, 0;
    %pushi/vec4 0, 0, 16;
    %assign/vec4 v0000029DFE826D30_0, 0;
    %jmp T_49.1;
T_49.0 ;
    %load/vec4 v0000029DFE828DB0_0;
    %flag_set/vec4 8;
    %jmp/0xz  T_49.2, 8;
    %load/vec4 v0000029DFE826A10_0;
    %assign/vec4 v0000029DFE828EF0_0, 0;
    %load/vec4 v0000029DFE826A10_0;
    %assign/vec4 v0000029DFE8272D0_0, 0;
    %pushi/vec4 0, 0, 16;
    %assign/vec4 v0000029DFE828D10_0, 0;
    %pushi/vec4 0, 0, 16;
    %assign/vec4 v0000029DFE826D30_0, 0;
    %jmp T_49.3;
T_49.2 ;
    %load/vec4 v0000029DFE828C70_0;
    %assign/vec4 v0000029DFE828D10_0, 0;
    %load/vec4 v0000029DFE828E50_0;
    %assign/vec4 v0000029DFE826D30_0, 0;
T_49.3 ;
T_49.1 ;
    %jmp T_49;
    .thread T_49;
    .scope S_0000029DFE8262A0;
T_50 ;
    %wait E_0000029DFE7A8A20;
    %load/vec4 v0000029DFE828130_0;
    %load/vec4 v0000029DFE826B50_0;
    %parti/s 16, 12, 5;
    %add;
    %store/vec4 v0000029DFE826AB0_0, 0, 16;
    %jmp T_50;
    .thread T_50, $push;
    .scope S_0000029DFE825170;
T_51 ;
    %wait E_0000029DFE7A6960;
    %load/vec4 v0000029DFE82A4D0_0;
    %flag_set/vec4 8;
    %jmp/0xz  T_51.0, 8;
    %pushi/vec4 0, 0, 16;
    %assign/vec4 v0000029DFE82A070_0, 0;
    %pushi/vec4 0, 0, 16;
    %assign/vec4 v0000029DFE829490_0, 0;
    %pushi/vec4 0, 0, 16;
    %assign/vec4 v0000029DFE829990_0, 0;
    %pushi/vec4 0, 0, 16;
    %assign/vec4 v0000029DFE826FB0_0, 0;
    %jmp T_51.1;
T_51.0 ;
    %load/vec4 v0000029DFE829170_0;
    %flag_set/vec4 8;
    %jmp/0xz  T_51.2, 8;
    %load/vec4 v0000029DFE829D50_0;
    %assign/vec4 v0000029DFE82A070_0, 0;
    %load/vec4 v0000029DFE829D50_0;
    %assign/vec4 v0000029DFE829490_0, 0;
    %pushi/vec4 0, 0, 16;
    %assign/vec4 v0000029DFE829990_0, 0;
    %pushi/vec4 0, 0, 16;
    %assign/vec4 v0000029DFE826FB0_0, 0;
    %jmp T_51.3;
T_51.2 ;
    %load/vec4 v0000029DFE829530_0;
    %assign/vec4 v0000029DFE829990_0, 0;
    %load/vec4 v0000029DFE829B70_0;
    %assign/vec4 v0000029DFE826FB0_0, 0;
T_51.3 ;
T_51.1 ;
    %jmp T_51;
    .thread T_51;
    .scope S_0000029DFE824810;
T_52 ;
    %wait E_0000029DFE7A8EE0;
    %load/vec4 v0000029DFE829C10_0;
    %load/vec4 v0000029DFE829710_0;
    %parti/s 16, 12, 5;
    %add;
    %store/vec4 v0000029DFE82A250_0, 0, 16;
    %jmp T_52;
    .thread T_52, $push;
    .scope S_0000029DFE8265C0;
T_53 ;
    %wait E_0000029DFE7A6960;
    %load/vec4 v0000029DFE82A110_0;
    %flag_set/vec4 8;
    %jmp/0xz  T_53.0, 8;
    %pushi/vec4 0, 0, 16;
    %assign/vec4 v0000029DFE829F30_0, 0;
    %pushi/vec4 0, 0, 16;
    %assign/vec4 v0000029DFE82A430_0, 0;
    %pushi/vec4 0, 0, 16;
    %assign/vec4 v0000029DFE82A570_0, 0;
    %pushi/vec4 0, 0, 16;
    %assign/vec4 v0000029DFE82A390_0, 0;
    %jmp T_53.1;
T_53.0 ;
    %load/vec4 v0000029DFE829E90_0;
    %flag_set/vec4 8;
    %jmp/0xz  T_53.2, 8;
    %load/vec4 v0000029DFE829670_0;
    %assign/vec4 v0000029DFE829F30_0, 0;
    %load/vec4 v0000029DFE829670_0;
    %assign/vec4 v0000029DFE82A430_0, 0;
    %pushi/vec4 0, 0, 16;
    %assign/vec4 v0000029DFE82A570_0, 0;
    %pushi/vec4 0, 0, 16;
    %assign/vec4 v0000029DFE82A390_0, 0;
    %jmp T_53.3;
T_53.2 ;
    %load/vec4 v0000029DFE829DF0_0;
    %assign/vec4 v0000029DFE82A570_0, 0;
    %load/vec4 v0000029DFE8295D0_0;
    %assign/vec4 v0000029DFE82A390_0, 0;
T_53.3 ;
T_53.1 ;
    %jmp T_53;
    .thread T_53;
    .scope S_0000029DFE82C450;
T_54 ;
    %wait E_0000029DFE7A8FE0;
    %load/vec4 v0000029DFE82A2F0_0;
    %load/vec4 v0000029DFE82A6B0_0;
    %parti/s 16, 12, 5;
    %add;
    %store/vec4 v0000029DFE82A610_0, 0, 16;
    %jmp T_54;
    .thread T_54, $push;
    .scope S_0000029DFE824B30;
T_55 ;
    %wait E_0000029DFE7A6960;
    %load/vec4 v0000029DFE82D6B0_0;
    %flag_set/vec4 8;
    %jmp/0xz  T_55.0, 8;
    %pushi/vec4 0, 0, 16;
    %assign/vec4 v0000029DFE82CE90_0, 0;
    %pushi/vec4 0, 0, 16;
    %assign/vec4 v0000029DFE82D890_0, 0;
    %pushi/vec4 0, 0, 16;
    %assign/vec4 v0000029DFE82DED0_0, 0;
    %pushi/vec4 0, 0, 16;
    %assign/vec4 v0000029DFE8292B0_0, 0;
    %jmp T_55.1;
T_55.0 ;
    %load/vec4 v0000029DFE82E8D0_0;
    %flag_set/vec4 8;
    %jmp/0xz  T_55.2, 8;
    %load/vec4 v0000029DFE82D750_0;
    %assign/vec4 v0000029DFE82CE90_0, 0;
    %load/vec4 v0000029DFE82D750_0;
    %assign/vec4 v0000029DFE82D890_0, 0;
    %pushi/vec4 0, 0, 16;
    %assign/vec4 v0000029DFE82DED0_0, 0;
    %pushi/vec4 0, 0, 16;
    %assign/vec4 v0000029DFE8292B0_0, 0;
    %jmp T_55.3;
T_55.2 ;
    %load/vec4 v0000029DFE82E790_0;
    %assign/vec4 v0000029DFE82DED0_0, 0;
    %load/vec4 v0000029DFE82D1B0_0;
    %assign/vec4 v0000029DFE8292B0_0, 0;
T_55.3 ;
T_55.1 ;
    %jmp T_55;
    .thread T_55;
    .scope S_0000029DFE82BFA0;
T_56 ;
    %wait E_0000029DFE7A9020;
    %load/vec4 v0000029DFE82E290_0;
    %load/vec4 v0000029DFE82C990_0;
    %parti/s 16, 12, 5;
    %add;
    %store/vec4 v0000029DFE82EBF0_0, 0, 16;
    %jmp T_56;
    .thread T_56, $push;
    .scope S_0000029DFE82AE70;
T_57 ;
    %wait E_0000029DFE7A6960;
    %load/vec4 v0000029DFE82D110_0;
    %flag_set/vec4 8;
    %jmp/0xz  T_57.0, 8;
    %pushi/vec4 0, 0, 16;
    %assign/vec4 v0000029DFE82D250_0, 0;
    %pushi/vec4 0, 0, 16;
    %assign/vec4 v0000029DFE82DB10_0, 0;
    %pushi/vec4 0, 0, 16;
    %assign/vec4 v0000029DFE82D610_0, 0;
    %pushi/vec4 0, 0, 16;
    %assign/vec4 v0000029DFE82E330_0, 0;
    %jmp T_57.1;
T_57.0 ;
    %load/vec4 v0000029DFE82CCB0_0;
    %flag_set/vec4 8;
    %jmp/0xz  T_57.2, 8;
    %load/vec4 v0000029DFE82CF30_0;
    %assign/vec4 v0000029DFE82D250_0, 0;
    %load/vec4 v0000029DFE82CF30_0;
    %assign/vec4 v0000029DFE82DB10_0, 0;
    %pushi/vec4 0, 0, 16;
    %assign/vec4 v0000029DFE82D610_0, 0;
    %pushi/vec4 0, 0, 16;
    %assign/vec4 v0000029DFE82E330_0, 0;
    %jmp T_57.3;
T_57.2 ;
    %load/vec4 v0000029DFE82D570_0;
    %assign/vec4 v0000029DFE82D610_0, 0;
    %load/vec4 v0000029DFE82D430_0;
    %assign/vec4 v0000029DFE82E330_0, 0;
T_57.3 ;
T_57.1 ;
    %jmp T_57;
    .thread T_57;
    .scope S_0000029DFE82C5E0;
T_58 ;
    %wait E_0000029DFE7A9C60;
    %load/vec4 v0000029DFE82E470_0;
    %load/vec4 v0000029DFE82CD50_0;
    %parti/s 16, 12, 5;
    %add;
    %store/vec4 v0000029DFE82D2F0_0, 0, 16;
    %jmp T_58;
    .thread T_58, $push;
    .scope S_0000029DFE82B000;
T_59 ;
    %wait E_0000029DFE7A6960;
    %load/vec4 v0000029DFE82EC90_0;
    %flag_set/vec4 8;
    %jmp/0xz  T_59.0, 8;
    %pushi/vec4 0, 0, 16;
    %assign/vec4 v0000029DFE82EAB0_0, 0;
    %pushi/vec4 0, 0, 16;
    %assign/vec4 v0000029DFE82E830_0, 0;
    %pushi/vec4 0, 0, 16;
    %assign/vec4 v0000029DFE82E970_0, 0;
    %pushi/vec4 0, 0, 16;
    %assign/vec4 v0000029DFE82DC50_0, 0;
    %jmp T_59.1;
T_59.0 ;
    %load/vec4 v0000029DFE82D4D0_0;
    %flag_set/vec4 8;
    %jmp/0xz  T_59.2, 8;
    %load/vec4 v0000029DFE82D7F0_0;
    %assign/vec4 v0000029DFE82EAB0_0, 0;
    %load/vec4 v0000029DFE82D7F0_0;
    %assign/vec4 v0000029DFE82E830_0, 0;
    %pushi/vec4 0, 0, 16;
    %assign/vec4 v0000029DFE82E970_0, 0;
    %pushi/vec4 0, 0, 16;
    %assign/vec4 v0000029DFE82DC50_0, 0;
    %jmp T_59.3;
T_59.2 ;
    %load/vec4 v0000029DFE82D390_0;
    %assign/vec4 v0000029DFE82E970_0, 0;
    %load/vec4 v0000029DFE82EF10_0;
    %assign/vec4 v0000029DFE82DC50_0, 0;
T_59.3 ;
T_59.1 ;
    %jmp T_59;
    .thread T_59;
    .scope S_0000029DFE82B960;
T_60 ;
    %wait E_0000029DFE7A9760;
    %load/vec4 v0000029DFE82D9D0_0;
    %load/vec4 v0000029DFE82E1F0_0;
    %parti/s 16, 12, 5;
    %add;
    %store/vec4 v0000029DFE82E150_0, 0, 16;
    %jmp T_60;
    .thread T_60, $push;
    .scope S_0000029DFE82ACE0;
T_61 ;
    %wait E_0000029DFE7A6960;
    %load/vec4 v0000029DFE82EDD0_0;
    %flag_set/vec4 8;
    %jmp/0xz  T_61.0, 8;
    %pushi/vec4 0, 0, 16;
    %assign/vec4 v0000029DFE82EE70_0, 0;
    %pushi/vec4 0, 0, 16;
    %assign/vec4 v0000029DFE82C850_0, 0;
    %pushi/vec4 0, 0, 16;
    %assign/vec4 v0000029DFE82DE30_0, 0;
    %pushi/vec4 0, 0, 16;
    %assign/vec4 v0000029DFE82DCF0_0, 0;
    %jmp T_61.1;
T_61.0 ;
    %load/vec4 v0000029DFE82E6F0_0;
    %flag_set/vec4 8;
    %jmp/0xz  T_61.2, 8;
    %load/vec4 v0000029DFE82EFB0_0;
    %assign/vec4 v0000029DFE82EE70_0, 0;
    %load/vec4 v0000029DFE82EFB0_0;
    %assign/vec4 v0000029DFE82C850_0, 0;
    %pushi/vec4 0, 0, 16;
    %assign/vec4 v0000029DFE82DE30_0, 0;
    %pushi/vec4 0, 0, 16;
    %assign/vec4 v0000029DFE82DCF0_0, 0;
    %jmp T_61.3;
T_61.2 ;
    %load/vec4 v0000029DFE82DD90_0;
    %assign/vec4 v0000029DFE82DE30_0, 0;
    %load/vec4 v0000029DFE82ED30_0;
    %assign/vec4 v0000029DFE82DCF0_0, 0;
T_61.3 ;
T_61.1 ;
    %jmp T_61;
    .thread T_61;
    .scope S_0000029DFE82BE10;
T_62 ;
    %wait E_0000029DFE7A97A0;
    %load/vec4 v0000029DFE82FC30_0;
    %load/vec4 v0000029DFE82F870_0;
    %parti/s 16, 12, 5;
    %add;
    %store/vec4 v0000029DFE82F370_0, 0, 16;
    %jmp T_62;
    .thread T_62, $push;
    .scope S_0000029DFE82B320;
T_63 ;
    %wait E_0000029DFE7A6960;
    %load/vec4 v0000029DFE82FFF0_0;
    %flag_set/vec4 8;
    %jmp/0xz  T_63.0, 8;
    %pushi/vec4 0, 0, 16;
    %assign/vec4 v0000029DFE82F230_0, 0;
    %pushi/vec4 0, 0, 16;
    %assign/vec4 v0000029DFE82FCD0_0, 0;
    %pushi/vec4 0, 0, 16;
    %assign/vec4 v0000029DFE82F2D0_0, 0;
    %pushi/vec4 0, 0, 16;
    %assign/vec4 v0000029DFE82FAF0_0, 0;
    %jmp T_63.1;
T_63.0 ;
    %load/vec4 v0000029DFE82F550_0;
    %flag_set/vec4 8;
    %jmp/0xz  T_63.2, 8;
    %load/vec4 v0000029DFE82FB90_0;
    %assign/vec4 v0000029DFE82F230_0, 0;
    %load/vec4 v0000029DFE82FB90_0;
    %assign/vec4 v0000029DFE82FCD0_0, 0;
    %pushi/vec4 0, 0, 16;
    %assign/vec4 v0000029DFE82F2D0_0, 0;
    %pushi/vec4 0, 0, 16;
    %assign/vec4 v0000029DFE82FAF0_0, 0;
    %jmp T_63.3;
T_63.2 ;
    %load/vec4 v0000029DFE8304F0_0;
    %assign/vec4 v0000029DFE82F2D0_0, 0;
    %load/vec4 v0000029DFE830130_0;
    %assign/vec4 v0000029DFE82FAF0_0, 0;
T_63.3 ;
T_63.1 ;
    %jmp T_63;
    .thread T_63;
    .scope S_0000029DFE82B7D0;
T_64 ;
    %wait E_0000029DFE7A9B20;
    %load/vec4 v0000029DFE82F410_0;
    %load/vec4 v0000029DFE830450_0;
    %parti/s 16, 12, 5;
    %add;
    %store/vec4 v0000029DFE82FE10_0, 0, 16;
    %jmp T_64;
    .thread T_64, $push;
    .scope S_0000029DFE82A830;
T_65 ;
    %wait E_0000029DFE7A6960;
    %load/vec4 v0000029DFE830090_0;
    %flag_set/vec4 8;
    %jmp/0xz  T_65.0, 8;
    %pushi/vec4 0, 0, 16;
    %assign/vec4 v0000029DFE82F050_0, 0;
    %pushi/vec4 0, 0, 16;
    %assign/vec4 v0000029DFE82F730_0, 0;
    %pushi/vec4 0, 0, 16;
    %assign/vec4 v0000029DFE8303B0_0, 0;
    %pushi/vec4 0, 0, 16;
    %assign/vec4 v0000029DFE82F690_0, 0;
    %jmp T_65.1;
T_65.0 ;
    %load/vec4 v0000029DFE82F9B0_0;
    %flag_set/vec4 8;
    %jmp/0xz  T_65.2, 8;
    %load/vec4 v0000029DFE830270_0;
    %assign/vec4 v0000029DFE82F050_0, 0;
    %load/vec4 v0000029DFE830270_0;
    %assign/vec4 v0000029DFE82F730_0, 0;
    %pushi/vec4 0, 0, 16;
    %assign/vec4 v0000029DFE8303B0_0, 0;
    %pushi/vec4 0, 0, 16;
    %assign/vec4 v0000029DFE82F690_0, 0;
    %jmp T_65.3;
T_65.2 ;
    %load/vec4 v0000029DFE8306D0_0;
    %assign/vec4 v0000029DFE8303B0_0, 0;
    %load/vec4 v0000029DFE8301D0_0;
    %assign/vec4 v0000029DFE82F690_0, 0;
T_65.3 ;
T_65.1 ;
    %jmp T_65;
    .thread T_65;
    .scope S_0000029DFE82A9C0;
T_66 ;
    %wait E_0000029DFE7A9AA0;
    %load/vec4 v0000029DFE843200_0;
    %load/vec4 v0000029DFE8421C0_0;
    %parti/s 16, 12, 5;
    %add;
    %store/vec4 v0000029DFE8438E0_0, 0, 16;
    %jmp T_66;
    .thread T_66, $push;
    .scope S_0000029DFE82BAF0;
T_67 ;
    %wait E_0000029DFE7A6960;
    %load/vec4 v0000029DFE841EA0_0;
    %flag_set/vec4 8;
    %jmp/0xz  T_67.0, 8;
    %pushi/vec4 0, 0, 16;
    %assign/vec4 v0000029DFE842940_0, 0;
    %pushi/vec4 0, 0, 16;
    %assign/vec4 v0000029DFE841F40_0, 0;
    %pushi/vec4 0, 0, 16;
    %assign/vec4 v0000029DFE843980_0, 0;
    %pushi/vec4 0, 0, 16;
    %assign/vec4 v0000029DFE843340_0, 0;
    %jmp T_67.1;
T_67.0 ;
    %load/vec4 v0000029DFE841E00_0;
    %flag_set/vec4 8;
    %jmp/0xz  T_67.2, 8;
    %load/vec4 v0000029DFE841CC0_0;
    %assign/vec4 v0000029DFE842940_0, 0;
    %load/vec4 v0000029DFE841CC0_0;
    %assign/vec4 v0000029DFE841F40_0, 0;
    %pushi/vec4 0, 0, 16;
    %assign/vec4 v0000029DFE843980_0, 0;
    %pushi/vec4 0, 0, 16;
    %assign/vec4 v0000029DFE843340_0, 0;
    %jmp T_67.3;
T_67.2 ;
    %load/vec4 v0000029DFE842EE0_0;
    %assign/vec4 v0000029DFE843980_0, 0;
    %load/vec4 v0000029DFE841680_0;
    %assign/vec4 v0000029DFE843340_0, 0;
T_67.3 ;
T_67.1 ;
    %jmp T_67;
    .thread T_67;
    .scope S_0000029DFE84AF30;
T_68 ;
    %wait E_0000029DFE7A9260;
    %load/vec4 v0000029DFE843700_0;
    %load/vec4 v0000029DFE842A80_0;
    %parti/s 16, 12, 5;
    %add;
    %store/vec4 v0000029DFE842120_0, 0, 16;
    %jmp T_68;
    .thread T_68, $push;
    .scope S_0000029DFE849E00;
T_69 ;
    %wait E_0000029DFE7A6960;
    %load/vec4 v0000029DFE8433E0_0;
    %flag_set/vec4 8;
    %jmp/0xz  T_69.0, 8;
    %pushi/vec4 0, 0, 16;
    %assign/vec4 v0000029DFE842BC0_0, 0;
    %pushi/vec4 0, 0, 16;
    %assign/vec4 v0000029DFE842580_0, 0;
    %pushi/vec4 0, 0, 16;
    %assign/vec4 v0000029DFE841A40_0, 0;
    %pushi/vec4 0, 0, 16;
    %assign/vec4 v0000029DFE842760_0, 0;
    %jmp T_69.1;
T_69.0 ;
    %load/vec4 v0000029DFE843B60_0;
    %flag_set/vec4 8;
    %jmp/0xz  T_69.2, 8;
    %load/vec4 v0000029DFE842080_0;
    %assign/vec4 v0000029DFE842BC0_0, 0;
    %load/vec4 v0000029DFE842080_0;
    %assign/vec4 v0000029DFE842580_0, 0;
    %pushi/vec4 0, 0, 16;
    %assign/vec4 v0000029DFE841A40_0, 0;
    %pushi/vec4 0, 0, 16;
    %assign/vec4 v0000029DFE842760_0, 0;
    %jmp T_69.3;
T_69.2 ;
    %load/vec4 v0000029DFE843AC0_0;
    %assign/vec4 v0000029DFE841A40_0, 0;
    %load/vec4 v0000029DFE842E40_0;
    %assign/vec4 v0000029DFE842760_0, 0;
T_69.3 ;
T_69.1 ;
    %jmp T_69;
    .thread T_69;
    .scope S_0000029DFE84B0C0;
T_70 ;
    %wait E_0000029DFE7A9CA0;
    %load/vec4 v0000029DFE842300_0;
    %load/vec4 v0000029DFE8432A0_0;
    %parti/s 16, 12, 5;
    %add;
    %store/vec4 v0000029DFE842F80_0, 0, 16;
    %jmp T_70;
    .thread T_70, $push;
    .scope S_0000029DFE84A440;
T_71 ;
    %wait E_0000029DFE7A6960;
    %load/vec4 v0000029DFE8437A0_0;
    %flag_set/vec4 8;
    %jmp/0xz  T_71.0, 8;
    %pushi/vec4 0, 0, 16;
    %assign/vec4 v0000029DFE8426C0_0, 0;
    %pushi/vec4 0, 0, 16;
    %assign/vec4 v0000029DFE8428A0_0, 0;
    %pushi/vec4 0, 0, 16;
    %assign/vec4 v0000029DFE842620_0, 0;
    %pushi/vec4 0, 0, 16;
    %assign/vec4 v0000029DFE8423A0_0, 0;
    %jmp T_71.1;
T_71.0 ;
    %load/vec4 v0000029DFE842800_0;
    %flag_set/vec4 8;
    %jmp/0xz  T_71.2, 8;
    %load/vec4 v0000029DFE843840_0;
    %assign/vec4 v0000029DFE8426C0_0, 0;
    %load/vec4 v0000029DFE843840_0;
    %assign/vec4 v0000029DFE8428A0_0, 0;
    %pushi/vec4 0, 0, 16;
    %assign/vec4 v0000029DFE842620_0, 0;
    %pushi/vec4 0, 0, 16;
    %assign/vec4 v0000029DFE8423A0_0, 0;
    %jmp T_71.3;
T_71.2 ;
    %load/vec4 v0000029DFE8429E0_0;
    %assign/vec4 v0000029DFE842620_0, 0;
    %load/vec4 v0000029DFE842D00_0;
    %assign/vec4 v0000029DFE8423A0_0, 0;
T_71.3 ;
T_71.1 ;
    %jmp T_71;
    .thread T_71;
    .scope S_0000029DFE849F90;
T_72 ;
    %wait E_0000029DFE7A9460;
    %load/vec4 v0000029DFE843C00_0;
    %load/vec4 v0000029DFE841B80_0;
    %parti/s 16, 12, 5;
    %add;
    %store/vec4 v0000029DFE841AE0_0, 0, 16;
    %jmp T_72;
    .thread T_72, $push;
    .scope S_0000029DFE84A8F0;
T_73 ;
    %wait E_0000029DFE7A6960;
    %load/vec4 v0000029DFE845F00_0;
    %flag_set/vec4 8;
    %jmp/0xz  T_73.0, 8;
    %pushi/vec4 0, 0, 16;
    %assign/vec4 v0000029DFE8446A0_0, 0;
    %pushi/vec4 0, 0, 16;
    %assign/vec4 v0000029DFE845FA0_0, 0;
    %pushi/vec4 0, 0, 16;
    %assign/vec4 v0000029DFE841860_0, 0;
    %pushi/vec4 0, 0, 16;
    %assign/vec4 v0000029DFE841720_0, 0;
    %jmp T_73.1;
T_73.0 ;
    %load/vec4 v0000029DFE844A60_0;
    %flag_set/vec4 8;
    %jmp/0xz  T_73.2, 8;
    %load/vec4 v0000029DFE844B00_0;
    %assign/vec4 v0000029DFE8446A0_0, 0;
    %load/vec4 v0000029DFE844B00_0;
    %assign/vec4 v0000029DFE845FA0_0, 0;
    %pushi/vec4 0, 0, 16;
    %assign/vec4 v0000029DFE841860_0, 0;
    %pushi/vec4 0, 0, 16;
    %assign/vec4 v0000029DFE841720_0, 0;
    %jmp T_73.3;
T_73.2 ;
    %load/vec4 v0000029DFE841C20_0;
    %assign/vec4 v0000029DFE841860_0, 0;
    %load/vec4 v0000029DFE846180_0;
    %assign/vec4 v0000029DFE841720_0, 0;
T_73.3 ;
T_73.1 ;
    %jmp T_73;
    .thread T_73;
    .scope S_0000029DFE84B250;
T_74 ;
    %wait E_0000029DFE7A94E0;
    %load/vec4 v0000029DFE844BA0_0;
    %load/vec4 v0000029DFE844F60_0;
    %parti/s 16, 12, 5;
    %add;
    %store/vec4 v0000029DFE845B40_0, 0, 16;
    %jmp T_74;
    .thread T_74, $push;
    .scope S_0000029DFE84AC10;
T_75 ;
    %wait E_0000029DFE7A6960;
    %load/vec4 v0000029DFE8458C0_0;
    %flag_set/vec4 8;
    %jmp/0xz  T_75.0, 8;
    %pushi/vec4 0, 0, 16;
    %assign/vec4 v0000029DFE8460E0_0, 0;
    %pushi/vec4 0, 0, 16;
    %assign/vec4 v0000029DFE845000_0, 0;
    %pushi/vec4 0, 0, 16;
    %assign/vec4 v0000029DFE845320_0, 0;
    %pushi/vec4 0, 0, 16;
    %assign/vec4 v0000029DFE8441A0_0, 0;
    %jmp T_75.1;
T_75.0 ;
    %load/vec4 v0000029DFE8451E0_0;
    %flag_set/vec4 8;
    %jmp/0xz  T_75.2, 8;
    %load/vec4 v0000029DFE846220_0;
    %assign/vec4 v0000029DFE8460E0_0, 0;
    %load/vec4 v0000029DFE846220_0;
    %assign/vec4 v0000029DFE845000_0, 0;
    %pushi/vec4 0, 0, 16;
    %assign/vec4 v0000029DFE845320_0, 0;
    %pushi/vec4 0, 0, 16;
    %assign/vec4 v0000029DFE8441A0_0, 0;
    %jmp T_75.3;
T_75.2 ;
    %load/vec4 v0000029DFE8455A0_0;
    %assign/vec4 v0000029DFE845320_0, 0;
    %load/vec4 v0000029DFE843E80_0;
    %assign/vec4 v0000029DFE8441A0_0, 0;
T_75.3 ;
T_75.1 ;
    %jmp T_75;
    .thread T_75;
    .scope S_0000029DFE849630;
T_76 ;
    %wait E_0000029DFE7A9620;
    %load/vec4 v0000029DFE8450A0_0;
    %load/vec4 v0000029DFE8442E0_0;
    %parti/s 16, 12, 5;
    %add;
    %store/vec4 v0000029DFE845C80_0, 0, 16;
    %jmp T_76;
    .thread T_76, $push;
    .scope S_0000029DFE8497C0;
T_77 ;
    %wait E_0000029DFE7A6960;
    %load/vec4 v0000029DFE844C40_0;
    %flag_set/vec4 8;
    %jmp/0xz  T_77.0, 8;
    %pushi/vec4 0, 0, 16;
    %assign/vec4 v0000029DFE843DE0_0, 0;
    %pushi/vec4 0, 0, 16;
    %assign/vec4 v0000029DFE844EC0_0, 0;
    %pushi/vec4 0, 0, 16;
    %assign/vec4 v0000029DFE844880_0, 0;
    %pushi/vec4 0, 0, 16;
    %assign/vec4 v0000029DFE846360_0, 0;
    %jmp T_77.1;
T_77.0 ;
    %load/vec4 v0000029DFE845640_0;
    %flag_set/vec4 8;
    %jmp/0xz  T_77.2, 8;
    %load/vec4 v0000029DFE845D20_0;
    %assign/vec4 v0000029DFE843DE0_0, 0;
    %load/vec4 v0000029DFE845D20_0;
    %assign/vec4 v0000029DFE844EC0_0, 0;
    %pushi/vec4 0, 0, 16;
    %assign/vec4 v0000029DFE844880_0, 0;
    %pushi/vec4 0, 0, 16;
    %assign/vec4 v0000029DFE846360_0, 0;
    %jmp T_77.3;
T_77.2 ;
    %load/vec4 v0000029DFE845E60_0;
    %assign/vec4 v0000029DFE844880_0, 0;
    %load/vec4 v0000029DFE844060_0;
    %assign/vec4 v0000029DFE846360_0, 0;
T_77.3 ;
T_77.1 ;
    %jmp T_77;
    .thread T_77;
    .scope S_0000029DFE849C70;
T_78 ;
    %wait E_0000029DFE7A9F60;
    %load/vec4 v0000029DFE845960_0;
    %load/vec4 v0000029DFE844E20_0;
    %parti/s 16, 12, 5;
    %add;
    %store/vec4 v0000029DFE846040_0, 0, 16;
    %jmp T_78;
    .thread T_78, $push;
    .scope S_0000029DFE849AE0;
T_79 ;
    %wait E_0000029DFE7A6960;
    %load/vec4 v0000029DFE845A00_0;
    %flag_set/vec4 8;
    %jmp/0xz  T_79.0, 8;
    %pushi/vec4 0, 0, 16;
    %assign/vec4 v0000029DFE845BE0_0, 0;
    %pushi/vec4 0, 0, 16;
    %assign/vec4 v0000029DFE8447E0_0, 0;
    %pushi/vec4 0, 0, 16;
    %assign/vec4 v0000029DFE843FC0_0, 0;
    %pushi/vec4 0, 0, 16;
    %assign/vec4 v0000029DFE846400_0, 0;
    %jmp T_79.1;
T_79.0 ;
    %load/vec4 v0000029DFE845140_0;
    %flag_set/vec4 8;
    %jmp/0xz  T_79.2, 8;
    %load/vec4 v0000029DFE845DC0_0;
    %assign/vec4 v0000029DFE845BE0_0, 0;
    %load/vec4 v0000029DFE845DC0_0;
    %assign/vec4 v0000029DFE8447E0_0, 0;
    %pushi/vec4 0, 0, 16;
    %assign/vec4 v0000029DFE843FC0_0, 0;
    %pushi/vec4 0, 0, 16;
    %assign/vec4 v0000029DFE846400_0, 0;
    %jmp T_79.3;
T_79.2 ;
    %load/vec4 v0000029DFE843F20_0;
    %assign/vec4 v0000029DFE843FC0_0, 0;
    %load/vec4 v0000029DFE845780_0;
    %assign/vec4 v0000029DFE846400_0, 0;
T_79.3 ;
T_79.1 ;
    %jmp T_79;
    .thread T_79;
    .scope S_0000029DFE856600;
T_80 ;
    %wait E_0000029DFE7A9720;
    %load/vec4 v0000029DFE844420_0;
    %load/vec4 v0000029DFE848980_0;
    %parti/s 16, 12, 5;
    %add;
    %store/vec4 v0000029DFE8449C0_0, 0, 16;
    %jmp T_80;
    .thread T_80, $push;
    .scope S_0000029DFE84A2B0;
T_81 ;
    %wait E_0000029DFE7A6960;
    %load/vec4 v0000029DFE8474E0_0;
    %flag_set/vec4 8;
    %jmp/0xz  T_81.0, 8;
    %pushi/vec4 0, 0, 16;
    %assign/vec4 v0000029DFE846C20_0, 0;
    %pushi/vec4 0, 0, 16;
    %assign/vec4 v0000029DFE847760_0, 0;
    %pushi/vec4 0, 0, 16;
    %assign/vec4 v0000029DFE847940_0, 0;
    %pushi/vec4 0, 0, 16;
    %assign/vec4 v0000029DFE8482A0_0, 0;
    %jmp T_81.1;
T_81.0 ;
    %load/vec4 v0000029DFE847E40_0;
    %flag_set/vec4 8;
    %jmp/0xz  T_81.2, 8;
    %load/vec4 v0000029DFE847F80_0;
    %assign/vec4 v0000029DFE846C20_0, 0;
    %load/vec4 v0000029DFE847F80_0;
    %assign/vec4 v0000029DFE847760_0, 0;
    %pushi/vec4 0, 0, 16;
    %assign/vec4 v0000029DFE847940_0, 0;
    %pushi/vec4 0, 0, 16;
    %assign/vec4 v0000029DFE8482A0_0, 0;
    %jmp T_81.3;
T_81.2 ;
    %load/vec4 v0000029DFE848A20_0;
    %assign/vec4 v0000029DFE847940_0, 0;
    %load/vec4 v0000029DFE847300_0;
    %assign/vec4 v0000029DFE8482A0_0, 0;
T_81.3 ;
T_81.1 ;
    %jmp T_81;
    .thread T_81;
    .scope S_0000029DFE856790;
T_82 ;
    %wait E_0000029DFE7A98E0;
    %load/vec4 v0000029DFE848480_0;
    %load/vec4 v0000029DFE846D60_0;
    %parti/s 16, 12, 5;
    %add;
    %store/vec4 v0000029DFE848160_0, 0, 16;
    %jmp T_82;
    .thread T_82, $push;
    .scope S_0000029DFE8557F0;
T_83 ;
    %wait E_0000029DFE7A6960;
    %load/vec4 v0000029DFE8469A0_0;
    %flag_set/vec4 8;
    %jmp/0xz  T_83.0, 8;
    %pushi/vec4 0, 0, 16;
    %assign/vec4 v0000029DFE846A40_0, 0;
    %pushi/vec4 0, 0, 16;
    %assign/vec4 v0000029DFE848200_0, 0;
    %pushi/vec4 0, 0, 16;
    %assign/vec4 v0000029DFE847580_0, 0;
    %pushi/vec4 0, 0, 16;
    %assign/vec4 v0000029DFE846680_0, 0;
    %jmp T_83.1;
T_83.0 ;
    %load/vec4 v0000029DFE847D00_0;
    %flag_set/vec4 8;
    %jmp/0xz  T_83.2, 8;
    %load/vec4 v0000029DFE846AE0_0;
    %assign/vec4 v0000029DFE846A40_0, 0;
    %load/vec4 v0000029DFE846AE0_0;
    %assign/vec4 v0000029DFE848200_0, 0;
    %pushi/vec4 0, 0, 16;
    %assign/vec4 v0000029DFE847580_0, 0;
    %pushi/vec4 0, 0, 16;
    %assign/vec4 v0000029DFE846680_0, 0;
    %jmp T_83.3;
T_83.2 ;
    %load/vec4 v0000029DFE846900_0;
    %assign/vec4 v0000029DFE847580_0, 0;
    %load/vec4 v0000029DFE848AC0_0;
    %assign/vec4 v0000029DFE846680_0, 0;
T_83.3 ;
T_83.1 ;
    %jmp T_83;
    .thread T_83;
    .scope S_0000029DFE855FC0;
T_84 ;
    %wait E_0000029DFE7A95A0;
    %load/vec4 v0000029DFE8476C0_0;
    %load/vec4 v0000029DFE846B80_0;
    %parti/s 16, 12, 5;
    %add;
    %store/vec4 v0000029DFE846860_0, 0, 16;
    %jmp T_84;
    .thread T_84, $push;
    .scope S_0000029DFE856DD0;
T_85 ;
    %wait E_0000029DFE7A6960;
    %load/vec4 v0000029DFE848020_0;
    %flag_set/vec4 8;
    %jmp/0xz  T_85.0, 8;
    %pushi/vec4 0, 0, 16;
    %assign/vec4 v0000029DFE846FE0_0, 0;
    %pushi/vec4 0, 0, 16;
    %assign/vec4 v0000029DFE847080_0, 0;
    %pushi/vec4 0, 0, 16;
    %assign/vec4 v0000029DFE8464A0_0, 0;
    %pushi/vec4 0, 0, 16;
    %assign/vec4 v0000029DFE847EE0_0, 0;
    %jmp T_85.1;
T_85.0 ;
    %load/vec4 v0000029DFE848B60_0;
    %flag_set/vec4 8;
    %jmp/0xz  T_85.2, 8;
    %load/vec4 v0000029DFE847620_0;
    %assign/vec4 v0000029DFE846FE0_0, 0;
    %load/vec4 v0000029DFE847620_0;
    %assign/vec4 v0000029DFE847080_0, 0;
    %pushi/vec4 0, 0, 16;
    %assign/vec4 v0000029DFE8464A0_0, 0;
    %pushi/vec4 0, 0, 16;
    %assign/vec4 v0000029DFE847EE0_0, 0;
    %jmp T_85.3;
T_85.2 ;
    %load/vec4 v0000029DFE847800_0;
    %assign/vec4 v0000029DFE8464A0_0, 0;
    %load/vec4 v0000029DFE846F40_0;
    %assign/vec4 v0000029DFE847EE0_0, 0;
T_85.3 ;
T_85.1 ;
    %jmp T_85;
    .thread T_85;
    .scope S_0000029DFE857280;
T_86 ;
    %wait E_0000029DFE7A9160;
    %load/vec4 v0000029DFE8467C0_0;
    %load/vec4 v0000029DFE8483E0_0;
    %parti/s 16, 12, 5;
    %add;
    %store/vec4 v0000029DFE8478A0_0, 0, 16;
    %jmp T_86;
    .thread T_86, $push;
    .scope S_0000029DFE8570F0;
T_87 ;
    %wait E_0000029DFE7A6960;
    %load/vec4 v0000029DFE8491A0_0;
    %flag_set/vec4 8;
    %jmp/0xz  T_87.0, 8;
    %pushi/vec4 0, 0, 16;
    %assign/vec4 v0000029DFE848CA0_0, 0;
    %pushi/vec4 0, 0, 16;
    %assign/vec4 v0000029DFE849060_0, 0;
    %pushi/vec4 0, 0, 16;
    %assign/vec4 v0000029DFE848C00_0, 0;
    %pushi/vec4 0, 0, 16;
    %assign/vec4 v0000029DFE8487A0_0, 0;
    %jmp T_87.1;
T_87.0 ;
    %load/vec4 v0000029DFE846540_0;
    %flag_set/vec4 8;
    %jmp/0xz  T_87.2, 8;
    %load/vec4 v0000029DFE848D40_0;
    %assign/vec4 v0000029DFE848CA0_0, 0;
    %load/vec4 v0000029DFE848D40_0;
    %assign/vec4 v0000029DFE849060_0, 0;
    %pushi/vec4 0, 0, 16;
    %assign/vec4 v0000029DFE848C00_0, 0;
    %pushi/vec4 0, 0, 16;
    %assign/vec4 v0000029DFE8487A0_0, 0;
    %jmp T_87.3;
T_87.2 ;
    %load/vec4 v0000029DFE8488E0_0;
    %assign/vec4 v0000029DFE848C00_0, 0;
    %load/vec4 v0000029DFE846720_0;
    %assign/vec4 v0000029DFE8487A0_0, 0;
T_87.3 ;
T_87.1 ;
    %jmp T_87;
    .thread T_87;
    .scope S_0000029DFE856920;
T_88 ;
    %wait E_0000029DFE7A9AE0;
    %load/vec4 v0000029DFE849100_0;
    %load/vec4 v0000029DFE848E80_0;
    %parti/s 16, 12, 5;
    %add;
    %store/vec4 v0000029DFE849240_0, 0, 16;
    %jmp T_88;
    .thread T_88, $push;
    .scope S_0000029DFE8562E0;
T_89 ;
    %wait E_0000029DFE7A6960;
    %load/vec4 v0000029DFE858170_0;
    %flag_set/vec4 8;
    %jmp/0xz  T_89.0, 8;
    %pushi/vec4 0, 0, 16;
    %assign/vec4 v0000029DFE8585D0_0, 0;
    %pushi/vec4 0, 0, 16;
    %assign/vec4 v0000029DFE857EF0_0, 0;
    %pushi/vec4 0, 0, 16;
    %assign/vec4 v0000029DFE858A30_0, 0;
    %pushi/vec4 0, 0, 16;
    %assign/vec4 v0000029DFE857BD0_0, 0;
    %jmp T_89.1;
T_89.0 ;
    %load/vec4 v0000029DFE857A90_0;
    %flag_set/vec4 8;
    %jmp/0xz  T_89.2, 8;
    %load/vec4 v0000029DFE857590_0;
    %assign/vec4 v0000029DFE8585D0_0, 0;
    %load/vec4 v0000029DFE857590_0;
    %assign/vec4 v0000029DFE857EF0_0, 0;
    %pushi/vec4 0, 0, 16;
    %assign/vec4 v0000029DFE858A30_0, 0;
    %pushi/vec4 0, 0, 16;
    %assign/vec4 v0000029DFE857BD0_0, 0;
    %jmp T_89.3;
T_89.2 ;
    %load/vec4 v0000029DFE8583F0_0;
    %assign/vec4 v0000029DFE858A30_0, 0;
    %load/vec4 v0000029DFE859070_0;
    %assign/vec4 v0000029DFE857BD0_0, 0;
T_89.3 ;
T_89.1 ;
    %jmp T_89;
    .thread T_89;
    .scope S_0000029DFE855980;
T_90 ;
    %wait E_0000029DFE7A96A0;
    %load/vec4 v0000029DFE8582B0_0;
    %load/vec4 v0000029DFE8587B0_0;
    %parti/s 16, 12, 5;
    %add;
    %store/vec4 v0000029DFE859390_0, 0, 16;
    %jmp T_90;
    .thread T_90, $push;
    .scope S_0000029DFE855660;
T_91 ;
    %wait E_0000029DFE7A6960;
    %load/vec4 v0000029DFE858F30_0;
    %flag_set/vec4 8;
    %jmp/0xz  T_91.0, 8;
    %pushi/vec4 0, 0, 16;
    %assign/vec4 v0000029DFE858990_0, 0;
    %pushi/vec4 0, 0, 16;
    %assign/vec4 v0000029DFE858850_0, 0;
    %pushi/vec4 0, 0, 16;
    %assign/vec4 v0000029DFE857DB0_0, 0;
    %pushi/vec4 0, 0, 16;
    %assign/vec4 v0000029DFE858B70_0, 0;
    %jmp T_91.1;
T_91.0 ;
    %load/vec4 v0000029DFE857B30_0;
    %flag_set/vec4 8;
    %jmp/0xz  T_91.2, 8;
    %load/vec4 v0000029DFE8579F0_0;
    %assign/vec4 v0000029DFE858990_0, 0;
    %load/vec4 v0000029DFE8579F0_0;
    %assign/vec4 v0000029DFE858850_0, 0;
    %pushi/vec4 0, 0, 16;
    %assign/vec4 v0000029DFE857DB0_0, 0;
    %pushi/vec4 0, 0, 16;
    %assign/vec4 v0000029DFE858B70_0, 0;
    %jmp T_91.3;
T_91.2 ;
    %load/vec4 v0000029DFE8594D0_0;
    %assign/vec4 v0000029DFE857DB0_0, 0;
    %load/vec4 v0000029DFE857F90_0;
    %assign/vec4 v0000029DFE858B70_0, 0;
T_91.3 ;
T_91.1 ;
    %jmp T_91;
    .thread T_91;
    .scope S_0000029DFE855E30;
T_92 ;
    %wait E_0000029DFE7A9CE0;
    %load/vec4 v0000029DFE8592F0_0;
    %load/vec4 v0000029DFE8596B0_0;
    %parti/s 16, 12, 5;
    %add;
    %store/vec4 v0000029DFE8574F0_0, 0, 16;
    %jmp T_92;
    .thread T_92, $push;
    .scope S_0000029DFE855CA0;
T_93 ;
    %wait E_0000029DFE7A6960;
    %load/vec4 v0000029DFE859750_0;
    %flag_set/vec4 8;
    %jmp/0xz  T_93.0, 8;
    %pushi/vec4 0, 0, 16;
    %assign/vec4 v0000029DFE8597F0_0, 0;
    %pushi/vec4 0, 0, 16;
    %assign/vec4 v0000029DFE858710_0, 0;
    %pushi/vec4 0, 0, 16;
    %assign/vec4 v0000029DFE858670_0, 0;
    %pushi/vec4 0, 0, 16;
    %assign/vec4 v0000029DFE8591B0_0, 0;
    %jmp T_93.1;
T_93.0 ;
    %load/vec4 v0000029DFE858530_0;
    %flag_set/vec4 8;
    %jmp/0xz  T_93.2, 8;
    %load/vec4 v0000029DFE859930_0;
    %assign/vec4 v0000029DFE8597F0_0, 0;
    %load/vec4 v0000029DFE859930_0;
    %assign/vec4 v0000029DFE858710_0, 0;
    %pushi/vec4 0, 0, 16;
    %assign/vec4 v0000029DFE858670_0, 0;
    %pushi/vec4 0, 0, 16;
    %assign/vec4 v0000029DFE8591B0_0, 0;
    %jmp T_93.3;
T_93.2 ;
    %load/vec4 v0000029DFE859430_0;
    %assign/vec4 v0000029DFE858670_0, 0;
    %load/vec4 v0000029DFE859890_0;
    %assign/vec4 v0000029DFE8591B0_0, 0;
T_93.3 ;
T_93.1 ;
    %jmp T_93;
    .thread T_93;
    .scope S_0000029DFE85F810;
T_94 ;
    %wait E_0000029DFE7A9BE0;
    %load/vec4 v0000029DFE8580D0_0;
    %load/vec4 v0000029DFE857630_0;
    %parti/s 16, 12, 5;
    %add;
    %store/vec4 v0000029DFE858D50_0, 0, 16;
    %jmp T_94;
    .thread T_94, $push;
    .scope S_0000029DFE860AD0;
T_95 ;
    %wait E_0000029DFE7A6960;
    %load/vec4 v0000029DFE859C50_0;
    %flag_set/vec4 8;
    %jmp/0xz  T_95.0, 8;
    %pushi/vec4 0, 0, 16;
    %assign/vec4 v0000029DFE8576D0_0, 0;
    %pushi/vec4 0, 0, 16;
    %assign/vec4 v0000029DFE8578B0_0, 0;
    %pushi/vec4 0, 0, 16;
    %assign/vec4 v0000029DFE859B10_0, 0;
    %pushi/vec4 0, 0, 16;
    %assign/vec4 v0000029DFE857C70_0, 0;
    %jmp T_95.1;
T_95.0 ;
    %load/vec4 v0000029DFE858E90_0;
    %flag_set/vec4 8;
    %jmp/0xz  T_95.2, 8;
    %load/vec4 v0000029DFE857810_0;
    %assign/vec4 v0000029DFE8576D0_0, 0;
    %load/vec4 v0000029DFE857810_0;
    %assign/vec4 v0000029DFE8578B0_0, 0;
    %pushi/vec4 0, 0, 16;
    %assign/vec4 v0000029DFE859B10_0, 0;
    %pushi/vec4 0, 0, 16;
    %assign/vec4 v0000029DFE857C70_0, 0;
    %jmp T_95.3;
T_95.2 ;
    %load/vec4 v0000029DFE858DF0_0;
    %assign/vec4 v0000029DFE859B10_0, 0;
    %load/vec4 v0000029DFE859BB0_0;
    %assign/vec4 v0000029DFE857C70_0, 0;
T_95.3 ;
T_95.1 ;
    %jmp T_95;
    .thread T_95;
    .scope S_0000029DFE85FB30;
T_96 ;
    %wait E_0000029DFE7A9C20;
    %load/vec4 v0000029DFE85AD30_0;
    %load/vec4 v0000029DFE85B370_0;
    %parti/s 16, 12, 5;
    %add;
    %store/vec4 v0000029DFE85A150_0, 0, 16;
    %jmp T_96;
    .thread T_96, $push;
    .scope S_0000029DFE860490;
T_97 ;
    %wait E_0000029DFE7A6960;
    %load/vec4 v0000029DFE85B550_0;
    %flag_set/vec4 8;
    %jmp/0xz  T_97.0, 8;
    %pushi/vec4 0, 0, 16;
    %assign/vec4 v0000029DFE85BAF0_0, 0;
    %pushi/vec4 0, 0, 16;
    %assign/vec4 v0000029DFE85AF10_0, 0;
    %pushi/vec4 0, 0, 16;
    %assign/vec4 v0000029DFE85BF50_0, 0;
    %pushi/vec4 0, 0, 16;
    %assign/vec4 v0000029DFE85BD70_0, 0;
    %jmp T_97.1;
T_97.0 ;
    %load/vec4 v0000029DFE85AAB0_0;
    %flag_set/vec4 8;
    %jmp/0xz  T_97.2, 8;
    %load/vec4 v0000029DFE85A6F0_0;
    %assign/vec4 v0000029DFE85BAF0_0, 0;
    %load/vec4 v0000029DFE85A6F0_0;
    %assign/vec4 v0000029DFE85AF10_0, 0;
    %pushi/vec4 0, 0, 16;
    %assign/vec4 v0000029DFE85BF50_0, 0;
    %pushi/vec4 0, 0, 16;
    %assign/vec4 v0000029DFE85BD70_0, 0;
    %jmp T_97.3;
T_97.2 ;
    %load/vec4 v0000029DFE85B410_0;
    %assign/vec4 v0000029DFE85BF50_0, 0;
    %load/vec4 v0000029DFE85B4B0_0;
    %assign/vec4 v0000029DFE85BD70_0, 0;
T_97.3 ;
T_97.1 ;
    %jmp T_97;
    .thread T_97;
    .scope S_0000029DFE85FE50;
T_98 ;
    %wait E_0000029DFE7A9820;
    %load/vec4 v0000029DFE85B5F0_0;
    %load/vec4 v0000029DFE85A8D0_0;
    %parti/s 16, 12, 5;
    %add;
    %store/vec4 v0000029DFE85AFB0_0, 0, 16;
    %jmp T_98;
    .thread T_98, $push;
    .scope S_0000029DFE860300;
T_99 ;
    %wait E_0000029DFE7A6960;
    %load/vec4 v0000029DFE859ED0_0;
    %flag_set/vec4 8;
    %jmp/0xz  T_99.0, 8;
    %pushi/vec4 0, 0, 16;
    %assign/vec4 v0000029DFE859CF0_0, 0;
    %pushi/vec4 0, 0, 16;
    %assign/vec4 v0000029DFE85BEB0_0, 0;
    %pushi/vec4 0, 0, 16;
    %assign/vec4 v0000029DFE85B730_0, 0;
    %pushi/vec4 0, 0, 16;
    %assign/vec4 v0000029DFE85AC90_0, 0;
    %jmp T_99.1;
T_99.0 ;
    %load/vec4 v0000029DFE85A470_0;
    %flag_set/vec4 8;
    %jmp/0xz  T_99.2, 8;
    %load/vec4 v0000029DFE85A3D0_0;
    %assign/vec4 v0000029DFE859CF0_0, 0;
    %load/vec4 v0000029DFE85A3D0_0;
    %assign/vec4 v0000029DFE85BEB0_0, 0;
    %pushi/vec4 0, 0, 16;
    %assign/vec4 v0000029DFE85B730_0, 0;
    %pushi/vec4 0, 0, 16;
    %assign/vec4 v0000029DFE85AC90_0, 0;
    %jmp T_99.3;
T_99.2 ;
    %load/vec4 v0000029DFE85B7D0_0;
    %assign/vec4 v0000029DFE85B730_0, 0;
    %load/vec4 v0000029DFE85BB90_0;
    %assign/vec4 v0000029DFE85AC90_0, 0;
T_99.3 ;
T_99.1 ;
    %jmp T_99;
    .thread T_99;
    .scope S_0000029DFE85FFE0;
T_100 ;
    %wait E_0000029DFE7A9A20;
    %load/vec4 v0000029DFE85AB50_0;
    %load/vec4 v0000029DFE859F70_0;
    %parti/s 16, 12, 5;
    %add;
    %store/vec4 v0000029DFE85C1D0_0, 0, 16;
    %jmp T_100;
    .thread T_100, $push;
    .scope S_0000029DFE860F80;
T_101 ;
    %wait E_0000029DFE7A6960;
    %load/vec4 v0000029DFE85B910_0;
    %flag_set/vec4 8;
    %jmp/0xz  T_101.0, 8;
    %pushi/vec4 0, 0, 16;
    %assign/vec4 v0000029DFE85B690_0, 0;
    %pushi/vec4 0, 0, 16;
    %assign/vec4 v0000029DFE85BA50_0, 0;
    %pushi/vec4 0, 0, 16;
    %assign/vec4 v0000029DFE85A790_0, 0;
    %pushi/vec4 0, 0, 16;
    %assign/vec4 v0000029DFE85A5B0_0, 0;
    %jmp T_101.1;
T_101.0 ;
    %load/vec4 v0000029DFE85A830_0;
    %flag_set/vec4 8;
    %jmp/0xz  T_101.2, 8;
    %load/vec4 v0000029DFE85B9B0_0;
    %assign/vec4 v0000029DFE85B690_0, 0;
    %load/vec4 v0000029DFE85B9B0_0;
    %assign/vec4 v0000029DFE85BA50_0, 0;
    %pushi/vec4 0, 0, 16;
    %assign/vec4 v0000029DFE85A790_0, 0;
    %pushi/vec4 0, 0, 16;
    %assign/vec4 v0000029DFE85A5B0_0, 0;
    %jmp T_101.3;
T_101.2 ;
    %load/vec4 v0000029DFE85B870_0;
    %assign/vec4 v0000029DFE85A790_0, 0;
    %load/vec4 v0000029DFE85A970_0;
    %assign/vec4 v0000029DFE85A5B0_0, 0;
T_101.3 ;
T_101.1 ;
    %jmp T_101;
    .thread T_101;
    .scope S_0000029DFE85F4F0;
T_102 ;
    %wait E_0000029DFE7A9120;
    %load/vec4 v0000029DFE85BCD0_0;
    %load/vec4 v0000029DFE85C3B0_0;
    %parti/s 16, 12, 5;
    %add;
    %store/vec4 v0000029DFE85C310_0, 0, 16;
    %jmp T_102;
    .thread T_102, $push;
    .scope S_0000029DFE8607B0;
T_103 ;
    %wait E_0000029DFE7A6960;
    %load/vec4 v0000029DFE85D170_0;
    %flag_set/vec4 8;
    %jmp/0xz  T_103.0, 8;
    %pushi/vec4 0, 0, 16;
    %assign/vec4 v0000029DFE85D5D0_0, 0;
    %pushi/vec4 0, 0, 16;
    %assign/vec4 v0000029DFE85CEF0_0, 0;
    %pushi/vec4 0, 0, 16;
    %assign/vec4 v0000029DFE85DA30_0, 0;
    %pushi/vec4 0, 0, 16;
    %assign/vec4 v0000029DFE85A0B0_0, 0;
    %jmp T_103.1;
T_103.0 ;
    %load/vec4 v0000029DFE85CA90_0;
    %flag_set/vec4 8;
    %jmp/0xz  T_103.2, 8;
    %load/vec4 v0000029DFE85C590_0;
    %assign/vec4 v0000029DFE85D5D0_0, 0;
    %load/vec4 v0000029DFE85C590_0;
    %assign/vec4 v0000029DFE85CEF0_0, 0;
    %pushi/vec4 0, 0, 16;
    %assign/vec4 v0000029DFE85DA30_0, 0;
    %pushi/vec4 0, 0, 16;
    %assign/vec4 v0000029DFE85A0B0_0, 0;
    %jmp T_103.3;
T_103.2 ;
    %load/vec4 v0000029DFE85D3F0_0;
    %assign/vec4 v0000029DFE85DA30_0, 0;
    %load/vec4 v0000029DFE85E070_0;
    %assign/vec4 v0000029DFE85A0B0_0, 0;
T_103.3 ;
T_103.1 ;
    %jmp T_103;
    .thread T_103;
    .scope S_0000029DFE8612A0;
T_104 ;
    %wait E_0000029DFE7A9B60;
    %load/vec4 v0000029DFE85CE50_0;
    %load/vec4 v0000029DFE85D030_0;
    %parti/s 16, 12, 5;
    %add;
    %store/vec4 v0000029DFE85C630_0, 0, 16;
    %jmp T_104;
    .thread T_104, $push;
    .scope S_0000029DFE85FCC0;
T_105 ;
    %wait E_0000029DFE7A6960;
    %load/vec4 v0000029DFE85E930_0;
    %flag_set/vec4 8;
    %jmp/0xz  T_105.0, 8;
    %pushi/vec4 0, 0, 16;
    %assign/vec4 v0000029DFE85E1B0_0, 0;
    %pushi/vec4 0, 0, 16;
    %assign/vec4 v0000029DFE85D210_0, 0;
    %pushi/vec4 0, 0, 16;
    %assign/vec4 v0000029DFE85D490_0, 0;
    %pushi/vec4 0, 0, 16;
    %assign/vec4 v0000029DFE85D530_0, 0;
    %jmp T_105.1;
T_105.0 ;
    %load/vec4 v0000029DFE85C6D0_0;
    %flag_set/vec4 8;
    %jmp/0xz  T_105.2, 8;
    %load/vec4 v0000029DFE85DB70_0;
    %assign/vec4 v0000029DFE85E1B0_0, 0;
    %load/vec4 v0000029DFE85DB70_0;
    %assign/vec4 v0000029DFE85D210_0, 0;
    %pushi/vec4 0, 0, 16;
    %assign/vec4 v0000029DFE85D490_0, 0;
    %pushi/vec4 0, 0, 16;
    %assign/vec4 v0000029DFE85D530_0, 0;
    %jmp T_105.3;
T_105.2 ;
    %load/vec4 v0000029DFE85D0D0_0;
    %assign/vec4 v0000029DFE85D490_0, 0;
    %load/vec4 v0000029DFE85D850_0;
    %assign/vec4 v0000029DFE85D530_0, 0;
T_105.3 ;
T_105.1 ;
    %jmp T_105;
    .thread T_105;
    .scope S_0000029DFE864A20;
T_106 ;
    %wait E_0000029DFE7A9EE0;
    %load/vec4 v0000029DFE85D710_0;
    %load/vec4 v0000029DFE85D8F0_0;
    %parti/s 16, 12, 5;
    %add;
    %store/vec4 v0000029DFE85D7B0_0, 0, 16;
    %jmp T_106;
    .thread T_106, $push;
    .scope S_0000029DFE85F9A0;
T_107 ;
    %wait E_0000029DFE7A6960;
    %load/vec4 v0000029DFE85E430_0;
    %flag_set/vec4 8;
    %jmp/0xz  T_107.0, 8;
    %pushi/vec4 0, 0, 16;
    %assign/vec4 v0000029DFE85CBD0_0, 0;
    %pushi/vec4 0, 0, 16;
    %assign/vec4 v0000029DFE85E890_0, 0;
    %pushi/vec4 0, 0, 16;
    %assign/vec4 v0000029DFE85E390_0, 0;
    %pushi/vec4 0, 0, 16;
    %assign/vec4 v0000029DFE85E2F0_0, 0;
    %jmp T_107.1;
T_107.0 ;
    %load/vec4 v0000029DFE85DAD0_0;
    %flag_set/vec4 8;
    %jmp/0xz  T_107.2, 8;
    %load/vec4 v0000029DFE85DCB0_0;
    %assign/vec4 v0000029DFE85CBD0_0, 0;
    %load/vec4 v0000029DFE85DCB0_0;
    %assign/vec4 v0000029DFE85E890_0, 0;
    %pushi/vec4 0, 0, 16;
    %assign/vec4 v0000029DFE85E390_0, 0;
    %pushi/vec4 0, 0, 16;
    %assign/vec4 v0000029DFE85E2F0_0, 0;
    %jmp T_107.3;
T_107.2 ;
    %load/vec4 v0000029DFE85C9F0_0;
    %assign/vec4 v0000029DFE85E390_0, 0;
    %load/vec4 v0000029DFE85DC10_0;
    %assign/vec4 v0000029DFE85E2F0_0, 0;
T_107.3 ;
T_107.1 ;
    %jmp T_107;
    .thread T_107;
    .scope S_0000029DFE864D40;
T_108 ;
    %wait E_0000029DFE7A9FA0;
    %load/vec4 v0000029DFE85DDF0_0;
    %load/vec4 v0000029DFE85E610_0;
    %parti/s 16, 12, 5;
    %add;
    %store/vec4 v0000029DFE85E4D0_0, 0, 16;
    %jmp T_108;
    .thread T_108, $push;
    .scope S_0000029DFE864BB0;
T_109 ;
    %wait E_0000029DFE7A6960;
    %load/vec4 v0000029DFE85EC50_0;
    %flag_set/vec4 8;
    %jmp/0xz  T_109.0, 8;
    %pushi/vec4 0, 0, 16;
    %assign/vec4 v0000029DFE85C770_0, 0;
    %pushi/vec4 0, 0, 16;
    %assign/vec4 v0000029DFE85C8B0_0, 0;
    %pushi/vec4 0, 0, 16;
    %assign/vec4 v0000029DFE85EA70_0, 0;
    %pushi/vec4 0, 0, 16;
    %assign/vec4 v0000029DFE85E7F0_0, 0;
    %jmp T_109.1;
T_109.0 ;
    %load/vec4 v0000029DFE85EB10_0;
    %flag_set/vec4 8;
    %jmp/0xz  T_109.2, 8;
    %load/vec4 v0000029DFE85C810_0;
    %assign/vec4 v0000029DFE85C770_0, 0;
    %load/vec4 v0000029DFE85C810_0;
    %assign/vec4 v0000029DFE85C8B0_0, 0;
    %pushi/vec4 0, 0, 16;
    %assign/vec4 v0000029DFE85EA70_0, 0;
    %pushi/vec4 0, 0, 16;
    %assign/vec4 v0000029DFE85E7F0_0, 0;
    %jmp T_109.3;
T_109.2 ;
    %load/vec4 v0000029DFE85C4F0_0;
    %assign/vec4 v0000029DFE85EA70_0, 0;
    %load/vec4 v0000029DFE85EBB0_0;
    %assign/vec4 v0000029DFE85E7F0_0, 0;
T_109.3 ;
T_109.1 ;
    %jmp T_109;
    .thread T_109;
    .scope S_0000029DFE865060;
T_110 ;
    %wait E_0000029DFE7A9060;
    %load/vec4 v0000029DFE85ECF0_0;
    %load/vec4 v0000029DFE85F0B0_0;
    %parti/s 16, 12, 5;
    %add;
    %store/vec4 v0000029DFE85F3D0_0, 0, 16;
    %jmp T_110;
    .thread T_110, $push;
    .scope S_0000029DFE864ED0;
T_111 ;
    %wait E_0000029DFE7A6960;
    %load/vec4 v0000029DFE86B880_0;
    %flag_set/vec4 8;
    %jmp/0xz  T_111.0, 8;
    %pushi/vec4 0, 0, 16;
    %assign/vec4 v0000029DFE86CB40_0, 0;
    %pushi/vec4 0, 0, 16;
    %assign/vec4 v0000029DFE86BCE0_0, 0;
    %pushi/vec4 0, 0, 16;
    %assign/vec4 v0000029DFE85EE30_0, 0;
    %pushi/vec4 0, 0, 16;
    %assign/vec4 v0000029DFE85EED0_0, 0;
    %jmp T_111.1;
T_111.0 ;
    %load/vec4 v0000029DFE85F010_0;
    %flag_set/vec4 8;
    %jmp/0xz  T_111.2, 8;
    %load/vec4 v0000029DFE86BA60_0;
    %assign/vec4 v0000029DFE86CB40_0, 0;
    %load/vec4 v0000029DFE86BA60_0;
    %assign/vec4 v0000029DFE86BCE0_0, 0;
    %pushi/vec4 0, 0, 16;
    %assign/vec4 v0000029DFE85EE30_0, 0;
    %pushi/vec4 0, 0, 16;
    %assign/vec4 v0000029DFE85EED0_0, 0;
    %jmp T_111.3;
T_111.2 ;
    %load/vec4 v0000029DFE85ED90_0;
    %assign/vec4 v0000029DFE85EE30_0, 0;
    %load/vec4 v0000029DFE86A980_0;
    %assign/vec4 v0000029DFE85EED0_0, 0;
T_111.3 ;
T_111.1 ;
    %jmp T_111;
    .thread T_111;
    .scope S_0000029DFE863DA0;
T_112 ;
    %wait E_0000029DFE7A91A0;
    %load/vec4 v0000029DFE86C6E0_0;
    %load/vec4 v0000029DFE86AD40_0;
    %parti/s 16, 12, 5;
    %add;
    %store/vec4 v0000029DFE86C820_0, 0, 16;
    %jmp T_112;
    .thread T_112, $push;
    .scope S_0000029DFE863440;
T_113 ;
    %wait E_0000029DFE7A6960;
    %load/vec4 v0000029DFE86ACA0_0;
    %flag_set/vec4 8;
    %jmp/0xz  T_113.0, 8;
    %pushi/vec4 0, 0, 16;
    %assign/vec4 v0000029DFE86B060_0, 0;
    %pushi/vec4 0, 0, 16;
    %assign/vec4 v0000029DFE86B4C0_0, 0;
    %pushi/vec4 0, 0, 16;
    %assign/vec4 v0000029DFE86C780_0, 0;
    %pushi/vec4 0, 0, 16;
    %assign/vec4 v0000029DFE86BBA0_0, 0;
    %jmp T_113.1;
T_113.0 ;
    %load/vec4 v0000029DFE86B380_0;
    %flag_set/vec4 8;
    %jmp/0xz  T_113.2, 8;
    %load/vec4 v0000029DFE86BB00_0;
    %assign/vec4 v0000029DFE86B060_0, 0;
    %load/vec4 v0000029DFE86BB00_0;
    %assign/vec4 v0000029DFE86B4C0_0, 0;
    %pushi/vec4 0, 0, 16;
    %assign/vec4 v0000029DFE86C780_0, 0;
    %pushi/vec4 0, 0, 16;
    %assign/vec4 v0000029DFE86BBA0_0, 0;
    %jmp T_113.3;
T_113.2 ;
    %load/vec4 v0000029DFE86BF60_0;
    %assign/vec4 v0000029DFE86C780_0, 0;
    %load/vec4 v0000029DFE86B600_0;
    %assign/vec4 v0000029DFE86BBA0_0, 0;
T_113.3 ;
T_113.1 ;
    %jmp T_113;
    .thread T_113;
    .scope S_0000029DFE8651F0;
T_114 ;
    %wait E_0000029DFE7A9220;
    %load/vec4 v0000029DFE86C8C0_0;
    %load/vec4 v0000029DFE86C3C0_0;
    %parti/s 16, 12, 5;
    %add;
    %store/vec4 v0000029DFE86AAC0_0, 0, 16;
    %jmp T_114;
    .thread T_114, $push;
    .scope S_0000029DFE8624A0;
T_115 ;
    %wait E_0000029DFE7A6960;
    %load/vec4 v0000029DFE86AC00_0;
    %flag_set/vec4 8;
    %jmp/0xz  T_115.0, 8;
    %pushi/vec4 0, 0, 16;
    %assign/vec4 v0000029DFE86C280_0, 0;
    %pushi/vec4 0, 0, 16;
    %assign/vec4 v0000029DFE86BC40_0, 0;
    %pushi/vec4 0, 0, 16;
    %assign/vec4 v0000029DFE86B920_0, 0;
    %pushi/vec4 0, 0, 16;
    %assign/vec4 v0000029DFE86A520_0, 0;
    %jmp T_115.1;
T_115.0 ;
    %load/vec4 v0000029DFE86CBE0_0;
    %flag_set/vec4 8;
    %jmp/0xz  T_115.2, 8;
    %load/vec4 v0000029DFE86C0A0_0;
    %assign/vec4 v0000029DFE86C280_0, 0;
    %load/vec4 v0000029DFE86C0A0_0;
    %assign/vec4 v0000029DFE86BC40_0, 0;
    %pushi/vec4 0, 0, 16;
    %assign/vec4 v0000029DFE86B920_0, 0;
    %pushi/vec4 0, 0, 16;
    %assign/vec4 v0000029DFE86A520_0, 0;
    %jmp T_115.3;
T_115.2 ;
    %load/vec4 v0000029DFE86B100_0;
    %assign/vec4 v0000029DFE86B920_0, 0;
    %load/vec4 v0000029DFE86AB60_0;
    %assign/vec4 v0000029DFE86A520_0, 0;
T_115.3 ;
T_115.1 ;
    %jmp T_115;
    .thread T_115;
    .scope S_0000029DFE861500;
T_116 ;
    %wait E_0000029DFE7A9320;
    %load/vec4 v0000029DFE86B2E0_0;
    %load/vec4 v0000029DFE86AF20_0;
    %parti/s 16, 12, 5;
    %add;
    %store/vec4 v0000029DFE86ADE0_0, 0, 16;
    %jmp T_116;
    .thread T_116, $push;
    .scope S_0000029DFE861690;
T_117 ;
    %wait E_0000029DFE7A6960;
    %load/vec4 v0000029DFE86A5C0_0;
    %flag_set/vec4 8;
    %jmp/0xz  T_117.0, 8;
    %pushi/vec4 0, 0, 16;
    %assign/vec4 v0000029DFE86C460_0, 0;
    %pushi/vec4 0, 0, 16;
    %assign/vec4 v0000029DFE86C640_0, 0;
    %pushi/vec4 0, 0, 16;
    %assign/vec4 v0000029DFE86BEC0_0, 0;
    %pushi/vec4 0, 0, 16;
    %assign/vec4 v0000029DFE86C140_0, 0;
    %jmp T_117.1;
T_117.0 ;
    %load/vec4 v0000029DFE86A7A0_0;
    %flag_set/vec4 8;
    %jmp/0xz  T_117.2, 8;
    %load/vec4 v0000029DFE86C500_0;
    %assign/vec4 v0000029DFE86C460_0, 0;
    %load/vec4 v0000029DFE86C500_0;
    %assign/vec4 v0000029DFE86C640_0, 0;
    %pushi/vec4 0, 0, 16;
    %assign/vec4 v0000029DFE86BEC0_0, 0;
    %pushi/vec4 0, 0, 16;
    %assign/vec4 v0000029DFE86C140_0, 0;
    %jmp T_117.3;
T_117.2 ;
    %load/vec4 v0000029DFE86BE20_0;
    %assign/vec4 v0000029DFE86BEC0_0, 0;
    %load/vec4 v0000029DFE86C1E0_0;
    %assign/vec4 v0000029DFE86C140_0, 0;
T_117.3 ;
T_117.1 ;
    %jmp T_117;
    .thread T_117;
    .scope S_0000029DFE862630;
T_118 ;
    %wait E_0000029DFE7AA3A0;
    %load/vec4 v0000029DFE86CAA0_0;
    %load/vec4 v0000029DFE86D040_0;
    %parti/s 16, 12, 5;
    %add;
    %store/vec4 v0000029DFE86A660_0, 0, 16;
    %jmp T_118;
    .thread T_118, $push;
    .scope S_0000029DFE862F90;
T_119 ;
    %wait E_0000029DFE7A6960;
    %load/vec4 v0000029DFE86D220_0;
    %flag_set/vec4 8;
    %jmp/0xz  T_119.0, 8;
    %pushi/vec4 0, 0, 16;
    %assign/vec4 v0000029DFE86CD20_0, 0;
    %pushi/vec4 0, 0, 16;
    %assign/vec4 v0000029DFE866EC0_0, 0;
    %pushi/vec4 0, 0, 16;
    %assign/vec4 v0000029DFE86CFA0_0, 0;
    %pushi/vec4 0, 0, 16;
    %assign/vec4 v0000029DFE86D0E0_0, 0;
    %jmp T_119.1;
T_119.0 ;
    %load/vec4 v0000029DFE86D180_0;
    %flag_set/vec4 8;
    %jmp/0xz  T_119.2, 8;
    %load/vec4 v0000029DFE86CF00_0;
    %assign/vec4 v0000029DFE86CD20_0, 0;
    %load/vec4 v0000029DFE86CF00_0;
    %assign/vec4 v0000029DFE866EC0_0, 0;
    %pushi/vec4 0, 0, 16;
    %assign/vec4 v0000029DFE86CFA0_0, 0;
    %pushi/vec4 0, 0, 16;
    %assign/vec4 v0000029DFE86D0E0_0, 0;
    %jmp T_119.3;
T_119.2 ;
    %load/vec4 v0000029DFE86D2C0_0;
    %assign/vec4 v0000029DFE86CFA0_0, 0;
    %load/vec4 v0000029DFE86D360_0;
    %assign/vec4 v0000029DFE86D0E0_0, 0;
T_119.3 ;
T_119.1 ;
    %jmp T_119;
    .thread T_119;
    .scope S_0000029DFE8638F0;
T_120 ;
    %wait E_0000029DFE7AA9E0;
    %load/vec4 v0000029DFE866380_0;
    %load/vec4 v0000029DFE8658E0_0;
    %parti/s 16, 12, 5;
    %add;
    %store/vec4 v0000029DFE866CE0_0, 0, 16;
    %jmp T_120;
    .thread T_120, $push;
    .scope S_0000029DFE862C70;
T_121 ;
    %wait E_0000029DFE7A6960;
    %load/vec4 v0000029DFE865A20_0;
    %flag_set/vec4 8;
    %jmp/0xz  T_121.0, 8;
    %pushi/vec4 0, 0, 16;
    %assign/vec4 v0000029DFE865980_0, 0;
    %pushi/vec4 0, 0, 16;
    %assign/vec4 v0000029DFE866BA0_0, 0;
    %pushi/vec4 0, 0, 16;
    %assign/vec4 v0000029DFE867320_0, 0;
    %pushi/vec4 0, 0, 16;
    %assign/vec4 v0000029DFE865660_0, 0;
    %jmp T_121.1;
T_121.0 ;
    %load/vec4 v0000029DFE865520_0;
    %flag_set/vec4 8;
    %jmp/0xz  T_121.2, 8;
    %load/vec4 v0000029DFE8667E0_0;
    %assign/vec4 v0000029DFE865980_0, 0;
    %load/vec4 v0000029DFE8667E0_0;
    %assign/vec4 v0000029DFE866BA0_0, 0;
    %pushi/vec4 0, 0, 16;
    %assign/vec4 v0000029DFE867320_0, 0;
    %pushi/vec4 0, 0, 16;
    %assign/vec4 v0000029DFE865660_0, 0;
    %jmp T_121.3;
T_121.2 ;
    %load/vec4 v0000029DFE866240_0;
    %assign/vec4 v0000029DFE867320_0, 0;
    %load/vec4 v0000029DFE866920_0;
    %assign/vec4 v0000029DFE865660_0, 0;
T_121.3 ;
T_121.1 ;
    %jmp T_121;
    .thread T_121;
    .scope S_0000029DFE861820;
T_122 ;
    %wait E_0000029DFE7AA260;
    %load/vec4 v0000029DFE867780_0;
    %load/vec4 v0000029DFE8673C0_0;
    %parti/s 16, 12, 5;
    %add;
    %store/vec4 v0000029DFE8664C0_0, 0, 16;
    %jmp T_122;
    .thread T_122, $push;
    .scope S_0000029DFE862E00;
T_123 ;
    %wait E_0000029DFE7A6960;
    %load/vec4 v0000029DFE865E80_0;
    %flag_set/vec4 8;
    %jmp/0xz  T_123.0, 8;
    %pushi/vec4 0, 0, 16;
    %assign/vec4 v0000029DFE8669C0_0, 0;
    %pushi/vec4 0, 0, 16;
    %assign/vec4 v0000029DFE8666A0_0, 0;
    %pushi/vec4 0, 0, 16;
    %assign/vec4 v0000029DFE865D40_0, 0;
    %pushi/vec4 0, 0, 16;
    %assign/vec4 v0000029DFE866560_0, 0;
    %jmp T_123.1;
T_123.0 ;
    %load/vec4 v0000029DFE8670A0_0;
    %flag_set/vec4 8;
    %jmp/0xz  T_123.2, 8;
    %load/vec4 v0000029DFE866060_0;
    %assign/vec4 v0000029DFE8669C0_0, 0;
    %load/vec4 v0000029DFE866060_0;
    %assign/vec4 v0000029DFE8666A0_0, 0;
    %pushi/vec4 0, 0, 16;
    %assign/vec4 v0000029DFE865D40_0, 0;
    %pushi/vec4 0, 0, 16;
    %assign/vec4 v0000029DFE866560_0, 0;
    %jmp T_123.3;
T_123.2 ;
    %load/vec4 v0000029DFE866600_0;
    %assign/vec4 v0000029DFE865D40_0, 0;
    %load/vec4 v0000029DFE866D80_0;
    %assign/vec4 v0000029DFE866560_0, 0;
T_123.3 ;
T_123.1 ;
    %jmp T_123;
    .thread T_123;
    .scope S_0000029DFE861B40;
T_124 ;
    %wait E_0000029DFE7AAE20;
    %load/vec4 v0000029DFE867460_0;
    %load/vec4 v0000029DFE867500_0;
    %parti/s 16, 12, 5;
    %add;
    %store/vec4 v0000029DFE867140_0, 0, 16;
    %jmp T_124;
    .thread T_124, $push;
    .scope S_0000029DFE8619B0;
T_125 ;
    %wait E_0000029DFE7A6960;
    %load/vec4 v0000029DFE867640_0;
    %flag_set/vec4 8;
    %jmp/0xz  T_125.0, 8;
    %pushi/vec4 0, 0, 16;
    %assign/vec4 v0000029DFE865C00_0, 0;
    %pushi/vec4 0, 0, 16;
    %assign/vec4 v0000029DFE8678C0_0, 0;
    %pushi/vec4 0, 0, 16;
    %assign/vec4 v0000029DFE8675A0_0, 0;
    %pushi/vec4 0, 0, 16;
    %assign/vec4 v0000029DFE867820_0, 0;
    %jmp T_125.1;
T_125.0 ;
    %load/vec4 v0000029DFE866B00_0;
    %flag_set/vec4 8;
    %jmp/0xz  T_125.2, 8;
    %load/vec4 v0000029DFE866E20_0;
    %assign/vec4 v0000029DFE865C00_0, 0;
    %load/vec4 v0000029DFE866E20_0;
    %assign/vec4 v0000029DFE8678C0_0, 0;
    %pushi/vec4 0, 0, 16;
    %assign/vec4 v0000029DFE8675A0_0, 0;
    %pushi/vec4 0, 0, 16;
    %assign/vec4 v0000029DFE867820_0, 0;
    %jmp T_125.3;
T_125.2 ;
    %load/vec4 v0000029DFE865AC0_0;
    %assign/vec4 v0000029DFE8675A0_0, 0;
    %load/vec4 v0000029DFE866C40_0;
    %assign/vec4 v0000029DFE867820_0, 0;
T_125.3 ;
T_125.1 ;
    %jmp T_125;
    .thread T_125;
    .scope S_0000029DFE861FF0;
T_126 ;
    %wait E_0000029DFE7AA560;
    %load/vec4 v0000029DFE866100_0;
    %load/vec4 v0000029DFE867B40_0;
    %parti/s 16, 12, 5;
    %add;
    %store/vec4 v0000029DFE867A00_0, 0, 16;
    %jmp T_126;
    .thread T_126, $push;
    .scope S_0000029DFE861E60;
T_127 ;
    %wait E_0000029DFE7A6960;
    %load/vec4 v0000029DFE868400_0;
    %flag_set/vec4 8;
    %jmp/0xz  T_127.0, 8;
    %pushi/vec4 0, 0, 16;
    %assign/vec4 v0000029DFE8693A0_0, 0;
    %pushi/vec4 0, 0, 16;
    %assign/vec4 v0000029DFE868680_0, 0;
    %pushi/vec4 0, 0, 16;
    %assign/vec4 v0000029DFE86A200_0, 0;
    %pushi/vec4 0, 0, 16;
    %assign/vec4 v0000029DFE865CA0_0, 0;
    %jmp T_127.1;
T_127.0 ;
    %load/vec4 v0000029DFE869120_0;
    %flag_set/vec4 8;
    %jmp/0xz  T_127.2, 8;
    %load/vec4 v0000029DFE8685E0_0;
    %assign/vec4 v0000029DFE8693A0_0, 0;
    %load/vec4 v0000029DFE8685E0_0;
    %assign/vec4 v0000029DFE868680_0, 0;
    %pushi/vec4 0, 0, 16;
    %assign/vec4 v0000029DFE86A200_0, 0;
    %pushi/vec4 0, 0, 16;
    %assign/vec4 v0000029DFE865CA0_0, 0;
    %jmp T_127.3;
T_127.2 ;
    %load/vec4 v0000029DFE867D20_0;
    %assign/vec4 v0000029DFE86A200_0, 0;
    %load/vec4 v0000029DFE869440_0;
    %assign/vec4 v0000029DFE865CA0_0, 0;
T_127.3 ;
T_127.1 ;
    %jmp T_127;
    .thread T_127;
    .scope S_0000029DFE864570;
T_128 ;
    %wait E_0000029DFE7AAD60;
    %load/vec4 v0000029DFE868900_0;
    %load/vec4 v0000029DFE868EA0_0;
    %parti/s 16, 12, 5;
    %add;
    %store/vec4 v0000029DFE8694E0_0, 0, 16;
    %jmp T_128;
    .thread T_128, $push;
    .scope S_0000029DFE862950;
T_129 ;
    %wait E_0000029DFE7A6960;
    %load/vec4 v0000029DFE868540_0;
    %flag_set/vec4 8;
    %jmp/0xz  T_129.0, 8;
    %pushi/vec4 0, 0, 16;
    %assign/vec4 v0000029DFE8698A0_0, 0;
    %pushi/vec4 0, 0, 16;
    %assign/vec4 v0000029DFE868C20_0, 0;
    %pushi/vec4 0, 0, 16;
    %assign/vec4 v0000029DFE868E00_0, 0;
    %pushi/vec4 0, 0, 16;
    %assign/vec4 v0000029DFE869D00_0, 0;
    %jmp T_129.1;
T_129.0 ;
    %load/vec4 v0000029DFE869DA0_0;
    %flag_set/vec4 8;
    %jmp/0xz  T_129.2, 8;
    %load/vec4 v0000029DFE868A40_0;
    %assign/vec4 v0000029DFE8698A0_0, 0;
    %load/vec4 v0000029DFE868A40_0;
    %assign/vec4 v0000029DFE868C20_0, 0;
    %pushi/vec4 0, 0, 16;
    %assign/vec4 v0000029DFE868E00_0, 0;
    %pushi/vec4 0, 0, 16;
    %assign/vec4 v0000029DFE869D00_0, 0;
    %jmp T_129.3;
T_129.2 ;
    %load/vec4 v0000029DFE868220_0;
    %assign/vec4 v0000029DFE868E00_0, 0;
    %load/vec4 v0000029DFE869080_0;
    %assign/vec4 v0000029DFE869D00_0, 0;
T_129.3 ;
T_129.1 ;
    %jmp T_129;
    .thread T_129;
    .scope S_0000029DFE8643E0;
T_130 ;
    %wait E_0000029DFE7AA5A0;
    %load/vec4 v0000029DFE8687C0_0;
    %load/vec4 v0000029DFE868B80_0;
    %parti/s 16, 12, 5;
    %add;
    %store/vec4 v0000029DFE869760_0, 0, 16;
    %jmp T_130;
    .thread T_130, $push;
    .scope S_0000029DFE864250;
T_131 ;
    %wait E_0000029DFE7A6960;
    %load/vec4 v0000029DFE8684A0_0;
    %flag_set/vec4 8;
    %jmp/0xz  T_131.0, 8;
    %pushi/vec4 0, 0, 16;
    %assign/vec4 v0000029DFE869800_0, 0;
    %pushi/vec4 0, 0, 16;
    %assign/vec4 v0000029DFE8699E0_0, 0;
    %pushi/vec4 0, 0, 16;
    %assign/vec4 v0000029DFE86A2A0_0, 0;
    %pushi/vec4 0, 0, 16;
    %assign/vec4 v0000029DFE868F40_0, 0;
    %jmp T_131.1;
T_131.0 ;
    %load/vec4 v0000029DFE869260_0;
    %flag_set/vec4 8;
    %jmp/0xz  T_131.2, 8;
    %load/vec4 v0000029DFE869940_0;
    %assign/vec4 v0000029DFE869800_0, 0;
    %load/vec4 v0000029DFE869940_0;
    %assign/vec4 v0000029DFE8699E0_0, 0;
    %pushi/vec4 0, 0, 16;
    %assign/vec4 v0000029DFE86A2A0_0, 0;
    %pushi/vec4 0, 0, 16;
    %assign/vec4 v0000029DFE868F40_0, 0;
    %jmp T_131.3;
T_131.2 ;
    %load/vec4 v0000029DFE867DC0_0;
    %assign/vec4 v0000029DFE86A2A0_0, 0;
    %load/vec4 v0000029DFE8696C0_0;
    %assign/vec4 v0000029DFE868F40_0, 0;
T_131.3 ;
T_131.1 ;
    %jmp T_131;
    .thread T_131;
    .scope S_0000029DFE86FCB0;
T_132 ;
    %wait E_0000029DFE7AA6A0;
    %load/vec4 v0000029DFE869E40_0;
    %load/vec4 v0000029DFE869C60_0;
    %parti/s 16, 12, 5;
    %add;
    %store/vec4 v0000029DFE867E60_0, 0, 16;
    %jmp T_132;
    .thread T_132, $push;
    .scope S_0000029DFE864890;
T_133 ;
    %wait E_0000029DFE7A6960;
    %load/vec4 v0000029DFE867F00_0;
    %flag_set/vec4 8;
    %jmp/0xz  T_133.0, 8;
    %pushi/vec4 0, 0, 16;
    %assign/vec4 v0000029DFE867FA0_0, 0;
    %pushi/vec4 0, 0, 16;
    %assign/vec4 v0000029DFE8680E0_0, 0;
    %pushi/vec4 0, 0, 16;
    %assign/vec4 v0000029DFE86A340_0, 0;
    %pushi/vec4 0, 0, 16;
    %assign/vec4 v0000029DFE86A020_0, 0;
    %jmp T_133.1;
T_133.0 ;
    %load/vec4 v0000029DFE8682C0_0;
    %flag_set/vec4 8;
    %jmp/0xz  T_133.2, 8;
    %load/vec4 v0000029DFE868040_0;
    %assign/vec4 v0000029DFE867FA0_0, 0;
    %load/vec4 v0000029DFE868040_0;
    %assign/vec4 v0000029DFE8680E0_0, 0;
    %pushi/vec4 0, 0, 16;
    %assign/vec4 v0000029DFE86A340_0, 0;
    %pushi/vec4 0, 0, 16;
    %assign/vec4 v0000029DFE86A020_0, 0;
    %jmp T_133.3;
T_133.2 ;
    %load/vec4 v0000029DFE86A160_0;
    %assign/vec4 v0000029DFE86A340_0, 0;
    %load/vec4 v0000029DFE86A480_0;
    %assign/vec4 v0000029DFE86A020_0, 0;
T_133.3 ;
T_133.1 ;
    %jmp T_133;
    .thread T_133;
    .scope S_0000029DFE870DE0;
T_134 ;
    %wait E_0000029DFE7AAC20;
    %load/vec4 v0000029DFE873640_0;
    %load/vec4 v0000029DFE874220_0;
    %parti/s 16, 12, 5;
    %add;
    %store/vec4 v0000029DFE873280_0, 0, 16;
    %jmp T_134;
    .thread T_134, $push;
    .scope S_0000029DFE870480;
T_135 ;
    %wait E_0000029DFE7A6960;
    %load/vec4 v0000029DFE873780_0;
    %flag_set/vec4 8;
    %jmp/0xz  T_135.0, 8;
    %pushi/vec4 0, 0, 16;
    %assign/vec4 v0000029DFE874680_0, 0;
    %pushi/vec4 0, 0, 16;
    %assign/vec4 v0000029DFE872A60_0, 0;
    %pushi/vec4 0, 0, 16;
    %assign/vec4 v0000029DFE874CC0_0, 0;
    %pushi/vec4 0, 0, 16;
    %assign/vec4 v0000029DFE8727E0_0, 0;
    %jmp T_135.1;
T_135.0 ;
    %load/vec4 v0000029DFE872920_0;
    %flag_set/vec4 8;
    %jmp/0xz  T_135.2, 8;
    %load/vec4 v0000029DFE872BA0_0;
    %assign/vec4 v0000029DFE874680_0, 0;
    %load/vec4 v0000029DFE872BA0_0;
    %assign/vec4 v0000029DFE872A60_0, 0;
    %pushi/vec4 0, 0, 16;
    %assign/vec4 v0000029DFE874CC0_0, 0;
    %pushi/vec4 0, 0, 16;
    %assign/vec4 v0000029DFE8727E0_0, 0;
    %jmp T_135.3;
T_135.2 ;
    %load/vec4 v0000029DFE872F60_0;
    %assign/vec4 v0000029DFE874CC0_0, 0;
    %load/vec4 v0000029DFE873460_0;
    %assign/vec4 v0000029DFE8727E0_0, 0;
T_135.3 ;
T_135.1 ;
    %jmp T_135;
    .thread T_135;
    .scope S_0000029DFE870F70;
T_136 ;
    %wait E_0000029DFE7AACA0;
    %load/vec4 v0000029DFE8726A0_0;
    %load/vec4 v0000029DFE8729C0_0;
    %parti/s 16, 12, 5;
    %add;
    %store/vec4 v0000029DFE8733C0_0, 0, 16;
    %jmp T_136;
    .thread T_136, $push;
    .scope S_0000029DFE870610;
T_137 ;
    %wait E_0000029DFE7A6960;
    %load/vec4 v0000029DFE8740E0_0;
    %flag_set/vec4 8;
    %jmp/0xz  T_137.0, 8;
    %pushi/vec4 0, 0, 16;
    %assign/vec4 v0000029DFE872D80_0, 0;
    %pushi/vec4 0, 0, 16;
    %assign/vec4 v0000029DFE874180_0, 0;
    %pushi/vec4 0, 0, 16;
    %assign/vec4 v0000029DFE874AE0_0, 0;
    %pushi/vec4 0, 0, 16;
    %assign/vec4 v0000029DFE873500_0, 0;
    %jmp T_137.1;
T_137.0 ;
    %load/vec4 v0000029DFE873140_0;
    %flag_set/vec4 8;
    %jmp/0xz  T_137.2, 8;
    %load/vec4 v0000029DFE8731E0_0;
    %assign/vec4 v0000029DFE872D80_0, 0;
    %load/vec4 v0000029DFE8731E0_0;
    %assign/vec4 v0000029DFE874180_0, 0;
    %pushi/vec4 0, 0, 16;
    %assign/vec4 v0000029DFE874AE0_0, 0;
    %pushi/vec4 0, 0, 16;
    %assign/vec4 v0000029DFE873500_0, 0;
    %jmp T_137.3;
T_137.2 ;
    %load/vec4 v0000029DFE873B40_0;
    %assign/vec4 v0000029DFE874AE0_0, 0;
    %load/vec4 v0000029DFE874400_0;
    %assign/vec4 v0000029DFE873500_0, 0;
T_137.3 ;
T_137.1 ;
    %jmp T_137;
    .thread T_137;
    .scope S_0000029DFE86E860;
T_138 ;
    %wait E_0000029DFE7AABA0;
    %load/vec4 v0000029DFE873E60_0;
    %load/vec4 v0000029DFE873AA0_0;
    %parti/s 16, 12, 5;
    %add;
    %store/vec4 v0000029DFE8735A0_0, 0, 16;
    %jmp T_138;
    .thread T_138, $push;
    .scope S_0000029DFE8707A0;
T_139 ;
    %wait E_0000029DFE7A6960;
    %load/vec4 v0000029DFE8744A0_0;
    %flag_set/vec4 8;
    %jmp/0xz  T_139.0, 8;
    %pushi/vec4 0, 0, 16;
    %assign/vec4 v0000029DFE873960_0, 0;
    %pushi/vec4 0, 0, 16;
    %assign/vec4 v0000029DFE873C80_0, 0;
    %pushi/vec4 0, 0, 16;
    %assign/vec4 v0000029DFE873BE0_0, 0;
    %pushi/vec4 0, 0, 16;
    %assign/vec4 v0000029DFE8736E0_0, 0;
    %jmp T_139.1;
T_139.0 ;
    %load/vec4 v0000029DFE872C40_0;
    %flag_set/vec4 8;
    %jmp/0xz  T_139.2, 8;
    %load/vec4 v0000029DFE873A00_0;
    %assign/vec4 v0000029DFE873960_0, 0;
    %load/vec4 v0000029DFE873A00_0;
    %assign/vec4 v0000029DFE873C80_0, 0;
    %pushi/vec4 0, 0, 16;
    %assign/vec4 v0000029DFE873BE0_0, 0;
    %pushi/vec4 0, 0, 16;
    %assign/vec4 v0000029DFE8736E0_0, 0;
    %jmp T_139.3;
T_139.2 ;
    %load/vec4 v0000029DFE8742C0_0;
    %assign/vec4 v0000029DFE873BE0_0, 0;
    %load/vec4 v0000029DFE873820_0;
    %assign/vec4 v0000029DFE8736E0_0, 0;
T_139.3 ;
T_139.1 ;
    %jmp T_139;
    .thread T_139;
    .scope S_0000029DFE871100;
T_140 ;
    %wait E_0000029DFE7AA920;
    %load/vec4 v0000029DFE873F00_0;
    %load/vec4 v0000029DFE874B80_0;
    %parti/s 16, 12, 5;
    %add;
    %store/vec4 v0000029DFE874860_0, 0, 16;
    %jmp T_140;
    .thread T_140, $push;
    .scope S_0000029DFE86FE40;
T_141 ;
    %wait E_0000029DFE7A6960;
    %load/vec4 v0000029DFE875EE0_0;
    %flag_set/vec4 8;
    %jmp/0xz  T_141.0, 8;
    %pushi/vec4 0, 0, 16;
    %assign/vec4 v0000029DFE876660_0, 0;
    %pushi/vec4 0, 0, 16;
    %assign/vec4 v0000029DFE8762A0_0, 0;
    %pushi/vec4 0, 0, 16;
    %assign/vec4 v0000029DFE875760_0, 0;
    %pushi/vec4 0, 0, 16;
    %assign/vec4 v0000029DFE872560_0, 0;
    %jmp T_141.1;
T_141.0 ;
    %load/vec4 v0000029DFE875DA0_0;
    %flag_set/vec4 8;
    %jmp/0xz  T_141.2, 8;
    %load/vec4 v0000029DFE875D00_0;
    %assign/vec4 v0000029DFE876660_0, 0;
    %load/vec4 v0000029DFE875D00_0;
    %assign/vec4 v0000029DFE8762A0_0, 0;
    %pushi/vec4 0, 0, 16;
    %assign/vec4 v0000029DFE875760_0, 0;
    %pushi/vec4 0, 0, 16;
    %assign/vec4 v0000029DFE872560_0, 0;
    %jmp T_141.3;
T_141.2 ;
    %load/vec4 v0000029DFE875300_0;
    %assign/vec4 v0000029DFE875760_0, 0;
    %load/vec4 v0000029DFE8751C0_0;
    %assign/vec4 v0000029DFE872560_0, 0;
T_141.3 ;
T_141.1 ;
    %jmp T_141;
    .thread T_141;
    .scope S_0000029DFE870930;
T_142 ;
    %wait E_0000029DFE7AA960;
    %load/vec4 v0000029DFE874E00_0;
    %load/vec4 v0000029DFE876340_0;
    %parti/s 16, 12, 5;
    %add;
    %store/vec4 v0000029DFE876CA0_0, 0, 16;
    %jmp T_142;
    .thread T_142, $push;
    .scope S_0000029DFE86F4E0;
T_143 ;
    %wait E_0000029DFE7A6960;
    %load/vec4 v0000029DFE8763E0_0;
    %flag_set/vec4 8;
    %jmp/0xz  T_143.0, 8;
    %pushi/vec4 0, 0, 16;
    %assign/vec4 v0000029DFE8771A0_0, 0;
    %pushi/vec4 0, 0, 16;
    %assign/vec4 v0000029DFE875A80_0, 0;
    %pushi/vec4 0, 0, 16;
    %assign/vec4 v0000029DFE875260_0, 0;
    %pushi/vec4 0, 0, 16;
    %assign/vec4 v0000029DFE876160_0, 0;
    %jmp T_143.1;
T_143.0 ;
    %load/vec4 v0000029DFE877380_0;
    %flag_set/vec4 8;
    %jmp/0xz  T_143.2, 8;
    %load/vec4 v0000029DFE8759E0_0;
    %assign/vec4 v0000029DFE8771A0_0, 0;
    %load/vec4 v0000029DFE8759E0_0;
    %assign/vec4 v0000029DFE875A80_0, 0;
    %pushi/vec4 0, 0, 16;
    %assign/vec4 v0000029DFE875260_0, 0;
    %pushi/vec4 0, 0, 16;
    %assign/vec4 v0000029DFE876160_0, 0;
    %jmp T_143.3;
T_143.2 ;
    %load/vec4 v0000029DFE876F20_0;
    %assign/vec4 v0000029DFE875260_0, 0;
    %load/vec4 v0000029DFE876AC0_0;
    %assign/vec4 v0000029DFE876160_0, 0;
T_143.3 ;
T_143.1 ;
    %jmp T_143;
    .thread T_143;
    .scope S_0000029DFE8715B0;
T_144 ;
    %wait E_0000029DFE7AAFE0;
    %load/vec4 v0000029DFE876480_0;
    %load/vec4 v0000029DFE876DE0_0;
    %parti/s 16, 12, 5;
    %add;
    %store/vec4 v0000029DFE8753A0_0, 0, 16;
    %jmp T_144;
    .thread T_144, $push;
    .scope S_0000029DFE871420;
T_145 ;
    %wait E_0000029DFE7A6960;
    %load/vec4 v0000029DFE875800_0;
    %flag_set/vec4 8;
    %jmp/0xz  T_145.0, 8;
    %pushi/vec4 0, 0, 16;
    %assign/vec4 v0000029DFE877240_0, 0;
    %pushi/vec4 0, 0, 16;
    %assign/vec4 v0000029DFE874F40_0, 0;
    %pushi/vec4 0, 0, 16;
    %assign/vec4 v0000029DFE8760C0_0, 0;
    %pushi/vec4 0, 0, 16;
    %assign/vec4 v0000029DFE876520_0, 0;
    %jmp T_145.1;
T_145.0 ;
    %load/vec4 v0000029DFE874EA0_0;
    %flag_set/vec4 8;
    %jmp/0xz  T_145.2, 8;
    %load/vec4 v0000029DFE874FE0_0;
    %assign/vec4 v0000029DFE877240_0, 0;
    %load/vec4 v0000029DFE874FE0_0;
    %assign/vec4 v0000029DFE874F40_0, 0;
    %pushi/vec4 0, 0, 16;
    %assign/vec4 v0000029DFE8760C0_0, 0;
    %pushi/vec4 0, 0, 16;
    %assign/vec4 v0000029DFE876520_0, 0;
    %jmp T_145.3;
T_145.2 ;
    %load/vec4 v0000029DFE877060_0;
    %assign/vec4 v0000029DFE8760C0_0, 0;
    %load/vec4 v0000029DFE877100_0;
    %assign/vec4 v0000029DFE876520_0, 0;
T_145.3 ;
T_145.1 ;
    %jmp T_145;
    .thread T_145;
    .scope S_0000029DFE870AC0;
T_146 ;
    %wait E_0000029DFE7AA220;
    %load/vec4 v0000029DFE8768E0_0;
    %load/vec4 v0000029DFE8772E0_0;
    %parti/s 16, 12, 5;
    %add;
    %store/vec4 v0000029DFE875BC0_0, 0, 16;
    %jmp T_146;
    .thread T_146, $push;
    .scope S_0000029DFE871BF0;
T_147 ;
    %wait E_0000029DFE7A6960;
    %load/vec4 v0000029DFE876980_0;
    %flag_set/vec4 8;
    %jmp/0xz  T_147.0, 8;
    %pushi/vec4 0, 0, 16;
    %assign/vec4 v0000029DFE876A20_0, 0;
    %pushi/vec4 0, 0, 16;
    %assign/vec4 v0000029DFE874D60_0, 0;
    %pushi/vec4 0, 0, 16;
    %assign/vec4 v0000029DFE8767A0_0, 0;
    %pushi/vec4 0, 0, 16;
    %assign/vec4 v0000029DFE8765C0_0, 0;
    %jmp T_147.1;
T_147.0 ;
    %load/vec4 v0000029DFE876840_0;
    %flag_set/vec4 8;
    %jmp/0xz  T_147.2, 8;
    %load/vec4 v0000029DFE875580_0;
    %assign/vec4 v0000029DFE876A20_0, 0;
    %load/vec4 v0000029DFE875580_0;
    %assign/vec4 v0000029DFE874D60_0, 0;
    %pushi/vec4 0, 0, 16;
    %assign/vec4 v0000029DFE8767A0_0, 0;
    %pushi/vec4 0, 0, 16;
    %assign/vec4 v0000029DFE8765C0_0, 0;
    %jmp T_147.3;
T_147.2 ;
    %load/vec4 v0000029DFE875080_0;
    %assign/vec4 v0000029DFE8767A0_0, 0;
    %load/vec4 v0000029DFE876C00_0;
    %assign/vec4 v0000029DFE8765C0_0, 0;
T_147.3 ;
T_147.1 ;
    %jmp T_147;
    .thread T_147;
    .scope S_0000029DFE86F030;
T_148 ;
    %wait E_0000029DFE7AA460;
    %load/vec4 v0000029DFE878BE0_0;
    %load/vec4 v0000029DFE879860_0;
    %parti/s 16, 12, 5;
    %add;
    %store/vec4 v0000029DFE877E20_0, 0, 16;
    %jmp T_148;
    .thread T_148, $push;
    .scope S_0000029DFE8718D0;
T_149 ;
    %wait E_0000029DFE7A6960;
    %load/vec4 v0000029DFE878C80_0;
    %flag_set/vec4 8;
    %jmp/0xz  T_149.0, 8;
    %pushi/vec4 0, 0, 16;
    %assign/vec4 v0000029DFE879720_0, 0;
    %pushi/vec4 0, 0, 16;
    %assign/vec4 v0000029DFE8776A0_0, 0;
    %pushi/vec4 0, 0, 16;
    %assign/vec4 v0000029DFE877560_0, 0;
    %pushi/vec4 0, 0, 16;
    %assign/vec4 v0000029DFE877D80_0, 0;
    %jmp T_149.1;
T_149.0 ;
    %load/vec4 v0000029DFE8785A0_0;
    %flag_set/vec4 8;
    %jmp/0xz  T_149.2, 8;
    %load/vec4 v0000029DFE877600_0;
    %assign/vec4 v0000029DFE879720_0, 0;
    %load/vec4 v0000029DFE877600_0;
    %assign/vec4 v0000029DFE8776A0_0, 0;
    %pushi/vec4 0, 0, 16;
    %assign/vec4 v0000029DFE877560_0, 0;
    %pushi/vec4 0, 0, 16;
    %assign/vec4 v0000029DFE877D80_0, 0;
    %jmp T_149.3;
T_149.2 ;
    %load/vec4 v0000029DFE879220_0;
    %assign/vec4 v0000029DFE877560_0, 0;
    %load/vec4 v0000029DFE8794A0_0;
    %assign/vec4 v0000029DFE877D80_0, 0;
T_149.3 ;
T_149.1 ;
    %jmp T_149;
    .thread T_149;
    .scope S_0000029DFE86F800;
T_150 ;
    %wait E_0000029DFE7AA420;
    %load/vec4 v0000029DFE8788C0_0;
    %load/vec4 v0000029DFE8781E0_0;
    %parti/s 16, 12, 5;
    %add;
    %store/vec4 v0000029DFE8783C0_0, 0, 16;
    %jmp T_150;
    .thread T_150, $push;
    .scope S_0000029DFE871F10;
T_151 ;
    %wait E_0000029DFE7A6960;
    %load/vec4 v0000029DFE878280_0;
    %flag_set/vec4 8;
    %jmp/0xz  T_151.0, 8;
    %pushi/vec4 0, 0, 16;
    %assign/vec4 v0000029DFE878140_0, 0;
    %pushi/vec4 0, 0, 16;
    %assign/vec4 v0000029DFE878A00_0, 0;
    %pushi/vec4 0, 0, 16;
    %assign/vec4 v0000029DFE878820_0, 0;
    %pushi/vec4 0, 0, 16;
    %assign/vec4 v0000029DFE878780_0, 0;
    %jmp T_151.1;
T_151.0 ;
    %load/vec4 v0000029DFE8795E0_0;
    %flag_set/vec4 8;
    %jmp/0xz  T_151.2, 8;
    %load/vec4 v0000029DFE878960_0;
    %assign/vec4 v0000029DFE878140_0, 0;
    %load/vec4 v0000029DFE878960_0;
    %assign/vec4 v0000029DFE878A00_0, 0;
    %pushi/vec4 0, 0, 16;
    %assign/vec4 v0000029DFE878820_0, 0;
    %pushi/vec4 0, 0, 16;
    %assign/vec4 v0000029DFE878780_0, 0;
    %jmp T_151.3;
T_151.2 ;
    %load/vec4 v0000029DFE879040_0;
    %assign/vec4 v0000029DFE878820_0, 0;
    %load/vec4 v0000029DFE8786E0_0;
    %assign/vec4 v0000029DFE878780_0, 0;
T_151.3 ;
T_151.1 ;
    %jmp T_151;
    .thread T_151;
    .scope S_0000029DFE8720A0;
T_152 ;
    %wait E_0000029DFE7AA2A0;
    %load/vec4 v0000029DFE879180_0;
    %load/vec4 v0000029DFE877880_0;
    %parti/s 16, 12, 5;
    %add;
    %store/vec4 v0000029DFE878320_0, 0, 16;
    %jmp T_152;
    .thread T_152, $push;
    .scope S_0000029DFE86F990;
T_153 ;
    %wait E_0000029DFE7A6960;
    %load/vec4 v0000029DFE878460_0;
    %flag_set/vec4 8;
    %jmp/0xz  T_153.0, 8;
    %pushi/vec4 0, 0, 16;
    %assign/vec4 v0000029DFE878B40_0, 0;
    %pushi/vec4 0, 0, 16;
    %assign/vec4 v0000029DFE879680_0, 0;
    %pushi/vec4 0, 0, 16;
    %assign/vec4 v0000029DFE878AA0_0, 0;
    %pushi/vec4 0, 0, 16;
    %assign/vec4 v0000029DFE878F00_0, 0;
    %jmp T_153.1;
T_153.0 ;
    %load/vec4 v0000029DFE8790E0_0;
    %flag_set/vec4 8;
    %jmp/0xz  T_153.2, 8;
    %load/vec4 v0000029DFE8799A0_0;
    %assign/vec4 v0000029DFE878B40_0, 0;
    %load/vec4 v0000029DFE8799A0_0;
    %assign/vec4 v0000029DFE879680_0, 0;
    %pushi/vec4 0, 0, 16;
    %assign/vec4 v0000029DFE878AA0_0, 0;
    %pushi/vec4 0, 0, 16;
    %assign/vec4 v0000029DFE878F00_0, 0;
    %jmp T_153.3;
T_153.2 ;
    %load/vec4 v0000029DFE877B00_0;
    %assign/vec4 v0000029DFE878AA0_0, 0;
    %load/vec4 v0000029DFE877C40_0;
    %assign/vec4 v0000029DFE878F00_0, 0;
T_153.3 ;
T_153.1 ;
    %jmp T_153;
    .thread T_153;
    .scope S_0000029DFE86FFD0;
T_154 ;
    %wait E_0000029DFE7AA1E0;
    %load/vec4 v0000029DFE8792C0_0;
    %load/vec4 v0000029DFE879C20_0;
    %parti/s 16, 12, 5;
    %add;
    %store/vec4 v0000029DFE879AE0_0, 0, 16;
    %jmp T_154;
    .thread T_154, $push;
    .scope S_0000029DFE86ED10;
T_155 ;
    %wait E_0000029DFE7A6960;
    %load/vec4 v0000029DFE87A3A0_0;
    %flag_set/vec4 8;
    %jmp/0xz  T_155.0, 8;
    %pushi/vec4 0, 0, 16;
    %assign/vec4 v0000029DFE879F40_0, 0;
    %pushi/vec4 0, 0, 16;
    %assign/vec4 v0000029DFE87A440_0, 0;
    %pushi/vec4 0, 0, 16;
    %assign/vec4 v0000029DFE877CE0_0, 0;
    %pushi/vec4 0, 0, 16;
    %assign/vec4 v0000029DFE877920_0, 0;
    %jmp T_155.1;
T_155.0 ;
    %load/vec4 v0000029DFE879EA0_0;
    %flag_set/vec4 8;
    %jmp/0xz  T_155.2, 8;
    %load/vec4 v0000029DFE87A1C0_0;
    %assign/vec4 v0000029DFE879F40_0, 0;
    %load/vec4 v0000029DFE87A1C0_0;
    %assign/vec4 v0000029DFE87A440_0, 0;
    %pushi/vec4 0, 0, 16;
    %assign/vec4 v0000029DFE877CE0_0, 0;
    %pushi/vec4 0, 0, 16;
    %assign/vec4 v0000029DFE877920_0, 0;
    %jmp T_155.3;
T_155.2 ;
    %load/vec4 v0000029DFE877BA0_0;
    %assign/vec4 v0000029DFE877CE0_0, 0;
    %load/vec4 v0000029DFE87A120_0;
    %assign/vec4 v0000029DFE877920_0, 0;
T_155.3 ;
T_155.1 ;
    %jmp T_155;
    .thread T_155;
    .scope S_0000029DFE8702F0;
T_156 ;
    %wait E_0000029DFE7AA9A0;
    %load/vec4 v0000029DFE879FE0_0;
    %load/vec4 v0000029DFE87A260_0;
    %parti/s 16, 12, 5;
    %add;
    %store/vec4 v0000029DFE87A300_0, 0, 16;
    %jmp T_156;
    .thread T_156, $push;
    .scope S_0000029DFE86EEA0;
T_157 ;
    %wait E_0000029DFE7A6960;
    %load/vec4 v0000029DFE893260_0;
    %flag_set/vec4 8;
    %jmp/0xz  T_157.0, 8;
    %pushi/vec4 0, 0, 16;
    %assign/vec4 v0000029DFE8942A0_0, 0;
    %pushi/vec4 0, 0, 16;
    %assign/vec4 v0000029DFE893C60_0, 0;
    %pushi/vec4 0, 0, 16;
    %assign/vec4 v0000029DFE892FE0_0, 0;
    %pushi/vec4 0, 0, 16;
    %assign/vec4 v0000029DFE894C00_0, 0;
    %jmp T_157.1;
T_157.0 ;
    %load/vec4 v0000029DFE894B60_0;
    %flag_set/vec4 8;
    %jmp/0xz  T_157.2, 8;
    %load/vec4 v0000029DFE893E40_0;
    %assign/vec4 v0000029DFE8942A0_0, 0;
    %load/vec4 v0000029DFE893E40_0;
    %assign/vec4 v0000029DFE893C60_0, 0;
    %pushi/vec4 0, 0, 16;
    %assign/vec4 v0000029DFE892FE0_0, 0;
    %pushi/vec4 0, 0, 16;
    %assign/vec4 v0000029DFE894C00_0, 0;
    %jmp T_157.3;
T_157.2 ;
    %load/vec4 v0000029DFE894020_0;
    %assign/vec4 v0000029DFE892FE0_0, 0;
    %load/vec4 v0000029DFE8931C0_0;
    %assign/vec4 v0000029DFE894C00_0, 0;
T_157.3 ;
T_157.1 ;
    %jmp T_157;
    .thread T_157;
    .scope S_0000029DFE870C50;
T_158 ;
    %wait E_0000029DFE7AA160;
    %load/vec4 v0000029DFE893760_0;
    %load/vec4 v0000029DFE893BC0_0;
    %parti/s 16, 12, 5;
    %add;
    %store/vec4 v0000029DFE893080_0, 0, 16;
    %jmp T_158;
    .thread T_158, $push;
    .scope S_0000029DFE86E6D0;
T_159 ;
    %wait E_0000029DFE7A6960;
    %load/vec4 v0000029DFE894D40_0;
    %flag_set/vec4 8;
    %jmp/0xz  T_159.0, 8;
    %pushi/vec4 0, 0, 16;
    %assign/vec4 v0000029DFE8940C0_0, 0;
    %pushi/vec4 0, 0, 16;
    %assign/vec4 v0000029DFE892CC0_0, 0;
    %pushi/vec4 0, 0, 16;
    %assign/vec4 v0000029DFE893440_0, 0;
    %pushi/vec4 0, 0, 16;
    %assign/vec4 v0000029DFE894340_0, 0;
    %jmp T_159.1;
T_159.0 ;
    %load/vec4 v0000029DFE893A80_0;
    %flag_set/vec4 8;
    %jmp/0xz  T_159.2, 8;
    %load/vec4 v0000029DFE894F20_0;
    %assign/vec4 v0000029DFE8940C0_0, 0;
    %load/vec4 v0000029DFE894F20_0;
    %assign/vec4 v0000029DFE892CC0_0, 0;
    %pushi/vec4 0, 0, 16;
    %assign/vec4 v0000029DFE893440_0, 0;
    %pushi/vec4 0, 0, 16;
    %assign/vec4 v0000029DFE894340_0, 0;
    %jmp T_159.3;
T_159.2 ;
    %load/vec4 v0000029DFE893300_0;
    %assign/vec4 v0000029DFE893440_0, 0;
    %load/vec4 v0000029DFE893800_0;
    %assign/vec4 v0000029DFE894340_0, 0;
T_159.3 ;
T_159.1 ;
    %jmp T_159;
    .thread T_159;
    .scope S_0000029DFE87F770;
T_160 ;
    %wait E_0000029DFE7AAA60;
    %load/vec4 v0000029DFE8948E0_0;
    %load/vec4 v0000029DFE895060_0;
    %parti/s 16, 12, 5;
    %add;
    %store/vec4 v0000029DFE894FC0_0, 0, 16;
    %jmp T_160;
    .thread T_160, $push;
    .scope S_0000029DFE87CBB0;
T_161 ;
    %wait E_0000029DFE7A6960;
    %load/vec4 v0000029DFE893EE0_0;
    %flag_set/vec4 8;
    %jmp/0xz  T_161.0, 8;
    %pushi/vec4 0, 0, 16;
    %assign/vec4 v0000029DFE892D60_0, 0;
    %pushi/vec4 0, 0, 16;
    %assign/vec4 v0000029DFE8933A0_0, 0;
    %pushi/vec4 0, 0, 16;
    %assign/vec4 v0000029DFE892A40_0, 0;
    %pushi/vec4 0, 0, 16;
    %assign/vec4 v0000029DFE894980_0, 0;
    %jmp T_161.1;
T_161.0 ;
    %load/vec4 v0000029DFE893620_0;
    %flag_set/vec4 8;
    %jmp/0xz  T_161.2, 8;
    %load/vec4 v0000029DFE894200_0;
    %assign/vec4 v0000029DFE892D60_0, 0;
    %load/vec4 v0000029DFE894200_0;
    %assign/vec4 v0000029DFE8933A0_0, 0;
    %pushi/vec4 0, 0, 16;
    %assign/vec4 v0000029DFE892A40_0, 0;
    %pushi/vec4 0, 0, 16;
    %assign/vec4 v0000029DFE894980_0, 0;
    %jmp T_161.3;
T_161.2 ;
    %load/vec4 v0000029DFE893940_0;
    %assign/vec4 v0000029DFE892A40_0, 0;
    %load/vec4 v0000029DFE8936C0_0;
    %assign/vec4 v0000029DFE894980_0, 0;
T_161.3 ;
T_161.1 ;
    %jmp T_161;
    .thread T_161;
    .scope S_0000029DFE87DB50;
T_162 ;
    %wait E_0000029DFE7AAF60;
    %load/vec4 v0000029DFE8939E0_0;
    %load/vec4 v0000029DFE893F80_0;
    %parti/s 16, 12, 5;
    %add;
    %store/vec4 v0000029DFE892E00_0, 0, 16;
    %jmp T_162;
    .thread T_162, $push;
    .scope S_0000029DFE87CED0;
T_163 ;
    %wait E_0000029DFE7A6960;
    %load/vec4 v0000029DFE892C20_0;
    %flag_set/vec4 8;
    %jmp/0xz  T_163.0, 8;
    %pushi/vec4 0, 0, 16;
    %assign/vec4 v0000029DFE896F00_0, 0;
    %pushi/vec4 0, 0, 16;
    %assign/vec4 v0000029DFE896B40_0, 0;
    %pushi/vec4 0, 0, 16;
    %assign/vec4 v0000029DFE893580_0, 0;
    %pushi/vec4 0, 0, 16;
    %assign/vec4 v0000029DFE892B80_0, 0;
    %jmp T_163.1;
T_163.0 ;
    %load/vec4 v0000029DFE893DA0_0;
    %flag_set/vec4 8;
    %jmp/0xz  T_163.2, 8;
    %load/vec4 v0000029DFE8977C0_0;
    %assign/vec4 v0000029DFE896F00_0, 0;
    %load/vec4 v0000029DFE8977C0_0;
    %assign/vec4 v0000029DFE896B40_0, 0;
    %pushi/vec4 0, 0, 16;
    %assign/vec4 v0000029DFE893580_0, 0;
    %pushi/vec4 0, 0, 16;
    %assign/vec4 v0000029DFE892B80_0, 0;
    %jmp T_163.3;
T_163.2 ;
    %load/vec4 v0000029DFE894520_0;
    %assign/vec4 v0000029DFE893580_0, 0;
    %load/vec4 v0000029DFE894840_0;
    %assign/vec4 v0000029DFE892B80_0, 0;
T_163.3 ;
T_163.1 ;
    %jmp T_163;
    .thread T_163;
    .scope S_0000029DFE87D830;
T_164 ;
    %wait E_0000029DFE7AA820;
    %load/vec4 v0000029DFE895C40_0;
    %load/vec4 v0000029DFE895CE0_0;
    %parti/s 16, 12, 5;
    %add;
    %store/vec4 v0000029DFE896280_0, 0, 16;
    %jmp T_164;
    .thread T_164, $push;
    .scope S_0000029DFE87E190;
T_165 ;
    %wait E_0000029DFE7A6960;
    %load/vec4 v0000029DFE897860_0;
    %flag_set/vec4 8;
    %jmp/0xz  T_165.0, 8;
    %pushi/vec4 0, 0, 16;
    %assign/vec4 v0000029DFE895420_0, 0;
    %pushi/vec4 0, 0, 16;
    %assign/vec4 v0000029DFE8972C0_0, 0;
    %pushi/vec4 0, 0, 16;
    %assign/vec4 v0000029DFE896BE0_0, 0;
    %pushi/vec4 0, 0, 16;
    %assign/vec4 v0000029DFE8960A0_0, 0;
    %jmp T_165.1;
T_165.0 ;
    %load/vec4 v0000029DFE895880_0;
    %flag_set/vec4 8;
    %jmp/0xz  T_165.2, 8;
    %load/vec4 v0000029DFE895A60_0;
    %assign/vec4 v0000029DFE895420_0, 0;
    %load/vec4 v0000029DFE895A60_0;
    %assign/vec4 v0000029DFE8972C0_0, 0;
    %pushi/vec4 0, 0, 16;
    %assign/vec4 v0000029DFE896BE0_0, 0;
    %pushi/vec4 0, 0, 16;
    %assign/vec4 v0000029DFE8960A0_0, 0;
    %jmp T_165.3;
T_165.2 ;
    %load/vec4 v0000029DFE895B00_0;
    %assign/vec4 v0000029DFE896BE0_0, 0;
    %load/vec4 v0000029DFE896FA0_0;
    %assign/vec4 v0000029DFE8960A0_0, 0;
T_165.3 ;
T_165.1 ;
    %jmp T_165;
    .thread T_165;
    .scope S_0000029DFE87DCE0;
T_166 ;
    %wait E_0000029DFE7AA120;
    %load/vec4 v0000029DFE897040_0;
    %load/vec4 v0000029DFE8951A0_0;
    %parti/s 16, 12, 5;
    %add;
    %store/vec4 v0000029DFE897180_0, 0, 16;
    %jmp T_166;
    .thread T_166, $push;
    .scope S_0000029DFE87D1F0;
T_167 ;
    %wait E_0000029DFE7A6960;
    %load/vec4 v0000029DFE8966E0_0;
    %flag_set/vec4 8;
    %jmp/0xz  T_167.0, 8;
    %pushi/vec4 0, 0, 16;
    %assign/vec4 v0000029DFE896C80_0, 0;
    %pushi/vec4 0, 0, 16;
    %assign/vec4 v0000029DFE896320_0, 0;
    %pushi/vec4 0, 0, 16;
    %assign/vec4 v0000029DFE895D80_0, 0;
    %pushi/vec4 0, 0, 16;
    %assign/vec4 v0000029DFE896A00_0, 0;
    %jmp T_167.1;
T_167.0 ;
    %load/vec4 v0000029DFE895EC0_0;
    %flag_set/vec4 8;
    %jmp/0xz  T_167.2, 8;
    %load/vec4 v0000029DFE8961E0_0;
    %assign/vec4 v0000029DFE896C80_0, 0;
    %load/vec4 v0000029DFE8961E0_0;
    %assign/vec4 v0000029DFE896320_0, 0;
    %pushi/vec4 0, 0, 16;
    %assign/vec4 v0000029DFE895D80_0, 0;
    %pushi/vec4 0, 0, 16;
    %assign/vec4 v0000029DFE896A00_0, 0;
    %jmp T_167.3;
T_167.2 ;
    %load/vec4 v0000029DFE896140_0;
    %assign/vec4 v0000029DFE895D80_0, 0;
    %load/vec4 v0000029DFE895920_0;
    %assign/vec4 v0000029DFE896A00_0, 0;
T_167.3 ;
T_167.1 ;
    %jmp T_167;
    .thread T_167;
    .scope S_0000029DFE87FDB0;
T_168 ;
    %wait E_0000029DFE7AABE0;
    %load/vec4 v0000029DFE896780_0;
    %load/vec4 v0000029DFE895240_0;
    %parti/s 16, 12, 5;
    %add;
    %store/vec4 v0000029DFE896460_0, 0, 16;
    %jmp T_168;
    .thread T_168, $push;
    .scope S_0000029DFE87FF40;
T_169 ;
    %wait E_0000029DFE7A6960;
    %load/vec4 v0000029DFE8974A0_0;
    %flag_set/vec4 8;
    %jmp/0xz  T_169.0, 8;
    %pushi/vec4 0, 0, 16;
    %assign/vec4 v0000029DFE8975E0_0, 0;
    %pushi/vec4 0, 0, 16;
    %assign/vec4 v0000029DFE897680_0, 0;
    %pushi/vec4 0, 0, 16;
    %assign/vec4 v0000029DFE895740_0, 0;
    %pushi/vec4 0, 0, 16;
    %assign/vec4 v0000029DFE895600_0, 0;
    %jmp T_169.1;
T_169.0 ;
    %load/vec4 v0000029DFE896D20_0;
    %flag_set/vec4 8;
    %jmp/0xz  T_169.2, 8;
    %load/vec4 v0000029DFE896000_0;
    %assign/vec4 v0000029DFE8975E0_0, 0;
    %load/vec4 v0000029DFE896000_0;
    %assign/vec4 v0000029DFE897680_0, 0;
    %pushi/vec4 0, 0, 16;
    %assign/vec4 v0000029DFE895740_0, 0;
    %pushi/vec4 0, 0, 16;
    %assign/vec4 v0000029DFE895600_0, 0;
    %jmp T_169.3;
T_169.2 ;
    %load/vec4 v0000029DFE895F60_0;
    %assign/vec4 v0000029DFE895740_0, 0;
    %load/vec4 v0000029DFE896640_0;
    %assign/vec4 v0000029DFE895600_0, 0;
T_169.3 ;
T_169.1 ;
    %jmp T_169;
    .thread T_169;
    .scope S_0000029DFE87C570;
T_170 ;
    %wait E_0000029DFE7AA320;
    %load/vec4 v0000029DFE8954C0_0;
    %load/vec4 v0000029DFE8959C0_0;
    %parti/s 16, 12, 5;
    %add;
    %store/vec4 v0000029DFE8968C0_0, 0, 16;
    %jmp T_170;
    .thread T_170, $push;
    .scope S_0000029DFE87D380;
T_171 ;
    %wait E_0000029DFE7A6960;
    %load/vec4 v0000029DFE899520_0;
    %flag_set/vec4 8;
    %jmp/0xz  T_171.0, 8;
    %pushi/vec4 0, 0, 16;
    %assign/vec4 v0000029DFE899AC0_0, 0;
    %pushi/vec4 0, 0, 16;
    %assign/vec4 v0000029DFE8979A0_0, 0;
    %pushi/vec4 0, 0, 16;
    %assign/vec4 v0000029DFE898800_0, 0;
    %pushi/vec4 0, 0, 16;
    %assign/vec4 v0000029DFE8998E0_0, 0;
    %jmp T_171.1;
T_171.0 ;
    %load/vec4 v0000029DFE899980_0;
    %flag_set/vec4 8;
    %jmp/0xz  T_171.2, 8;
    %load/vec4 v0000029DFE899700_0;
    %assign/vec4 v0000029DFE899AC0_0, 0;
    %load/vec4 v0000029DFE899700_0;
    %assign/vec4 v0000029DFE8979A0_0, 0;
    %pushi/vec4 0, 0, 16;
    %assign/vec4 v0000029DFE898800_0, 0;
    %pushi/vec4 0, 0, 16;
    %assign/vec4 v0000029DFE8998E0_0, 0;
    %jmp T_171.3;
T_171.2 ;
    %load/vec4 v0000029DFE898580_0;
    %assign/vec4 v0000029DFE898800_0, 0;
    %load/vec4 v0000029DFE899A20_0;
    %assign/vec4 v0000029DFE8998E0_0, 0;
T_171.3 ;
T_171.1 ;
    %jmp T_171;
    .thread T_171;
    .scope S_0000029DFE87D060;
T_172 ;
    %wait E_0000029DFE7AAAE0;
    %load/vec4 v0000029DFE899340_0;
    %load/vec4 v0000029DFE898620_0;
    %parti/s 16, 12, 5;
    %add;
    %store/vec4 v0000029DFE898760_0, 0, 16;
    %jmp T_172;
    .thread T_172, $push;
    .scope S_0000029DFE87D510;
T_173 ;
    %wait E_0000029DFE7A6960;
    %load/vec4 v0000029DFE899CA0_0;
    %flag_set/vec4 8;
    %jmp/0xz  T_173.0, 8;
    %pushi/vec4 0, 0, 16;
    %assign/vec4 v0000029DFE898300_0, 0;
    %pushi/vec4 0, 0, 16;
    %assign/vec4 v0000029DFE899D40_0, 0;
    %pushi/vec4 0, 0, 16;
    %assign/vec4 v0000029DFE899C00_0, 0;
    %pushi/vec4 0, 0, 16;
    %assign/vec4 v0000029DFE897900_0, 0;
    %jmp T_173.1;
T_173.0 ;
    %load/vec4 v0000029DFE897A40_0;
    %flag_set/vec4 8;
    %jmp/0xz  T_173.2, 8;
    %load/vec4 v0000029DFE898D00_0;
    %assign/vec4 v0000029DFE898300_0, 0;
    %load/vec4 v0000029DFE898D00_0;
    %assign/vec4 v0000029DFE899D40_0, 0;
    %pushi/vec4 0, 0, 16;
    %assign/vec4 v0000029DFE899C00_0, 0;
    %pushi/vec4 0, 0, 16;
    %assign/vec4 v0000029DFE897900_0, 0;
    %jmp T_173.3;
T_173.2 ;
    %load/vec4 v0000029DFE898E40_0;
    %assign/vec4 v0000029DFE899C00_0, 0;
    %load/vec4 v0000029DFE8993E0_0;
    %assign/vec4 v0000029DFE897900_0, 0;
T_173.3 ;
T_173.1 ;
    %jmp T_173;
    .thread T_173;
    .scope S_0000029DFE87FC20;
T_174 ;
    %wait E_0000029DFE7AA4E0;
    %load/vec4 v0000029DFE8984E0_0;
    %load/vec4 v0000029DFE897EA0_0;
    %parti/s 16, 12, 5;
    %add;
    %store/vec4 v0000029DFE898F80_0, 0, 16;
    %jmp T_174;
    .thread T_174, $push;
    .scope S_0000029DFE87DE70;
T_175 ;
    %wait E_0000029DFE7A6960;
    %load/vec4 v0000029DFE897AE0_0;
    %flag_set/vec4 8;
    %jmp/0xz  T_175.0, 8;
    %pushi/vec4 0, 0, 16;
    %assign/vec4 v0000029DFE897B80_0, 0;
    %pushi/vec4 0, 0, 16;
    %assign/vec4 v0000029DFE8997A0_0, 0;
    %pushi/vec4 0, 0, 16;
    %assign/vec4 v0000029DFE89A060_0, 0;
    %pushi/vec4 0, 0, 16;
    %assign/vec4 v0000029DFE8986C0_0, 0;
    %jmp T_175.1;
T_175.0 ;
    %load/vec4 v0000029DFE898A80_0;
    %flag_set/vec4 8;
    %jmp/0xz  T_175.2, 8;
    %load/vec4 v0000029DFE8992A0_0;
    %assign/vec4 v0000029DFE897B80_0, 0;
    %load/vec4 v0000029DFE8992A0_0;
    %assign/vec4 v0000029DFE8997A0_0, 0;
    %pushi/vec4 0, 0, 16;
    %assign/vec4 v0000029DFE89A060_0, 0;
    %pushi/vec4 0, 0, 16;
    %assign/vec4 v0000029DFE8986C0_0, 0;
    %jmp T_175.3;
T_175.2 ;
    %load/vec4 v0000029DFE899FC0_0;
    %assign/vec4 v0000029DFE89A060_0, 0;
    %load/vec4 v0000029DFE899F20_0;
    %assign/vec4 v0000029DFE8986C0_0, 0;
T_175.3 ;
T_175.1 ;
    %jmp T_175;
    .thread T_175;
    .scope S_0000029DFE880260;
T_176 ;
    %wait E_0000029DFE7AA860;
    %load/vec4 v0000029DFE897E00_0;
    %load/vec4 v0000029DFE898440_0;
    %parti/s 16, 12, 5;
    %add;
    %store/vec4 v0000029DFE899840_0, 0, 16;
    %jmp T_176;
    .thread T_176, $push;
    .scope S_0000029DFE87FA90;
T_177 ;
    %wait E_0000029DFE7A6960;
    %load/vec4 v0000029DFE899020_0;
    %flag_set/vec4 8;
    %jmp/0xz  T_177.0, 8;
    %pushi/vec4 0, 0, 16;
    %assign/vec4 v0000029DFE8990C0_0, 0;
    %pushi/vec4 0, 0, 16;
    %assign/vec4 v0000029DFE89C400_0, 0;
    %pushi/vec4 0, 0, 16;
    %assign/vec4 v0000029DFE898EE0_0, 0;
    %pushi/vec4 0, 0, 16;
    %assign/vec4 v0000029DFE898080_0, 0;
    %jmp T_177.1;
T_177.0 ;
    %load/vec4 v0000029DFE898C60_0;
    %flag_set/vec4 8;
    %jmp/0xz  T_177.2, 8;
    %load/vec4 v0000029DFE899160_0;
    %assign/vec4 v0000029DFE8990C0_0, 0;
    %load/vec4 v0000029DFE899160_0;
    %assign/vec4 v0000029DFE89C400_0, 0;
    %pushi/vec4 0, 0, 16;
    %assign/vec4 v0000029DFE898EE0_0, 0;
    %pushi/vec4 0, 0, 16;
    %assign/vec4 v0000029DFE898080_0, 0;
    %jmp T_177.3;
T_177.2 ;
    %load/vec4 v0000029DFE898BC0_0;
    %assign/vec4 v0000029DFE898EE0_0, 0;
    %load/vec4 v0000029DFE898DA0_0;
    %assign/vec4 v0000029DFE898080_0, 0;
T_177.3 ;
T_177.1 ;
    %jmp T_177;
    .thread T_177;
    .scope S_0000029DFE87E7D0;
T_178 ;
    %wait E_0000029DFE7AAB60;
    %load/vec4 v0000029DFE89A6A0_0;
    %load/vec4 v0000029DFE89AE20_0;
    %parti/s 16, 12, 5;
    %add;
    %store/vec4 v0000029DFE89C040_0, 0, 16;
    %jmp T_178;
    .thread T_178, $push;
    .scope S_0000029DFE87E4B0;
T_179 ;
    %wait E_0000029DFE7A6960;
    %load/vec4 v0000029DFE89A7E0_0;
    %flag_set/vec4 8;
    %jmp/0xz  T_179.0, 8;
    %pushi/vec4 0, 0, 16;
    %assign/vec4 v0000029DFE89C360_0, 0;
    %pushi/vec4 0, 0, 16;
    %assign/vec4 v0000029DFE89C4A0_0, 0;
    %pushi/vec4 0, 0, 16;
    %assign/vec4 v0000029DFE89A740_0, 0;
    %pushi/vec4 0, 0, 16;
    %assign/vec4 v0000029DFE89B820_0, 0;
    %jmp T_179.1;
T_179.0 ;
    %load/vec4 v0000029DFE89B280_0;
    %flag_set/vec4 8;
    %jmp/0xz  T_179.2, 8;
    %load/vec4 v0000029DFE89AC40_0;
    %assign/vec4 v0000029DFE89C360_0, 0;
    %load/vec4 v0000029DFE89AC40_0;
    %assign/vec4 v0000029DFE89C4A0_0, 0;
    %pushi/vec4 0, 0, 16;
    %assign/vec4 v0000029DFE89A740_0, 0;
    %pushi/vec4 0, 0, 16;
    %assign/vec4 v0000029DFE89B820_0, 0;
    %jmp T_179.3;
T_179.2 ;
    %load/vec4 v0000029DFE89BE60_0;
    %assign/vec4 v0000029DFE89A740_0, 0;
    %load/vec4 v0000029DFE89C0E0_0;
    %assign/vec4 v0000029DFE89B820_0, 0;
T_179.3 ;
T_179.1 ;
    %jmp T_179;
    .thread T_179;
    .scope S_0000029DFE87E000;
T_180 ;
    %wait E_0000029DFE7ABAA0;
    %load/vec4 v0000029DFE89BF00_0;
    %load/vec4 v0000029DFE89ACE0_0;
    %parti/s 16, 12, 5;
    %add;
    %store/vec4 v0000029DFE89A880_0, 0, 16;
    %jmp T_180;
    .thread T_180, $push;
    .scope S_0000029DFE87F2C0;
T_181 ;
    %wait E_0000029DFE7A6960;
    %load/vec4 v0000029DFE89B960_0;
    %flag_set/vec4 8;
    %jmp/0xz  T_181.0, 8;
    %pushi/vec4 0, 0, 16;
    %assign/vec4 v0000029DFE89B140_0, 0;
    %pushi/vec4 0, 0, 16;
    %assign/vec4 v0000029DFE89BAA0_0, 0;
    %pushi/vec4 0, 0, 16;
    %assign/vec4 v0000029DFE89C680_0, 0;
    %pushi/vec4 0, 0, 16;
    %assign/vec4 v0000029DFE89C720_0, 0;
    %jmp T_181.1;
T_181.0 ;
    %load/vec4 v0000029DFE89B8C0_0;
    %flag_set/vec4 8;
    %jmp/0xz  T_181.2, 8;
    %load/vec4 v0000029DFE89B320_0;
    %assign/vec4 v0000029DFE89B140_0, 0;
    %load/vec4 v0000029DFE89B320_0;
    %assign/vec4 v0000029DFE89BAA0_0, 0;
    %pushi/vec4 0, 0, 16;
    %assign/vec4 v0000029DFE89C680_0, 0;
    %pushi/vec4 0, 0, 16;
    %assign/vec4 v0000029DFE89C720_0, 0;
    %jmp T_181.3;
T_181.2 ;
    %load/vec4 v0000029DFE89ABA0_0;
    %assign/vec4 v0000029DFE89C680_0, 0;
    %load/vec4 v0000029DFE89AB00_0;
    %assign/vec4 v0000029DFE89C720_0, 0;
T_181.3 ;
T_181.1 ;
    %jmp T_181;
    .thread T_181;
    .scope S_0000029DFE87EAF0;
T_182 ;
    %wait E_0000029DFE7AB960;
    %load/vec4 v0000029DFE89BBE0_0;
    %load/vec4 v0000029DFE89AF60_0;
    %parti/s 16, 12, 5;
    %add;
    %store/vec4 v0000029DFE89A9C0_0, 0, 16;
    %jmp T_182;
    .thread T_182, $push;
    .scope S_0000029DFE87E960;
T_183 ;
    %wait E_0000029DFE7A6960;
    %load/vec4 v0000029DFE89B5A0_0;
    %flag_set/vec4 8;
    %jmp/0xz  T_183.0, 8;
    %pushi/vec4 0, 0, 16;
    %assign/vec4 v0000029DFE89C860_0, 0;
    %pushi/vec4 0, 0, 16;
    %assign/vec4 v0000029DFE89BC80_0, 0;
    %pushi/vec4 0, 0, 16;
    %assign/vec4 v0000029DFE89C220_0, 0;
    %pushi/vec4 0, 0, 16;
    %assign/vec4 v0000029DFE89B000_0, 0;
    %jmp T_183.1;
T_183.0 ;
    %load/vec4 v0000029DFE89B3C0_0;
    %flag_set/vec4 8;
    %jmp/0xz  T_183.2, 8;
    %load/vec4 v0000029DFE89B6E0_0;
    %assign/vec4 v0000029DFE89C860_0, 0;
    %load/vec4 v0000029DFE89B6E0_0;
    %assign/vec4 v0000029DFE89BC80_0, 0;
    %pushi/vec4 0, 0, 16;
    %assign/vec4 v0000029DFE89C220_0, 0;
    %pushi/vec4 0, 0, 16;
    %assign/vec4 v0000029DFE89B000_0, 0;
    %jmp T_183.3;
T_183.2 ;
    %load/vec4 v0000029DFE89A920_0;
    %assign/vec4 v0000029DFE89C220_0, 0;
    %load/vec4 v0000029DFE89B460_0;
    %assign/vec4 v0000029DFE89B000_0, 0;
T_183.3 ;
T_183.1 ;
    %jmp T_183;
    .thread T_183;
    .scope S_0000029DFE87F130;
T_184 ;
    %wait E_0000029DFE7AB560;
    %load/vec4 v0000029DFE89BDC0_0;
    %load/vec4 v0000029DFE89A1A0_0;
    %parti/s 16, 12, 5;
    %add;
    %store/vec4 v0000029DFE89C540_0, 0, 16;
    %jmp T_184;
    .thread T_184, $push;
    .scope S_0000029DFE87EFA0;
T_185 ;
    %wait E_0000029DFE7A6960;
    %load/vec4 v0000029DFE89D940_0;
    %flag_set/vec4 8;
    %jmp/0xz  T_185.0, 8;
    %pushi/vec4 0, 0, 16;
    %assign/vec4 v0000029DFE89CFE0_0, 0;
    %pushi/vec4 0, 0, 16;
    %assign/vec4 v0000029DFE89E200_0, 0;
    %pushi/vec4 0, 0, 16;
    %assign/vec4 v0000029DFE89EC00_0, 0;
    %pushi/vec4 0, 0, 16;
    %assign/vec4 v0000029DFE89A380_0, 0;
    %jmp T_185.1;
T_185.0 ;
    %load/vec4 v0000029DFE89CEA0_0;
    %flag_set/vec4 8;
    %jmp/0xz  T_185.2, 8;
    %load/vec4 v0000029DFE89EB60_0;
    %assign/vec4 v0000029DFE89CFE0_0, 0;
    %load/vec4 v0000029DFE89EB60_0;
    %assign/vec4 v0000029DFE89E200_0, 0;
    %pushi/vec4 0, 0, 16;
    %assign/vec4 v0000029DFE89EC00_0, 0;
    %pushi/vec4 0, 0, 16;
    %assign/vec4 v0000029DFE89A380_0, 0;
    %jmp T_185.3;
T_185.2 ;
    %load/vec4 v0000029DFE89E7A0_0;
    %assign/vec4 v0000029DFE89EC00_0, 0;
    %load/vec4 v0000029DFE89DD00_0;
    %assign/vec4 v0000029DFE89A380_0, 0;
T_185.3 ;
T_185.1 ;
    %jmp T_185;
    .thread T_185;
    .scope S_0000029DFE8872E0;
T_186 ;
    %wait E_0000029DFE7AB7E0;
    %load/vec4 v0000029DFE89C900_0;
    %load/vec4 v0000029DFE89E160_0;
    %parti/s 16, 12, 5;
    %add;
    %store/vec4 v0000029DFE89ECA0_0, 0, 16;
    %jmp T_186;
    .thread T_186, $push;
    .scope S_0000029DFE887DD0;
T_187 ;
    %wait E_0000029DFE7A6960;
    %load/vec4 v0000029DFE89D440_0;
    %flag_set/vec4 8;
    %jmp/0xz  T_187.0, 8;
    %pushi/vec4 0, 0, 16;
    %assign/vec4 v0000029DFE89DC60_0, 0;
    %pushi/vec4 0, 0, 16;
    %assign/vec4 v0000029DFE89ED40_0, 0;
    %pushi/vec4 0, 0, 16;
    %assign/vec4 v0000029DFE89DE40_0, 0;
    %pushi/vec4 0, 0, 16;
    %assign/vec4 v0000029DFE89D1C0_0, 0;
    %jmp T_187.1;
T_187.0 ;
    %load/vec4 v0000029DFE89E5C0_0;
    %flag_set/vec4 8;
    %jmp/0xz  T_187.2, 8;
    %load/vec4 v0000029DFE89D760_0;
    %assign/vec4 v0000029DFE89DC60_0, 0;
    %load/vec4 v0000029DFE89D760_0;
    %assign/vec4 v0000029DFE89ED40_0, 0;
    %pushi/vec4 0, 0, 16;
    %assign/vec4 v0000029DFE89DE40_0, 0;
    %pushi/vec4 0, 0, 16;
    %assign/vec4 v0000029DFE89D1C0_0, 0;
    %jmp T_187.3;
T_187.2 ;
    %load/vec4 v0000029DFE89DDA0_0;
    %assign/vec4 v0000029DFE89DE40_0, 0;
    %load/vec4 v0000029DFE89D300_0;
    %assign/vec4 v0000029DFE89D1C0_0, 0;
T_187.3 ;
T_187.1 ;
    %jmp T_187;
    .thread T_187;
    .scope S_0000029DFE884D60;
T_188 ;
    %wait E_0000029DFE7ABEA0;
    %load/vec4 v0000029DFE89CCC0_0;
    %load/vec4 v0000029DFE89CE00_0;
    %parti/s 16, 12, 5;
    %add;
    %store/vec4 v0000029DFE89DBC0_0, 0, 16;
    %jmp T_188;
    .thread T_188, $push;
    .scope S_0000029DFE884590;
T_189 ;
    %wait E_0000029DFE7A6960;
    %load/vec4 v0000029DFE89E700_0;
    %flag_set/vec4 8;
    %jmp/0xz  T_189.0, 8;
    %pushi/vec4 0, 0, 16;
    %assign/vec4 v0000029DFE89D6C0_0, 0;
    %pushi/vec4 0, 0, 16;
    %assign/vec4 v0000029DFE89EF20_0, 0;
    %pushi/vec4 0, 0, 16;
    %assign/vec4 v0000029DFE89EA20_0, 0;
    %pushi/vec4 0, 0, 16;
    %assign/vec4 v0000029DFE89DEE0_0, 0;
    %jmp T_189.1;
T_189.0 ;
    %load/vec4 v0000029DFE89E8E0_0;
    %flag_set/vec4 8;
    %jmp/0xz  T_189.2, 8;
    %load/vec4 v0000029DFE89EE80_0;
    %assign/vec4 v0000029DFE89D6C0_0, 0;
    %load/vec4 v0000029DFE89EE80_0;
    %assign/vec4 v0000029DFE89EF20_0, 0;
    %pushi/vec4 0, 0, 16;
    %assign/vec4 v0000029DFE89EA20_0, 0;
    %pushi/vec4 0, 0, 16;
    %assign/vec4 v0000029DFE89DEE0_0, 0;
    %jmp T_189.3;
T_189.2 ;
    %load/vec4 v0000029DFE89EDE0_0;
    %assign/vec4 v0000029DFE89EA20_0, 0;
    %load/vec4 v0000029DFE89C9A0_0;
    %assign/vec4 v0000029DFE89DEE0_0, 0;
T_189.3 ;
T_189.1 ;
    %jmp T_189;
    .thread T_189;
    .scope S_0000029DFE885D00;
T_190 ;
    %wait E_0000029DFE7AB5E0;
    %load/vec4 v0000029DFE89E2A0_0;
    %load/vec4 v0000029DFE89E020_0;
    %parti/s 16, 12, 5;
    %add;
    %store/vec4 v0000029DFE89E660_0, 0, 16;
    %jmp T_190;
    .thread T_190, $push;
    .scope S_0000029DFE887C40;
T_191 ;
    %wait E_0000029DFE7A6960;
    %load/vec4 v0000029DFE89E520_0;
    %flag_set/vec4 8;
    %jmp/0xz  T_191.0, 8;
    %pushi/vec4 0, 0, 16;
    %assign/vec4 v0000029DFE89E980_0, 0;
    %pushi/vec4 0, 0, 16;
    %assign/vec4 v0000029DFE89CB80_0, 0;
    %pushi/vec4 0, 0, 16;
    %assign/vec4 v0000029DFE89D4E0_0, 0;
    %pushi/vec4 0, 0, 16;
    %assign/vec4 v0000029DFE89E0C0_0, 0;
    %jmp T_191.1;
T_191.0 ;
    %load/vec4 v0000029DFE89D580_0;
    %flag_set/vec4 8;
    %jmp/0xz  T_191.2, 8;
    %load/vec4 v0000029DFE89CAE0_0;
    %assign/vec4 v0000029DFE89E980_0, 0;
    %load/vec4 v0000029DFE89CAE0_0;
    %assign/vec4 v0000029DFE89CB80_0, 0;
    %pushi/vec4 0, 0, 16;
    %assign/vec4 v0000029DFE89D4E0_0, 0;
    %pushi/vec4 0, 0, 16;
    %assign/vec4 v0000029DFE89E0C0_0, 0;
    %jmp T_191.3;
T_191.2 ;
    %load/vec4 v0000029DFE89CA40_0;
    %assign/vec4 v0000029DFE89D4E0_0, 0;
    %load/vec4 v0000029DFE89E480_0;
    %assign/vec4 v0000029DFE89E0C0_0, 0;
T_191.3 ;
T_191.1 ;
    %jmp T_191;
    .thread T_191;
    .scope S_0000029DFE7BEA70;
T_192 ;
    %pushi/vec4 0, 0, 32;
    %store/vec4 v0000029DFE89F7E0_0, 0, 32;
    %end;
    .thread T_192;
    .scope S_0000029DFE7BEA70;
T_193 ;
    %pushi/vec4 0, 0, 1;
    %store/vec4 v0000029DFE89F9C0_0, 0, 1;
T_193.0 ;
    %delay 5000, 0;
    %load/vec4 v0000029DFE89F9C0_0;
    %inv;
    %store/vec4 v0000029DFE89F9C0_0, 0, 1;
    %jmp T_193.0;
T_193.1 ;
    %end;
    .thread T_193;
    .scope S_0000029DFE7BEA70;
T_194 ;
    %vpi_call 2 39 "$dumpfile", "tb_array_l2.vcd" {0 0 0};
    %vpi_call 2 40 "$dumpvars", 32'sb00000000000000000000000000000000, S_0000029DFE7BEA70 {0 0 0};
    %vpi_call 2 42 "$readmemh", "layer2_weights.hex", v0000029DFE89F240 {0 0 0};
    %vpi_call 2 43 "$readmemh", "layer2_input.hex", v0000029DFE89FB00 {0 0 0};
    %vpi_call 2 44 "$readmemh", "layer2_expected_outs.hex", v0000029DFE89FC40 {0 0 0};
    %pushi/vec4 1, 0, 1;
    %store/vec4 v0000029DFE89FF60_0, 0, 1;
    %pushi/vec4 0, 0, 1;
    %store/vec4 v0000029DFE89FCE0_0, 0, 1;
    %pushi/vec4 0, 0, 96;
    %store/vec4 v0000029DFE89F1A0_0, 0, 96;
    %pushi/vec4 0, 0, 256;
    %store/vec4 v0000029DFE89F920_0, 0, 256;
    %vpi_call 2 51 "$display", "----------------------------------------" {0 0 0};
    %vpi_call 2 52 "$display", "Starting Layer 2 Systolic Array Test (%0dx%0d)...", P_0000029DFE7B6970, P_0000029DFE7B6900 {0 0 0};
    %vpi_call 2 53 "$display", "----------------------------------------" {0 0 0};
    %wait E_0000029DFE7A65A0;
    %pushi/vec4 0, 0, 1;
    %store/vec4 v0000029DFE89FF60_0, 0, 1;
    %pushi/vec4 1, 0, 1;
    %store/vec4 v0000029DFE89FCE0_0, 0, 1;
    %pushi/vec4 15, 0, 32;
    %store/vec4 v0000029DFE89F740_0, 0, 32;
T_194.0 ; Top of for-loop
    %load/vec4 v0000029DFE89F740_0;
    %cmpi/s 0, 0, 32;
    %flag_inv 5; GE is !LT
	  %jmp/0xz T_194.1, 5;
    %pushi/vec4 0, 0, 32;
    %store/vec4 v0000029DFE89FD80_0, 0, 32;
T_194.3 ; Top of for-loop
    %load/vec4 v0000029DFE89FD80_0;
    %cmpi/s 6, 0, 32;
	  %jmp/0xz T_194.4, 5;
    %load/vec4 v0000029DFE89FD80_0;
    %muli 16, 0, 32;
    %load/vec4 v0000029DFE89F740_0;
    %add;
    %ix/vec4/s 4;
    %load/vec4a v0000029DFE89F240, 4;
    %load/vec4 v0000029DFE89FD80_0;
    %muli 16, 0, 32;
    %ix/vec4/s 4;
    %store/vec4 v0000029DFE89F1A0_0, 4, 16;
T_194.5 ; for-loop step statement
    %load/vec4 v0000029DFE89FD80_0;
    %addi 1, 0, 32;
    %store/vec4 v0000029DFE89FD80_0, 0, 32;
    %jmp T_194.3;
T_194.4 ; for-loop exit label
    %wait E_0000029DFE7A65A0;
T_194.2 ; for-loop step statement
    %load/vec4 v0000029DFE89F740_0;
    %subi 1, 0, 32;
    %store/vec4 v0000029DFE89F740_0, 0, 32;
    %jmp T_194.0;
T_194.1 ; for-loop exit label
    %pushi/vec4 0, 0, 1;
    %store/vec4 v0000029DFE89FCE0_0, 0, 1;
    %pushi/vec4 0, 0, 96;
    %store/vec4 v0000029DFE89F1A0_0, 0, 96;
    %vpi_call 2 71 "$display", "Load phase complete at cycle count matching LOAD_CYCLES=%0d", P_0000029DFE7B6938 {0 0 0};
    %pushi/vec4 0, 0, 32;
    %store/vec4 v0000029DFE89F740_0, 0, 32;
T_194.6 ; Top of for-loop
    %load/vec4 v0000029DFE89F740_0;
    %cmpi/s 16, 0, 32;
	  %jmp/0xz T_194.7, 5;
    %ix/getv/s 4, v0000029DFE89F740_0;
    %load/vec4a v0000029DFE89FB00, 4;
    %load/vec4 v0000029DFE89F740_0;
    %muli 16, 0, 32;
    %ix/vec4/s 4;
    %store/vec4 v0000029DFE89F920_0, 4, 16;
T_194.8 ; for-loop step statement
    %load/vec4 v0000029DFE89F740_0;
    %addi 1, 0, 32;
    %store/vec4 v0000029DFE89F740_0, 0, 32;
    %jmp T_194.6;
T_194.7 ; for-loop exit label
    %wait E_0000029DFE7A65A0;
    %pushi/vec4 0, 0, 32;
    %store/vec4 v0000029DFE89F880_0, 0, 32;
    %pushi/vec4 0, 0, 32;
    %store/vec4 v0000029DFE89FD80_0, 0, 32;
T_194.9 ; Top of for-loop
    %load/vec4 v0000029DFE89FD80_0;
    %cmpi/s 6, 0, 32;
	  %jmp/0xz T_194.10, 5;
    %load/vec4 v0000029DFE89FD80_0;
    %addi 17, 0, 32;
    %load/vec4 v0000029DFE89F880_0;
    %sub;
    %store/vec4 v0000029DFE89F2E0_0, 0, 32;
    %load/vec4 v0000029DFE89F2E0_0;
    %cmpi/s 0, 0, 32;
    %flag_or 5, 4; GT is !LE
    %flag_inv 5;
    %jmp/0xz  T_194.12, 5;
    %load/vec4 v0000029DFE89F2E0_0;
T_194.14 %dup/vec4;
    %cmpi/s 0, 0, 32;
    %jmp/1xz T_194.15, 5;
    %jmp/1 T_194.15, 4;
    %subi 1, 0, 32;
    %wait E_0000029DFE7A65A0;
    %jmp T_194.14;
T_194.15 ;
    %pop/vec4 1;
T_194.12 ;
    %load/vec4 v0000029DFE89F880_0;
    %load/vec4 v0000029DFE89F2E0_0;
    %cmpi/s 0, 0, 32;
    %flag_or 5, 4; GT is !LE
    %flag_inv 5;
    %flag_mov 8, 5;
    %jmp/0 T_194.16, 8;
    %load/vec4 v0000029DFE89F2E0_0;
    %jmp/1 T_194.17, 8;
T_194.16 ; End of true expr.
    %pushi/vec4 0, 0, 32;
    %jmp/0 T_194.17, 8;
 ; End of false expr.
    %blend;
T_194.17;
    %add;
    %store/vec4 v0000029DFE89F880_0, 0, 32;
    %load/vec4 v0000029DFE89FA60_0;
    %load/vec4 v0000029DFE89FD80_0;
    %muli 16, 0, 32;
    %part/s 16;
    %ix/getv/s 4, v0000029DFE89FD80_0;
    %load/vec4a v0000029DFE89FC40, 4;
    %cmp/ne;
    %jmp/0xz  T_194.18, 6;
    %load/vec4 v0000029DFE89FA60_0;
    %load/vec4 v0000029DFE89FD80_0;
    %muli 16, 0, 32;
    %part/s 16;
    %vpi_call 2 90 "$display", "FAIL row %0d: Expected %h, Got %h", v0000029DFE89FD80_0, &A<v0000029DFE89FC40, v0000029DFE89FD80_0 >, S<0,vec4,u16> {1 0 0};
    %load/vec4 v0000029DFE89F7E0_0;
    %addi 1, 0, 32;
    %store/vec4 v0000029DFE89F7E0_0, 0, 32;
    %jmp T_194.19;
T_194.18 ;
    %load/vec4 v0000029DFE89FA60_0;
    %load/vec4 v0000029DFE89FD80_0;
    %muli 16, 0, 32;
    %part/s 16;
    %vpi_call 2 93 "$display", "PASS row %0d: %h", v0000029DFE89FD80_0, S<0,vec4,u16> {1 0 0};
T_194.19 ;
T_194.11 ; for-loop step statement
    %load/vec4 v0000029DFE89FD80_0;
    %addi 1, 0, 32;
    %store/vec4 v0000029DFE89FD80_0, 0, 32;
    %jmp T_194.9;
T_194.10 ; for-loop exit label
    %vpi_call 2 97 "$display", "----------------------------------------" {0 0 0};
    %load/vec4 v0000029DFE89F7E0_0;
    %cmpi/e 0, 0, 32;
    %jmp/0xz  T_194.20, 4;
    %vpi_call 2 99 "$display", "PASS: All %0d rows matched expected output!", P_0000029DFE7B6970 {0 0 0};
    %jmp T_194.21;
T_194.20 ;
    %vpi_call 2 101 "$display", "FAIL: %0d row(s) mismatched.", v0000029DFE89F7E0_0 {0 0 0};
T_194.21 ;
    %vpi_call 2 102 "$display", "----------------------------------------" {0 0 0};
    %vpi_call 2 104 "$finish" {0 0 0};
    %end;
    .thread T_194;
# The file index is used to find the file name in the following table.
:file_names 6;
    "N/A";
    "<interactive>";
    "tb_systolic_array_l2.v";
    "systolic_array.v";
    "systolic_pe.v";
    "mac_q4_12.v";
